#
# There is insufficient memory for the Java Runtime Environment to continue.
# Native memory allocation (mmap) failed to map 2097152 bytes for G1 virtual space
# Possible reasons:
#   The system is out of physical RAM or swap space
#   The process is running with CompressedOops enabled, and the Java Heap may be blocking the growth of the native heap
# Possible solutions:
#   Reduce memory load on the system
#   Increase physical memory or swap space
#   Check if swap backing store is full
#   Decrease Java heap size (-Xmx/-Xms)
#   Decrease number of Java threads
#   Decrease Java thread stack sizes (-Xss)
#   Set larger code cache with -XX:ReservedCodeCacheSize=
#   JVM is running with Zero Based Compressed Oops mode in which the Java heap is
#     placed in the first 32GB address space. The Java Heap base address is the
#     maximum limit for the native heap growth. Please use -XX:HeapBaseMinAddress
#     to set the Java Heap base and to place the Java Heap above 32GB virtual address.
# This output file may be truncated or incomplete.
#
#  Out of Memory Error (os_windows.cpp:3548), pid=22464, tid=8656
#
# JRE version: Java(TM) SE Runtime Environment (17.0.12+8) (build 17.0.12+8-LTS-286)
# Java VM: Java HotSpot(TM) 64-Bit Server VM (17.0.12+8-LTS-286, mixed mode, sharing, tiered, compressed oops, compressed class ptrs, g1 gc, windows-amd64)
# No core dump will be written. Minidumps are not enabled by default on client versions of Windows
#

---------------  S U M M A R Y ------------

Command Line: --add-opens=java.base/java.util=ALL-UNNAMED --add-opens=java.base/java.lang=ALL-UNNAMED --add-opens=java.base/java.lang.invoke=ALL-UNNAMED --add-opens=java.prefs/java.util.prefs=ALL-UNNAMED --add-exports=jdk.compiler/com.sun.tools.javac.api=ALL-UNNAMED --add-exports=jdk.compiler/com.sun.tools.javac.util=ALL-UNNAMED --add-opens=java.base/java.nio.charset=ALL-UNNAMED --add-opens=java.base/java.net=ALL-UNNAMED --add-opens=java.base/java.util.concurrent.atomic=ALL-UNNAMED -Xmx4096m -Dfile.encoding=UTF-8 -Duser.country=IN -Duser.language=en -Duser.variant -javaagent:C:\Users\GRIEESH\.gradle\wrapper\dists\gradle-8.10.2-all\7iv73wktx1xtkvlq19urqw1wm\gradle-8.10.2\lib\agents\gradle-instrumentation-agent-8.10.2.jar org.gradle.launcher.daemon.bootstrap.GradleDaemon 8.10.2

Host: 11th Gen Intel(R) Core(TM) i5-1155G7 @ 2.50GHz, 8 cores, 7G,  Windows 11 , 64 bit Build 26100 (10.0.26100.9549)
Time: Sat Oct  3 12:55:52 2026 India Standard Time elapsed time: 5293.117018 seconds (0d 1h 28m 13s)

---------------  T H R E A D  ---------------

Current thread (0x0000021157008f60):  JavaThread "Unconstrained build operations Thread 27" [_thread_in_vm, id=8656, stack(0x0000007dbe600000,0x0000007dbe700000)]

Stack: [0x0000007dbe600000,0x0000007dbe700000]
Native frames: (J=compiled Java code, j=interpreted, Vv=VM code, C=native code)
V  [jvm.dll+0x67a04a]
V  [jvm.dll+0x7da4ed]
V  [jvm.dll+0x7dbe33]
V  [jvm.dll+0x7dc4a3]
V  [jvm.dll+0x24508f]
V  [jvm.dll+0x677089]
V  [jvm.dll+0x66bd32]
V  [jvm.dll+0x301fa6]
V  [jvm.dll+0x309546]
V  [jvm.dll+0x359a0b]
V  [jvm.dll+0x35a044]
V  [jvm.dll+0x359bf6]
V  [jvm.dll+0x2d95b4]
V  [jvm.dll+0x2d5686]
V  [jvm.dll+0x60f093]
V  [jvm.dll+0x20e515]
V  [jvm.dll+0x7a4f56]
V  [jvm.dll+0x6d62b1]
C  0x000002110762ea29

Java frames: (J=compiled Java code, j=interpreted, Vv=VM code)
v  ~RuntimeStub::_new_array_nozero_Java
J 34106 c2 kotlin.io.ByteStreamsKt.copyTo(Ljava/io/InputStream;Ljava/io/OutputStream;I)J (60 bytes) @ 0x00000211095d2d18 [0x00000211095d2060+0x0000000000000cb8]
J 34207 c2 com.android.tools.build.jetifier.processor.archive.Archive$Builder.extractFile(Ljava/util/zip/ZipInputStream;Ljava/nio/file/Path;Ljava/nio/file/attribute/FileTime;)Lcom/android/tools/build/jetifier/processor/archive/ArchiveFile; (39 bytes) @ 0x00000211085ec0bc [0x00000211085ebee0+0x00000000000001dc]
J 34117 c1 com.android.tools.build.jetifier.processor.archive.Archive$Builder.extractArchive(Ljava/io/InputStream;Ljava/nio/file/Path;ZLjava/nio/file/attribute/FileTime;)Lcom/android/tools/build/jetifier/processor/archive/Archive; (187 bytes) @ 0x0000021103303c74 [0x0000021103303180+0x0000000000000af4]
j  com.android.tools.build.jetifier.processor.archive.Archive$Builder.extract(Ljava/io/File;Z)Lcom/android/tools/build/jetifier/processor/archive/Archive;+94
j  com.android.tools.build.jetifier.processor.archive.Archive$Builder.extract$default(Lcom/android/tools/build/jetifier/processor/archive/Archive$Builder;Ljava/io/File;ZILjava/lang/Object;)Lcom/android/tools/build/jetifier/processor/archive/Archive;+11
j  com.android.tools.build.jetifier.processor.Processor.loadLibraries(Ljava/lang/Iterable;)Ljava/util/Set;+98
j  com.android.tools.build.jetifier.processor.Processor.transform2(Ljava/util/Set;ZZ)Lcom/android/tools/build/jetifier/processor/TransformationResult;+372
j  com.android.build.gradle.internal.dependency.JetifyTransform.transform(Lorg/gradle/api/artifacts/transform/TransformOutputs;)V+369
J 19326 c1 org.gradle.api.internal.artifacts.transform.DefaultTransform.transform(Lorg/gradle/api/provider/Provider;Ljava/io/File;Lorg/gradle/api/internal/artifacts/transform/TransformDependencies;Lorg/gradle/work/InputChanges;)Lorg/gradle/api/internal/artifacts/transform/TransformExecutionResult; (53 bytes) @ 0x000002110024700c [0x0000021100246b80+0x000000000000048c]
J 19143 c1 org.gradle.api.internal.artifacts.transform.AbstractTransformExecution$2.call(Lorg/gradle/internal/operations/BuildOperationContext;)Lorg/gradle/api/internal/artifacts/transform/TransformExecutionResult; (110 bytes) @ 0x0000021100e92c44 [0x0000021100e92440+0x0000000000000804]
J 29472 c1 org.gradle.api.internal.artifacts.transform.AbstractTransformExecution$2.call(Lorg/gradle/internal/operations/BuildOperationContext;)Ljava/lang/Object; (6 bytes) @ 0x0000021100341f44 [0x0000021100341ec0+0x0000000000000084]
J 24595 c2 org.gradle.internal.operations.DefaultBuildOperationRunner$CallableBuildOperationWorker.execute(Lorg/gradle/internal/operations/BuildOperation;Lorg/gradle/internal/operations/BuildOperationContext;)V (10 bytes) @ 0x000002110876cb8c [0x000002110876cb20+0x000000000000006c]
J 19249 c2 org.gradle.internal.operations.DefaultBuildOperationRunner$2.execute(Lorg/gradle/internal/operations/BuildOperationDescriptor;Lorg/gradle/internal/operations/BuildOperationState;Lorg/gradle/internal/operations/BuildOperationState;Lorg/gradle/internal/operations/DefaultBuildOperationRunner$ReadableBuildOperationContext;Lorg/gradle/internal/operations/DefaultBuildOperationRunner$BuildOperationExecutionListener;)Lorg/gradle/internal/operations/BuildOperation; (110 bytes) @ 0x0000021108631b44 [0x00000211086306e0+0x0000000000001464]
J 19352 c2 org.gradle.internal.operations.DefaultBuildOperationRunner.call(Lorg/gradle/internal/operations/CallableBuildOperation;)Ljava/lang/Object; (24 bytes) @ 0x000002110866ed08 [0x000002110866e3e0+0x0000000000000928]
J 29480 c1 org.gradle.api.internal.artifacts.transform.AbstractTransformExecution.executeWithinTransformerListener(Lorg/gradle/internal/execution/UnitOfWork$ExecutionRequest;)Lorg/gradle/internal/execution/UnitOfWork$WorkOutput; (32 bytes) @ 0x000002110013e4f4 [0x000002110013e300+0x00000000000001f4]
J 29481 c1 org.gradle.api.internal.artifacts.transform.AbstractTransformExecution.execute(Lorg/gradle/internal/execution/UnitOfWork$ExecutionRequest;)Lorg/gradle/internal/execution/UnitOfWork$WorkOutput; (62 bytes) @ 0x00000211010d5eb4 [0x00000211010d5d60+0x0000000000000154]
J 19093 c1 org.gradle.internal.execution.steps.ExecuteStep.executeInternal(Lorg/gradle/internal/execution/UnitOfWork;Lorg/gradle/internal/execution/steps/InputChangesContext;)Lorg/gradle/internal/execution/steps/Result; (78 bytes) @ 0x0000021101dacb3c [0x0000021101dac6c0+0x000000000000047c]
J 29438 c1 org.gradle.internal.execution.steps.ExecuteStep$1.call(Lorg/gradle/internal/operations/BuildOperationContext;)Ljava/lang/Object; (6 bytes) @ 0x0000021100208aec [0x00000211002089e0+0x000000000000010c]
J 24595 c2 org.gradle.internal.operations.DefaultBuildOperationRunner$CallableBuildOperationWorker.execute(Lorg/gradle/internal/operations/BuildOperation;Lorg/gradle/internal/operations/BuildOperationContext;)V (10 bytes) @ 0x000002110876cb8c [0x000002110876cb20+0x000000000000006c]
J 19249 c2 org.gradle.internal.operations.DefaultBuildOperationRunner$2.execute(Lorg/gradle/internal/operations/BuildOperationDescriptor;Lorg/gradle/internal/operations/BuildOperationState;Lorg/gradle/internal/operations/BuildOperationState;Lorg/gradle/internal/operations/DefaultBuildOperationRunner$ReadableBuildOperationContext;Lorg/gradle/internal/operations/DefaultBuildOperationRunner$BuildOperationExecutionListener;)Lorg/gradle/internal/operations/BuildOperation; (110 bytes) @ 0x0000021108631b44 [0x00000211086306e0+0x0000000000001464]
J 19352 c2 org.gradle.internal.operations.DefaultBuildOperationRunner.call(Lorg/gradle/internal/operations/CallableBuildOperation;)Ljava/lang/Object; (24 bytes) @ 0x000002110866ed08 [0x000002110866e3e0+0x0000000000000928]
J 19283 c1 org.gradle.internal.execution.steps.ExecuteStep.execute(Lorg/gradle/internal/execution/UnitOfWork;Lorg/gradle/internal/execution/steps/ChangingOutputsContext;)Lorg/gradle/internal/execution/steps/Result; (37 bytes) @ 0x0000021101d14fa4 [0x0000021101d14c60+0x0000000000000344]
J 19086 c1 org.gradle.internal.execution.steps.ExecuteStep.execute(Lorg/gradle/internal/execution/UnitOfWork;Lorg/gradle/internal/execution/steps/Context;)Lorg/gradle/internal/execution/steps/Result; (10 bytes) @ 0x0000021100e98934 [0x0000021100e987c0+0x0000000000000174]
J 19084 c1 org.gradle.internal.execution.steps.CancelExecutionStep.execute(Lorg/gradle/internal/execution/UnitOfWork;Lorg/gradle/internal/execution/steps/Context;)Lorg/gradle/internal/execution/steps/Result; (168 bytes) @ 0x0000021101a07454 [0x0000021101a06de0+0x0000000000000674]
J 29428 c1 org.gradle.internal.execution.steps.TimeoutStep.execute(Lorg/gradle/internal/execution/UnitOfWork;Lorg/gradle/internal/execution/steps/Context;)Lorg/gradle/internal/execution/steps/Result; (96 bytes) @ 0x0000021100d4f614 [0x0000021100d4e9c0+0x0000000000000c54]
J 19281 c1 org.gradle.internal.execution.steps.PreCreateOutputParentsStep.execute(Lorg/gradle/internal/execution/UnitOfWork;Lorg/gradle/internal/execution/steps/ChangingOutputsContext;)Lorg/gradle/internal/execution/steps/Result; (30 bytes) @ 0x0000021101d22edc [0x0000021101d22b60+0x000000000000037c]
J 19280 c1 org.gradle.internal.execution.steps.PreCreateOutputParentsStep.execute(Lorg/gradle/internal/execution/UnitOfWork;Lorg/gradle/internal/execution/steps/Context;)Lorg/gradle/internal/execution/steps/Result; (10 bytes) @ 0x0000021101e1faa4 [0x0000021101e1f940+0x0000000000000164]
J 24644 c1 org.gradle.internal.execution.steps.BroadcastChangingOutputsStep.execute(Lorg/gradle/internal/execution/UnitOfWork;Lorg/gradle/internal/execution/steps/InputChangesContext;)Lorg/gradle/internal/execution/steps/Result; (90 bytes) @ 0x00000211001d066c [0x00000211001cf3c0+0x00000000000012ac]
J 19303 c1 org.gradle.internal.execution.steps.BroadcastChangingOutputsStep.execute(Lorg/gradle/internal/execution/UnitOfWork;Lorg/gradle/internal/execution/steps/Context;)Lorg/gradle/internal/execution/steps/Result; (10 bytes) @ 0x0000021101eb4124 [0x0000021101eb3fc0+0x0000000000000164]
J 29654 c1 org.gradle.internal.execution.steps.NoInputChangesStep.execute(Lorg/gradle/internal/execution/UnitOfWork;Lorg/gradle/internal/execution/steps/ValidationFinishedContext;)Lorg/gradle/internal/execution/steps/Result; (29 bytes) @ 0x0000021100006f74 [0x0000021100006320+0x0000000000000c54]
J 29464 c1 org.gradle.internal.execution.steps.NoInputChangesStep.execute(Lorg/gradle/internal/execution/UnitOfWork;Lorg/gradle/internal/execution/steps/Context;)Lorg/gradle/internal/execution/steps/Result; (10 bytes) @ 0x0000021100def5b4 [0x0000021100def440+0x0000000000000174]
J 24643 c1 org.gradle.internal.execution.steps.CaptureOutputsAfterExecutionStep.execute(Lorg/gradle/internal/execution/UnitOfWork;Lorg/gradle/internal/execution/steps/WorkspaceContext;)Lorg/gradle/internal/execution/steps/AfterExecutionResult; (56 bytes) @ 0x00000211000367d4 [0x00000211000366a0+0x0000000000000134]
J 19309 c1 org.gradle.internal.execution.steps.CaptureOutputsAfterExecutionStep.execute(Lorg/gradle/internal/execution/UnitOfWork;Lorg/gradle/internal/execution/steps/Context;)Lorg/gradle/internal/execution/steps/Result; (10 bytes) @ 0x0000021100d91b24 [0x0000021100d919c0+0x0000000000000164]
J 19308 c1 org.gradle.internal.execution.steps.BuildCacheStep$$Lambda$593+0x00000211104ad830.apply(Ljava/lang/Object;)Ljava/lang/Object; (20 bytes) @ 0x0000021100d920fc [0x0000021100d91e60+0x000000000000029c]
J 19277 c1 org.gradle.internal.execution.steps.BuildCacheStep.execute(Lorg/gradle/internal/execution/UnitOfWork;Lorg/gradle/internal/execution/steps/WorkspaceContext;)Lorg/gradle/internal/execution/steps/AfterExecutionResult; (32 bytes) @ 0x0000021101e1dc6c [0x0000021101e1d140+0x0000000000000b2c]
J 19302 c1 org.gradle.internal.execution.steps.BuildCacheStep.execute(Lorg/gradle/internal/execution/UnitOfWork;Lorg/gradle/internal/execution/steps/Context;)Lorg/gradle/internal/execution/steps/Result; (10 bytes) @ 0x0000021101eb45a4 [0x0000021101eb4440+0x0000000000000164]
J 29455 c1 org.gradle.internal.execution.steps.NeverUpToDateStep.execute(Lorg/gradle/internal/execution/UnitOfWork;Lorg/gradle/internal/execution/steps/NonIncrementalCachingContext;)Lorg/gradle/internal/execution/steps/UpToDateResult; (27 bytes) @ 0x0000021100709f6c [0x0000021100709e60+0x000000000000010c]
J 29456 c1 org.gradle.internal.execution.steps.NeverUpToDateStep.execute(Lorg/gradle/internal/execution/UnitOfWork;Lorg/gradle/internal/execution/steps/Context;)Lorg/gradle/internal/execution/steps/Result; (10 bytes) @ 0x0000021100b7d834 [0x0000021100b7d6c0+0x0000000000000174]
J 19305 c1 org.gradle.internal.execution.steps.legacy.MarkSnapshottingInputsFinishedStep.execute(Lorg/gradle/internal/execution/UnitOfWork;Lorg/gradle/internal/execution/steps/Context;)Lorg/gradle/internal/execution/steps/Result; (10 bytes) @ 0x0000021101ab5ccc [0x0000021101ab58e0+0x00000000000003ec]
J 29460 c1 org.gradle.internal.execution.steps.ResolveNonIncrementalCachingStateStep.executeDelegate(Lorg/gradle/internal/execution/UnitOfWork;Lorg/gradle/internal/execution/steps/ValidationFinishedContext;Lorg/gradle/internal/execution/caching/CachingState;)Lorg/gradle/internal/execution/steps/UpToDateResult; (23 bytes) @ 0x00000211018e87ec [0x00000211018e7d80+0x0000000000000a6c]
J 19290 c1 org.gradle.internal.execution.steps.AbstractResolveCachingStateStep.execute(Lorg/gradle/internal/execution/UnitOfWork;Lorg/gradle/internal/execution/steps/ValidationFinishedContext;)Lorg/gradle/internal/execution/steps/CachingResult; (67 bytes) @ 0x0000021101da8eac [0x0000021101da73a0+0x0000000000001b0c]
J 19298 c1 org.gradle.internal.execution.steps.AbstractResolveCachingStateStep.execute(Lorg/gradle/internal/execution/UnitOfWork;Lorg/gradle/internal/execution/steps/Context;)Lorg/gradle/internal/execution/steps/Result; (10 bytes) @ 0x0000021100e69724 [0x0000021100e69540+0x00000000000001e4]
J 19296 c1 org.gradle.internal.execution.steps.ValidateStep.execute(Lorg/gradle/internal/execution/UnitOfWork;Lorg/gradle/internal/execution/steps/BeforeExecutionContext;)Lorg/gradle/internal/execution/steps/Result; (261 bytes) @ 0x00000211009f7774 [0x00000211009f3f80+0x00000000000037f4]
J 19087 c1 org.gradle.internal.execution.steps.ValidateStep.execute(Lorg/gradle/internal/execution/UnitOfWork;Lorg/gradle/internal/execution/steps/Context;)Lorg/gradle/internal/execution/steps/Result; (10 bytes) @ 0x0000021101e1c934 [0x0000021101e1c7c0+0x0000000000000174]
J 19080 c1 org.gradle.internal.execution.steps.AbstractCaptureStateBeforeExecutionStep.execute(Lorg/gradle/internal/execution/UnitOfWork;Lorg/gradle/internal/execution/steps/PreviousExecutionContext;)Lorg/gradle/internal/execution/steps/CachingResult; (41 bytes) @ 0x0000021100604bc4 [0x0000021100604360+0x0000000000000864]
J 19079 c1 org.gradle.internal.execution.steps.AbstractCaptureStateBeforeExecutionStep.execute(Lorg/gradle/internal/execution/UnitOfWork;Lorg/gradle/internal/execution/steps/Context;)Lorg/gradle/internal/execution/steps/Result; (10 bytes) @ 0x0000021101afbe24 [0x0000021101afbc40+0x00000000000001e4]
J 29417 c2 org.gradle.internal.execution.steps.legacy.MarkSnapshottingInputsStartedStep.execute(Lorg/gradle/internal/execution/UnitOfWork;Lorg/gradle/internal/execution/steps/Context;)Lorg/gradle/internal/execution/steps/Result; (37 bytes) @ 0x0000021108e98f10 [0x0000021108e98ea0+0x0000000000000070]
J 29667 c1 org.gradle.internal.execution.steps.AssignImmutableWorkspaceStep.lambda$executeInTemporaryWorkspace$3(Lorg/gradle/internal/execution/steps/IdentityContext;Lorg/gradle/internal/execution/UnitOfWork;Lorg/gradle/internal/execution/workspace/ImmutableWorkspaceProvider$ImmutableWorkspace;Ljava/io/File;)Lorg/gradle/internal/execution/steps/WorkspaceResult; (158 bytes) @ 0x0000021102547034 [0x0000021102545aa0+0x0000000000001594]
J 29436 c1 org.gradle.internal.execution.steps.AssignImmutableWorkspaceStep$$Lambda$555+0x000002111049e3f8.executeInTemporaryWorkspace(Ljava/io/File;)Ljava/lang/Object; (21 bytes) @ 0x000002110010845c [0x00000211001083c0+0x000000000000009c]
J 29650 c1 org.gradle.internal.execution.workspace.impl.CacheBasedImmutableWorkspaceProvider$1.withTemporaryWorkspace(Lorg/gradle/internal/execution/workspace/ImmutableWorkspaceProvider$ImmutableWorkspace$TemporaryWorkspaceAction;)Ljava/lang/Object; (53 bytes) @ 0x00000211005664bc [0x0000021100565ea0+0x000000000000061c]
J 30157 c2 org.gradle.internal.execution.steps.ChoosePipelineStep.execute(Lorg/gradle/internal/execution/UnitOfWork;Lorg/gradle/internal/execution/steps/Context;)Lorg/gradle/internal/execution/steps/Result; (10 bytes) @ 0x0000021109146f80 [0x0000021109146880+0x0000000000000700]
J 33417 c2 org.gradle.internal.execution.steps.ExecuteWorkBuildOperationFiringStep$$Lambda$1115+0x00000211107a4000.apply(Ljava/lang/Object;)Ljava/lang/Object; (20 bytes) @ 0x00000211093a885c [0x00000211093a87e0+0x000000000000007c]
J 26338 c2 org.gradle.internal.execution.steps.BuildOperationStep$1.call(Lorg/gradle/internal/operations/BuildOperationContext;)Ljava/lang/Object; (11 bytes) @ 0x0000021108d3d848 [0x0000021108d3d800+0x0000000000000048]
J 24595 c2 org.gradle.internal.operations.DefaultBuildOperationRunner$CallableBuildOperationWorker.execute(Lorg/gradle/internal/operations/BuildOperation;Lorg/gradle/internal/operations/BuildOperationContext;)V (10 bytes) @ 0x000002110876cb8c [0x000002110876cb20+0x000000000000006c]
J 19249 c2 org.gradle.internal.operations.DefaultBuildOperationRunner$2.execute(Lorg/gradle/internal/operations/BuildOperationDescriptor;Lorg/gradle/internal/operations/BuildOperationState;Lorg/gradle/internal/operations/BuildOperationState;Lorg/gradle/internal/operations/DefaultBuildOperationRunner$ReadableBuildOperationContext;Lorg/gradle/internal/operations/DefaultBuildOperationRunner$BuildOperationExecutionListener;)Lorg/gradle/internal/operations/BuildOperation; (110 bytes) @ 0x0000021108631b44 [0x00000211086306e0+0x0000000000001464]
J 19352 c2 org.gradle.internal.operations.DefaultBuildOperationRunner.call(Lorg/gradle/internal/operations/CallableBuildOperation;)Ljava/lang/Object; (24 bytes) @ 0x000002110866ed08 [0x000002110866e3e0+0x0000000000000928]
J 33776 c2 org.gradle.internal.execution.steps.ExecuteWorkBuildOperationFiringStep$$Lambda$527+0x000002111048c850.apply(Ljava/lang/Object;)Ljava/lang/Object; (20 bytes) @ 0x0000021109495eb4 [0x0000021109495be0+0x00000000000002d4]
J 14443 c1 org.gradle.internal.execution.steps.ExecuteWorkBuildOperationFiringStep.execute(Lorg/gradle/internal/execution/UnitOfWork;Lorg/gradle/internal/execution/steps/Context;)Lorg/gradle/internal/execution/steps/Result; (10 bytes) @ 0x00000211016b1f04 [0x00000211016b1640+0x00000000000008c4]
J 17374 c1 org.gradle.internal.execution.steps.IdentityCacheStep.executeInCache(Lorg/gradle/internal/execution/UnitOfWork;Lorg/gradle/internal/execution/steps/IdentityContext;)Lorg/gradle/internal/execution/ExecutionEngine$IdentityCacheResult; (45 bytes) @ 0x0000021100a1a29c [0x0000021100a1a140+0x000000000000015c]
J 17417 c1 org.gradle.internal.execution.steps.IdentityCacheStep$$Lambda$1114+0x000002111079fd00.get()Ljava/lang/Object; (16 bytes) @ 0x0000021101312b94 [0x0000021101312ac0+0x00000000000000d4]
J 30149 c2 org.gradle.cache.Cache$$Lambda$79+0x0000021110102278.apply(Ljava/lang/Object;)Ljava/lang/Object; (9 bytes) @ 0x00000211091401c8 [0x0000021109140180+0x0000000000000048]
J 34099 c1 java.util.concurrent.ConcurrentHashMap.computeIfAbsent(Ljava/lang/Object;Ljava/util/function/Function;)Ljava/lang/Object; java.base@17.0.12 (576 bytes) @ 0x00000211032fe894 [0x00000211032fe2a0+0x00000000000005f4]
J 25075 c2 org.gradle.cache.Cache.get(Ljava/lang/Object;Ljava/util/function/Supplier;)Ljava/lang/Object; (14 bytes) @ 0x0000021108c3dd44 [0x0000021108c3dc60+0x00000000000000e4]
J 17660 c1 org.gradle.internal.execution.steps.IdentityCacheStep.lambda$executeDeferred$1(Lorg/gradle/cache/Cache;Lorg/gradle/internal/execution/UnitOfWork$Identity;Lorg/gradle/internal/execution/UnitOfWork;Lorg/gradle/internal/execution/steps/IdentityContext;)Lorg/gradle/internal/Try; (41 bytes) @ 0x00000211002a7ac4 [0x00000211002a75e0+0x00000000000004e4]
J 17236 c1 org.gradle.internal.execution.steps.IdentityCacheStep$$Lambda$1109+0x000002111079f3f0.get()Ljava/lang/Object; (24 bytes) @ 0x0000021100371564 [0x00000211003714c0+0x00000000000000a4]
J 28596 c2 org.gradle.internal.Deferrable$3.completeAndGet()Ljava/lang/Object; (46 bytes) @ 0x0000021108fccd70 [0x0000021108fccca0+0x00000000000000d0]
J 33847 c1 org.gradle.internal.Deferrable$1.completeAndGet()Ljava/lang/Object; (18 bytes) @ 0x0000021102dcefcc [0x0000021102dcef60+0x000000000000006c]
J 33847 c1 org.gradle.internal.Deferrable$1.completeAndGet()Ljava/lang/Object; (18 bytes) @ 0x0000021102dcefcc [0x0000021102dcef60+0x000000000000006c]
J 25409 c1 org.gradle.internal.Deferrable$$Lambda$1150+0x00000211107ad6d0.get()Ljava/lang/Object; (14 bytes) @ 0x000002110047c3a4 [0x000002110047c180+0x0000000000000224]
J 28596 c2 org.gradle.internal.Deferrable$3.completeAndGet()Ljava/lang/Object; (46 bytes) @ 0x0000021108fccd70 [0x0000021108fccca0+0x00000000000000d0]
J 25409 c1 org.gradle.internal.Deferrable$$Lambda$1150+0x00000211107ad6d0.get()Ljava/lang/Object; (14 bytes) @ 0x000002110047c3a4 [0x000002110047c180+0x0000000000000224]
J 28596 c2 org.gradle.internal.Deferrable$3.completeAndGet()Ljava/lang/Object; (46 bytes) @ 0x0000021108fccd70 [0x0000021108fccca0+0x00000000000000d0]
J 17522 c1 org.gradle.api.internal.artifacts.transform.TransformingAsyncArtifactListener$TransformedArtifact.finalizeValue()Lorg/gradle/internal/Try; (168 bytes) @ 0x000002110097837c [0x0000021100977740+0x0000000000000c3c]
J 17645 c1 org.gradle.api.internal.artifacts.transform.TransformingAsyncArtifactListener$TransformedArtifact.run(Lorg/gradle/internal/operations/BuildOperationContext;)V (6 bytes) @ 0x0000021101ac8b14 [0x0000021101ac8aa0+0x0000000000000074]
J 17159 c1 org.gradle.internal.operations.DefaultBuildOperationExecutor$$Lambda$1085+0x000002111078cc68.execute(Lorg/gradle/internal/operations/BuildOperation;Lorg/gradle/internal/operations/BuildOperationContext;)V (11 bytes) @ 0x0000021100e90c54 [0x0000021100e90a40+0x0000000000000214]
J 19249 c2 org.gradle.internal.operations.DefaultBuildOperationRunner$2.execute(Lorg/gradle/internal/operations/BuildOperationDescriptor;Lorg/gradle/internal/operations/BuildOperationState;Lorg/gradle/internal/operations/BuildOperationState;Lorg/gradle/internal/operations/DefaultBuildOperationRunner$ReadableBuildOperationContext;Lorg/gradle/internal/operations/DefaultBuildOperationRunner$BuildOperationExecutionListener;)Lorg/gradle/internal/operations/BuildOperation; (110 bytes) @ 0x0000021108631b44 [0x00000211086306e0+0x0000000000001464]
J 19365 c2 org.gradle.internal.operations.DefaultBuildOperationRunner.execute(Lorg/gradle/internal/operations/BuildOperationDescriptor$Builder;Lorg/gradle/internal/operations/BuildOperationState;Lorg/gradle/internal/operations/DefaultBuildOperationRunner$BuildOperationExecution;)Ljava/lang/Object; (147 bytes) @ 0x000002110867b624 [0x000002110867ade0+0x0000000000000844]
J 20488 c2 org.gradle.internal.operations.DefaultBuildOperationRunner.execute(Lorg/gradle/internal/operations/BuildOperation;Lorg/gradle/internal/operations/BuildOperationWorker;Lorg/gradle/internal/operations/BuildOperationState;)V (23 bytes) @ 0x000002110878c9e4 [0x000002110878c920+0x00000000000000c4]
J 26212 c1 org.gradle.internal.operations.DefaultBuildOperationQueue$WorkerRunnable.doRunBatch(Lorg/gradle/internal/operations/BuildOperation;)I (44 bytes) @ 0x0000021102859e04 [0x0000021102859ba0+0x0000000000000264]
J 28290 c1 org.gradle.internal.operations.DefaultBuildOperationQueue$WorkerRunnable$$Lambda$1087+0x0000021110790ad0.create()Ljava/lang/Object; (12 bytes) @ 0x0000021102b20c84 [0x0000021102b20bc0+0x00000000000000c4]
J 28289 c1 org.gradle.internal.resources.AbstractResourceLockRegistry.whileDisallowingLockChanges(Lorg/gradle/internal/Factory;)Ljava/lang/Object; (44 bytes) @ 0x0000021102b205ec [0x0000021102b20460+0x000000000000018c]
J 28286 c1 org.gradle.internal.operations.DefaultBuildOperationQueue$WorkerRunnable.lambda$runBatch$1(Lorg/gradle/internal/operations/BuildOperation;)Ljava/lang/Integer; (42 bytes) @ 0x0000021102b1ee1c [0x0000021102b1e4a0+0x000000000000097c]
J 28285 c1 org.gradle.internal.operations.DefaultBuildOperationQueue$WorkerRunnable$$Lambda$1086+0x00000211107908b0.create()Ljava/lang/Object; (12 bytes) @ 0x0000021102b1e04c [0x0000021102b1dfc0+0x000000000000008c]
j  org.gradle.internal.work.DefaultWorkerLeaseService.withLocks(Ljava/util/Collection;Lorg/gradle/internal/Factory;)Ljava/lang/Object;+28
J 25397 c1 org.gradle.internal.work.DefaultWorkerLeaseService.runAsWorkerThread(Lorg/gradle/internal/Factory;)Ljava/lang/Object; (37 bytes) @ 0x0000021100834c2c [0x0000021100834660+0x00000000000005cc]
J 26913 c1 org.gradle.internal.operations.DefaultBuildOperationQueue$WorkerRunnable.run()V (48 bytes) @ 0x00000211029e7204 [0x00000211029e6cc0+0x0000000000000544]
J 11682 c2 org.gradle.internal.concurrent.AbstractManagedExecutor$1.run()V (57 bytes) @ 0x0000021108127730 [0x0000021108127400+0x0000000000000330]
j  java.util.concurrent.ThreadPoolExecutor.runWorker(Ljava/util/concurrent/ThreadPoolExecutor$Worker;)V+92 java.base@17.0.12
j  java.util.concurrent.ThreadPoolExecutor$Worker.run()V+5 java.base@17.0.12
j  java.lang.Thread.run()V+11 java.base@17.0.12
v  ~StubRoutines::call_stub

---------------  P R O C E S S  ---------------

Threads class SMR info:
_java_thread_list=0x0000021157e984c0, length=153, elements={
0x00000211685c6450, 0x000002117e1ab630, 0x000002117e1aec80, 0x000002117e1c2230,
0x000002117e1c4c10, 0x000002117e1c6050, 0x000002117e1c6920, 0x000002117e1c8140,
0x000002117e1ccd60, 0x000002117e1db700, 0x000002117e3ea4e0, 0x000002117e53f000,
0x00000211541ca020, 0x000002117f70a200, 0x000002117ec8e170, 0x000002117f40aec0,
0x000002117f40b3d0, 0x000002117f40c810, 0x000002117f40bdf0, 0x0000021156c77d30,
0x0000021156c759c0, 0x0000021156c754b0, 0x000002117f374ea0, 0x0000021156c768f0,
0x0000021156c77820, 0x0000021156c79680, 0x0000021156c78240, 0x0000021156c763e0,
0x0000021156c7a0a0, 0x0000021156c7b4e0, 0x0000021156c7a5b0, 0x0000021156c7afd0,
0x0000021156c7b9f0, 0x0000021156c7bf00, 0x0000021156c78750, 0x0000021156c7c920,
0x0000021156c7c410, 0x000002117f377c30, 0x000002117f374480, 0x000002117f376d00,
0x000002117f374990, 0x000002117f378140, 0x000002117f378b60, 0x000002117f3758c0,
0x000002117f378650, 0x000002117f377210, 0x000002117f375dd0, 0x000002117f377720,
0x000002117f3753b0, 0x000002117f379a90, 0x000002117f379070, 0x000002117f379580,
0x000002117f3762e0, 0x000002117f379fa0, 0x000002117f37a9c0, 0x000002117f40c300,
0x000002117f40a9b0, 0x000002117f409570, 0x000002117f409a80, 0x000002117f409f90,
0x000002117f40a4a0, 0x0000021156f3d830, 0x0000021156f3ce10, 0x0000021156f3bee0,
0x0000021156f3b9d0, 0x0000021156f3a080, 0x0000021156f3b4c0, 0x0000021156f3a590,
0x0000021156f3aaa0, 0x0000021156f3c900, 0x0000021156f3afb0, 0x0000021156f3d320,
0x0000021157006bf0, 0x0000021157008f60, 0x0000021157009e90, 0x0000021157009980,
0x0000021157007100, 0x0000021157007610, 0x00000211570066e0, 0x000002115700a3a0,
0x0000021157009470, 0x000002115700a8b0, 0x0000021157007b20, 0x000002115700adc0,
0x000002115700b7e0, 0x000002115700b2d0, 0x0000021157008540, 0x000002115700c200,
0x000002115700c710, 0x000002115700db50, 0x000002115700e060, 0x0000021155c4be70,
0x0000021155c4d2b0, 0x0000021155c4d7c0, 0x0000021155c4e6f0, 0x0000021155c4f110,
0x0000021155c4f620, 0x0000021155c4e1e0, 0x0000021155c4ec00, 0x0000021155c4fb30,
0x0000021155c4cda0, 0x0000021155c51990, 0x0000021155c537f0, 0x0000021155c50a60,
0x0000021155c52dd0, 0x0000021155c532e0, 0x0000021155c50f70, 0x0000021155c51ea0,
0x0000021155c51480, 0x0000021155c523b0, 0x0000021155c528c0, 0x0000021156c79b90,
0x0000021155948ee0, 0x0000021155949e10, 0x0000021155947fb0, 0x00000211559489d0,
0x00000211559484c0, 0x00000211559493f0, 0x0000021155949900, 0x000002115594a320,
0x0000021155947590, 0x000002115594a830, 0x000002115594ad40, 0x0000021155947aa0,
0x000002115594c180, 0x000002115594dfe0, 0x000002115594c690, 0x000002115594ea00,
0x000002115594d5c0, 0x000002115594e4f0, 0x000002115594d0b0, 0x000002115594b760,
0x000002115594dad0, 0x000002115594bc70, 0x000002115594cba0, 0x000002115700d130,
0x000002115f2f0000, 0x000002115f2ef0d0, 0x000002115f2f0a20, 0x000002115f2f4bf0,
0x000002115f2f46e0, 0x000002115f2f32a0, 0x000002117f37be00, 0x0000021157f1a3f0,
0x0000021157f1b830, 0x0000021157f1c760, 0x0000021160a1d7e0, 0x0000021160a1f130,
0x0000021160a1fb50, 0x0000021160a20060, 0x0000021160a1c8b0, 0x0000021160a1e710,
0x0000021160a1ec20
}

Java Threads: ( => current thread )
  0x00000211685c6450 JavaThread "main" [_thread_blocked, id=7572, stack(0x0000007db8a00000,0x0000007db8b00000)]
  0x000002117e1ab630 JavaThread "Reference Handler" daemon [_thread_blocked, id=11028, stack(0x0000007db9100000,0x0000007db9200000)]
  0x000002117e1aec80 JavaThread "Finalizer" daemon [_thread_blocked, id=12848, stack(0x0000007db9200000,0x0000007db9300000)]
  0x000002117e1c2230 JavaThread "Signal Dispatcher" daemon [_thread_blocked, id=20696, stack(0x0000007db9300000,0x0000007db9400000)]
  0x000002117e1c4c10 JavaThread "Attach Listener" daemon [_thread_blocked, id=17548, stack(0x0000007db9400000,0x0000007db9500000)]
  0x000002117e1c6050 JavaThread "Service Thread" daemon [_thread_blocked, id=21040, stack(0x0000007db9500000,0x0000007db9600000)]
  0x000002117e1c6920 JavaThread "Monitor Deflation Thread" daemon [_thread_blocked, id=22800, stack(0x0000007db9600000,0x0000007db9700000)]
  0x000002117e1c8140 JavaThread "C2 CompilerThread0" daemon [_thread_blocked, id=11368, stack(0x0000007db9700000,0x0000007db9800000)]
  0x000002117e1ccd60 JavaThread "C1 CompilerThread0" daemon [_thread_blocked, id=22628, stack(0x0000007db9800000,0x0000007db9900000)]
  0x000002117e1db700 JavaThread "Sweeper thread" daemon [_thread_blocked, id=7856, stack(0x0000007db9900000,0x0000007db9a00000)]
  0x000002117e3ea4e0 JavaThread "Common-Cleaner" daemon [_thread_blocked, id=20600, stack(0x0000007db9a00000,0x0000007db9b00000)]
  0x000002117e53f000 JavaThread "Notification Thread" daemon [_thread_blocked, id=16160, stack(0x0000007db9b00000,0x0000007db9c00000)]
  0x00000211541ca020 JavaThread "Daemon health stats" [_thread_blocked, id=21396, stack(0x0000007dba100000,0x0000007dba200000)]
  0x000002117f70a200 JavaThread "Incoming local TCP Connector on port 9740" [_thread_in_native, id=7484, stack(0x0000007dba200000,0x0000007dba300000)]
  0x000002117ec8e170 JavaThread "Daemon periodic checks" [_thread_blocked, id=13900, stack(0x0000007dba300000,0x0000007dba400000)]
  0x000002117f40aec0 JavaThread "Cache worker for journal cache (C:\Users\GRIEESH\.gradle\caches\journal-1)" [_thread_blocked, id=11352, stack(0x0000007dbac00000,0x0000007dbad00000)]
  0x000002117f40b3d0 JavaThread "File lock request listener" [_thread_in_native, id=2736, stack(0x0000007dbad00000,0x0000007dbae00000)]
  0x000002117f40c810 JavaThread "Cache worker for file hash cache (C:\Users\GRIEESH\.gradle\caches\8.10.2\fileHashes)" [_thread_blocked, id=5424, stack(0x0000007dbab00000,0x0000007dbac00000)]
  0x000002117f40bdf0 JavaThread "File watcher server" daemon [_thread_in_native, id=21276, stack(0x0000007dbb500000,0x0000007dbb600000)]
  0x0000021156c77d30 JavaThread "File watcher consumer" daemon [_thread_blocked, id=18484, stack(0x0000007dbb600000,0x0000007dbb700000)]
  0x0000021156c759c0 JavaThread "Cache worker for file content cache (C:\Users\GRIEESH\.gradle\caches\8.10.2\fileContent)" [_thread_blocked, id=23092, stack(0x0000007dbb800000,0x0000007dbb900000)]
  0x0000021156c754b0 JavaThread "jar transforms" [_thread_blocked, id=21696, stack(0x0000007dbbb00000,0x0000007dbbc00000)]
  0x000002117f374ea0 JavaThread "Memory manager" [_thread_blocked, id=16860, stack(0x0000007dbdb00000,0x0000007dbdc00000)]
  0x0000021156c768f0 JavaThread "Daemon Thread 2" [_thread_blocked, id=10708, stack(0x0000007db8700000,0x0000007db8800000)]
  0x0000021156c77820 JavaThread "Handler for socket connection from /127.0.0.1:9740 to /127.0.0.1:9332" [_thread_in_native, id=21428, stack(0x0000007db8800000,0x0000007db8900000)]
  0x0000021156c79680 JavaThread "Cancel handler" [_thread_blocked, id=3996, stack(0x0000007db8900000,0x0000007db8a00000)]
  0x0000021156c78240 JavaThread "Daemon worker Thread 2" [_thread_blocked, id=10420, stack(0x0000007dba400000,0x0000007dba500000)]
  0x0000021156c763e0 JavaThread "Asynchronous log dispatcher for DefaultDaemonConnection: socket connection from /127.0.0.1:9740 to /127.0.0.1:9332" [_thread_blocked, id=9240, stack(0x0000007dba500000,0x0000007dba600000)]
  0x0000021156c7a0a0 JavaThread "Stdin handler" [_thread_blocked, id=24508, stack(0x0000007dba600000,0x0000007dba700000)]
  0x0000021156c7b4e0 JavaThread "Daemon client event forwarder" [_thread_blocked, id=11600, stack(0x0000007dba700000,0x0000007dba800000)]
  0x0000021156c7a5b0 JavaThread "Cache worker for file hash cache (D:\React_native\mv_food_app\android\.gradle\8.10.2\fileHashes)" [_thread_blocked, id=24080, stack(0x0000007dba800000,0x0000007dba900000)]
  0x0000021156c7afd0 JavaThread "Cache worker for Build Output Cleanup Cache (D:\React_native\mv_food_app\android\.gradle\buildOutputCleanup)" [_thread_blocked, id=4140, stack(0x0000007dba900000,0x0000007dbaa00000)]
  0x0000021156c7b9f0 JavaThread "Cache worker for checksums cache (D:\React_native\mv_food_app\android\.gradle\8.10.2\checksums)" [_thread_blocked, id=23612, stack(0x0000007dbaa00000,0x0000007dbab00000)]
  0x0000021156c7bf00 JavaThread "Cache worker for cache directory md-rule (C:\Users\GRIEESH\.gradle\caches\8.10.2\md-rule)" [_thread_blocked, id=23860, stack(0x0000007dbae00000,0x0000007dbaf00000)]
  0x0000021156c78750 JavaThread "Cache worker for cache directory md-supplier (C:\Users\GRIEESH\.gradle\caches\8.10.2\md-supplier)" [_thread_blocked, id=1900, stack(0x0000007dbb200000,0x0000007dbb300000)]
  0x0000021156c7c920 JavaThread "Cache worker for Build Output Cleanup Cache (D:\React_native\mv_food_app\node_modules\@react-native\gradle-plugin\.gradle\buildOutputCleanup)" [_thread_blocked, id=22212, stack(0x0000007dbb300000,0x0000007dbb400000)]
  0x0000021156c7c410 JavaThread "Unconstrained build operations" [_thread_blocked, id=22684, stack(0x0000007dbb700000,0x0000007dbb800000)]
  0x000002117f377c30 JavaThread "Unconstrained build operations Thread 2" [_thread_blocked, id=8816, stack(0x0000007dbb900000,0x0000007dbba00000)]
  0x000002117f374480 JavaThread "Unconstrained build operations Thread 3" [_thread_blocked, id=16168, stack(0x0000007dbba00000,0x0000007dbbb00000)]
  0x000002117f376d00 JavaThread "Unconstrained build operations Thread 4" [_thread_blocked, id=11568, stack(0x0000007dbbc00000,0x0000007dbbd00000)]
  0x000002117f374990 JavaThread "Unconstrained build operations Thread 5" [_thread_blocked, id=23220, stack(0x0000007dbbe00000,0x0000007dbbf00000)]
  0x000002117f378140 JavaThread "Unconstrained build operations Thread 6" [_thread_blocked, id=23172, stack(0x0000007dbbf00000,0x0000007dbc000000)]
  0x000002117f378b60 JavaThread "Unconstrained build operations Thread 7" [_thread_blocked, id=1416, stack(0x0000007dbc000000,0x0000007dbc100000)]
  0x000002117f3758c0 JavaThread "Unconstrained build operations Thread 8" [_thread_blocked, id=23768, stack(0x0000007dbc100000,0x0000007dbc200000)]
  0x000002117f378650 JavaThread "Unconstrained build operations Thread 9" [_thread_blocked, id=15596, stack(0x0000007dbc200000,0x0000007dbc300000)]
  0x000002117f377210 JavaThread "Unconstrained build operations Thread 10" [_thread_blocked, id=22292, stack(0x0000007dbc300000,0x0000007dbc400000)]
  0x000002117f375dd0 JavaThread "Unconstrained build operations Thread 11" [_thread_blocked, id=7892, stack(0x0000007dbc600000,0x0000007dbc700000)]
  0x000002117f377720 JavaThread "Unconstrained build operations Thread 12" [_thread_blocked, id=17216, stack(0x0000007dbc700000,0x0000007dbc800000)]
  0x000002117f3753b0 JavaThread "Unconstrained build operations Thread 13" [_thread_blocked, id=23888, stack(0x0000007dbc800000,0x0000007dbc900000)]
  0x000002117f379a90 JavaThread "Unconstrained build operations Thread 14" [_thread_blocked, id=22156, stack(0x0000007dbc900000,0x0000007dbca00000)]
  0x000002117f379070 JavaThread "Unconstrained build operations Thread 15" [_thread_blocked, id=18464, stack(0x0000007dbca00000,0x0000007dbcb00000)]
  0x000002117f379580 JavaThread "Unconstrained build operations Thread 16" [_thread_blocked, id=21388, stack(0x0000007dbcb00000,0x0000007dbcc00000)]
  0x000002117f3762e0 JavaThread "Unconstrained build operations Thread 17" [_thread_blocked, id=11976, stack(0x0000007dbcc00000,0x0000007dbcd00000)]
  0x000002117f379fa0 JavaThread "Unconstrained build operations Thread 18" [_thread_blocked, id=24560, stack(0x0000007dbcd00000,0x0000007dbce00000)]
  0x000002117f37a9c0 JavaThread "build event listener" [_thread_blocked, id=2008, stack(0x0000007dbce00000,0x0000007dbcf00000)]
  0x000002117f40c300 JavaThread "ForkJoinPool.commonPool-worker-10" daemon [_thread_blocked, id=14640, stack(0x0000007dbd200000,0x0000007dbd300000)]
  0x000002117f40a9b0 JavaThread "ForkJoinPool.commonPool-worker-12" daemon [_thread_blocked, id=14168, stack(0x0000007dbd400000,0x0000007dbd500000)]
  0x000002117f409570 JavaThread "Execution worker" [_thread_blocked, id=24496, stack(0x0000007dbd600000,0x0000007dbd700000)]
  0x000002117f409a80 JavaThread "Execution worker Thread 2" [_thread_blocked, id=2968, stack(0x0000007dbd700000,0x0000007dbd800000)]
  0x000002117f409f90 JavaThread "Execution worker Thread 3" [_thread_blocked, id=22536, stack(0x0000007dbd800000,0x0000007dbd900000)]
  0x000002117f40a4a0 JavaThread "Execution worker Thread 4" [_thread_blocked, id=3028, stack(0x0000007dbd900000,0x0000007dbda00000)]
  0x0000021156f3d830 JavaThread "Execution worker Thread 5" [_thread_blocked, id=9872, stack(0x0000007dbda00000,0x0000007dbdb00000)]
  0x0000021156f3ce10 JavaThread "Execution worker Thread 6" [_thread_blocked, id=6108, stack(0x0000007dbdc00000,0x0000007dbdd00000)]
  0x0000021156f3bee0 JavaThread "Execution worker Thread 7" [_thread_blocked, id=19828, stack(0x0000007dbdd00000,0x0000007dbde00000)]
  0x0000021156f3b9d0 JavaThread "Cache worker for execution history cache (D:\React_native\mv_food_app\node_modules\@react-native\gradle-plugin\.gradle\8.10.2\executionHistory)" [_thread_blocked, id=2916, stack(0x0000007dbbd00000,0x0000007dbbe00000)]
  0x0000021156f3a080 JavaThread "Unconstrained build operations Thread 19" [_thread_blocked, id=11928, stack(0x0000007dbde00000,0x0000007dbdf00000)]
  0x0000021156f3b4c0 JavaThread "Unconstrained build operations Thread 20" [_thread_blocked, id=15176, stack(0x0000007dbdf00000,0x0000007dbe000000)]
  0x0000021156f3a590 JavaThread "Unconstrained build operations Thread 21" [_thread_blocked, id=2740, stack(0x0000007dbe000000,0x0000007dbe100000)]
  0x0000021156f3aaa0 JavaThread "Unconstrained build operations Thread 22" [_thread_blocked, id=7932, stack(0x0000007dbe100000,0x0000007dbe200000)]
  0x0000021156f3c900 JavaThread "Unconstrained build operations Thread 23" [_thread_blocked, id=4352, stack(0x0000007dbe200000,0x0000007dbe300000)]
  0x0000021156f3afb0 JavaThread "Unconstrained build operations Thread 24" [_thread_blocked, id=23144, stack(0x0000007dbe300000,0x0000007dbe400000)]
  0x0000021156f3d320 JavaThread "Unconstrained build operations Thread 25" [_thread_blocked, id=24336, stack(0x0000007dbe400000,0x0000007dbe500000)]
  0x0000021157006bf0 JavaThread "Unconstrained build operations Thread 26" [_thread_blocked, id=8384, stack(0x0000007dbe500000,0x0000007dbe600000)]
=>0x0000021157008f60 JavaThread "Unconstrained build operations Thread 27" [_thread_in_vm, id=8656, stack(0x0000007dbe600000,0x0000007dbe700000)]
  0x0000021157009e90 JavaThread "Unconstrained build operations Thread 28" [_thread_blocked, id=3612, stack(0x0000007dbe700000,0x0000007dbe800000)]
  0x0000021157009980 JavaThread "Unconstrained build operations Thread 29" [_thread_blocked, id=21108, stack(0x0000007dbe800000,0x0000007dbe900000)]
  0x0000021157007100 JavaThread "Unconstrained build operations Thread 30" [_thread_blocked, id=8396, stack(0x0000007dbe900000,0x0000007dbea00000)]
  0x0000021157007610 JavaThread "Unconstrained build operations Thread 31" [_thread_blocked, id=21440, stack(0x0000007dbea00000,0x0000007dbeb00000)]
  0x00000211570066e0 JavaThread "Unconstrained build operations Thread 32" [_thread_blocked, id=24540, stack(0x0000007dbeb00000,0x0000007dbec00000)]
  0x000002115700a3a0 JavaThread "Unconstrained build operations Thread 33" [_thread_blocked, id=18876, stack(0x0000007dbec00000,0x0000007dbed00000)]
  0x0000021157009470 JavaThread "Unconstrained build operations Thread 34" [_thread_blocked, id=8272, stack(0x0000007dbed00000,0x0000007dbee00000)]
  0x000002115700a8b0 JavaThread "Unconstrained build operations Thread 35" [_thread_blocked, id=24528, stack(0x0000007dbee00000,0x0000007dbef00000)]
  0x0000021157007b20 JavaThread "Unconstrained build operations Thread 36" [_thread_blocked, id=11832, stack(0x0000007dbef00000,0x0000007dbf000000)]
  0x000002115700adc0 JavaThread "Unconstrained build operations Thread 37" [_thread_blocked, id=23800, stack(0x0000007dbf000000,0x0000007dbf100000)]
  0x000002115700b7e0 JavaThread "Unconstrained build operations Thread 38" [_thread_blocked, id=9868, stack(0x0000007dbf100000,0x0000007dbf200000)]
  0x000002115700b2d0 JavaThread "Unconstrained build operations Thread 39" [_thread_blocked, id=3880, stack(0x0000007dbf200000,0x0000007dbf300000)]
  0x0000021157008540 JavaThread "WorkerExecutor Queue" [_thread_blocked, id=14648, stack(0x0000007dbf400000,0x0000007dbf500000)]
  0x000002115700c200 JavaThread "RMI Scheduler(0)" daemon [_thread_blocked, id=11668, stack(0x0000007dbf300000,0x0000007dbf400000)]
  0x000002115700c710 JavaThread "RMI GC Daemon" daemon [_thread_blocked, id=1272, stack(0x0000007dbf600000,0x0000007dbf700000)]
  0x000002115700db50 JavaThread "RMI TCP Accept-0" daemon [_thread_in_native, id=10920, stack(0x0000007dbf900000,0x0000007dbfa00000)]
  0x000002115700e060 JavaThread "RMI Reaper" [_thread_blocked, id=2716, stack(0x0000007dbfa00000,0x0000007dbfb00000)]
  0x0000021155c4be70 JavaThread "Unconstrained build operations Thread 40" [_thread_blocked, id=2216, stack(0x0000007dbfc00000,0x0000007dbfd00000)]
  0x0000021155c4d2b0 JavaThread "Unconstrained build operations Thread 41" [_thread_blocked, id=22984, stack(0x0000007dbfd00000,0x0000007dbfe00000)]
  0x0000021155c4d7c0 JavaThread "Unconstrained build operations Thread 42" [_thread_blocked, id=13276, stack(0x0000007dbfe00000,0x0000007dbff00000)]
  0x0000021155c4e6f0 JavaThread "Unconstrained build operations Thread 43" [_thread_blocked, id=23100, stack(0x0000007dbff00000,0x0000007dc0000000)]
  0x0000021155c4f110 JavaThread "Unconstrained build operations Thread 44" [_thread_blocked, id=7896, stack(0x0000007dc0000000,0x0000007dc0100000)]
  0x0000021155c4f620 JavaThread "Unconstrained build operations Thread 45" [_thread_blocked, id=9364, stack(0x0000007dc0100000,0x0000007dc0200000)]
  0x0000021155c4e1e0 JavaThread "Unconstrained build operations Thread 46" [_thread_blocked, id=20960, stack(0x0000007dc0200000,0x0000007dc0300000)]
  0x0000021155c4ec00 JavaThread "Unconstrained build operations Thread 47" [_thread_blocked, id=8400, stack(0x0000007dc0300000,0x0000007dc0400000)]
  0x0000021155c4fb30 JavaThread "WorkerExecutor Queue Thread 2" [_thread_blocked, id=2168, stack(0x0000007dc0400000,0x0000007dc0500000)]
  0x0000021155c4cda0 JavaThread "Unconstrained build operations Thread 48" [_thread_blocked, id=23720, stack(0x0000007dc0800000,0x0000007dc0900000)]
  0x0000021155c51990 JavaThread "Unconstrained build operations Thread 49" [_thread_blocked, id=2748, stack(0x0000007dc0900000,0x0000007dc0a00000)]
  0x0000021155c537f0 JavaThread "Unconstrained build operations Thread 50" [_thread_blocked, id=15152, stack(0x0000007dc0a00000,0x0000007dc0b00000)]
  0x0000021155c50a60 JavaThread "Unconstrained build operations Thread 51" [_thread_blocked, id=11456, stack(0x0000007dc0b00000,0x0000007dc0c00000)]
  0x0000021155c52dd0 JavaThread "Unconstrained build operations Thread 52" [_thread_blocked, id=24536, stack(0x0000007dc0c00000,0x0000007dc0d00000)]
  0x0000021155c532e0 JavaThread "Unconstrained build operations Thread 53" [_thread_blocked, id=24360, stack(0x0000007dc0d00000,0x0000007dc0e00000)]
  0x0000021155c50f70 JavaThread "Unconstrained build operations Thread 54" [_thread_blocked, id=100, stack(0x0000007dc0e00000,0x0000007dc0f00000)]
  0x0000021155c51ea0 JavaThread "Unconstrained build operations Thread 55" [_thread_blocked, id=24312, stack(0x0000007dc0f00000,0x0000007dc1000000)]
  0x0000021155c51480 JavaThread "Unconstrained build operations Thread 56" [_thread_blocked, id=3076, stack(0x0000007dc1000000,0x0000007dc1100000)]
  0x0000021155c523b0 JavaThread "Unconstrained build operations Thread 57" [_thread_blocked, id=8512, stack(0x0000007dc1100000,0x0000007dc1200000)]
  0x0000021155c528c0 JavaThread "Unconstrained build operations Thread 58" [_thread_blocked, id=9268, stack(0x0000007dc1200000,0x0000007dc1300000)]
  0x0000021156c79b90 JavaThread "Unconstrained build operations Thread 59" [_thread_blocked, id=7636, stack(0x0000007dc1300000,0x0000007dc1400000)]
  0x0000021155948ee0 JavaThread "Unconstrained build operations Thread 60" [_thread_blocked, id=23868, stack(0x0000007dc1400000,0x0000007dc1500000)]
  0x0000021155949e10 JavaThread "Unconstrained build operations Thread 61" [_thread_blocked, id=22932, stack(0x0000007dc1500000,0x0000007dc1600000)]
  0x0000021155947fb0 JavaThread "Unconstrained build operations Thread 62" [_thread_blocked, id=1440, stack(0x0000007dc1600000,0x0000007dc1700000)]
  0x00000211559489d0 JavaThread "Unconstrained build operations Thread 63" [_thread_blocked, id=23736, stack(0x0000007dc1700000,0x0000007dc1800000)]
  0x00000211559484c0 JavaThread "Unconstrained build operations Thread 64" [_thread_blocked, id=22856, stack(0x0000007dc1800000,0x0000007dc1900000)]
  0x00000211559493f0 JavaThread "Unconstrained build operations Thread 65" [_thread_blocked, id=22276, stack(0x0000007dc1900000,0x0000007dc1a00000)]
  0x0000021155949900 JavaThread "Unconstrained build operations Thread 66" [_thread_blocked, id=10220, stack(0x0000007dc1a00000,0x0000007dc1b00000)]
  0x000002115594a320 JavaThread "Unconstrained build operations Thread 67" [_thread_blocked, id=8212, stack(0x0000007dc1b00000,0x0000007dc1c00000)]
  0x0000021155947590 JavaThread "Unconstrained build operations Thread 68" [_thread_blocked, id=16796, stack(0x0000007dc1c00000,0x0000007dc1d00000)]
  0x000002115594a830 JavaThread "jar transforms Thread 2" [_thread_blocked, id=3980, stack(0x0000007dc1e00000,0x0000007dc1f00000)]
  0x000002115594ad40 JavaThread "jar transforms Thread 3" [_thread_blocked, id=1944, stack(0x0000007dc0500000,0x0000007dc0600000)]
  0x0000021155947aa0 JavaThread "Unconstrained build operations Thread 69" [_thread_blocked, id=20992, stack(0x0000007dbf700000,0x0000007dbf800000)]
  0x000002115594c180 JavaThread "Unconstrained build operations Thread 70" [_thread_blocked, id=9900, stack(0x0000007dbf800000,0x0000007dbf900000)]
  0x000002115594dfe0 JavaThread "Unconstrained build operations Thread 71" [_thread_blocked, id=23956, stack(0x0000007dc1f00000,0x0000007dc2000000)]
  0x000002115594c690 JavaThread "Unconstrained build operations Thread 72" [_thread_blocked, id=24552, stack(0x0000007dc2000000,0x0000007dc2100000)]
  0x000002115594ea00 JavaThread "Unconstrained build operations Thread 73" [_thread_blocked, id=8584, stack(0x0000007dc2100000,0x0000007dc2200000)]
  0x000002115594d5c0 JavaThread "Unconstrained build operations Thread 74" [_thread_blocked, id=7240, stack(0x0000007dc2200000,0x0000007dc2300000)]
  0x000002115594e4f0 JavaThread "Unconstrained build operations Thread 75" [_thread_blocked, id=8020, stack(0x0000007dc2300000,0x0000007dc2400000)]
  0x000002115594d0b0 JavaThread "Unconstrained build operations Thread 76" [_thread_blocked, id=23340, stack(0x0000007dc2400000,0x0000007dc2500000)]
  0x000002115594b760 JavaThread "Unconstrained build operations Thread 77" [_thread_blocked, id=21948, stack(0x0000007dc2500000,0x0000007dc2600000)]
  0x000002115594dad0 JavaThread "Unconstrained build operations Thread 78" [_thread_blocked, id=13988, stack(0x0000007dc2600000,0x0000007dc2700000)]
  0x000002115594bc70 JavaThread "Unconstrained build operations Thread 79" [_thread_blocked, id=8932, stack(0x0000007dc2700000,0x0000007dc2800000)]
  0x000002115594cba0 JavaThread "Unconstrained build operations Thread 80" [_thread_blocked, id=23408, stack(0x0000007dc2800000,0x0000007dc2900000)]
  0x000002115700d130 JavaThread "WorkerExecutor Queue Thread 3" [_thread_blocked, id=7096, stack(0x0000007dc2a00000,0x0000007dc2b00000)]
  0x000002115f2f0000 JavaThread "jar transforms Thread 4" [_thread_blocked, id=23712, stack(0x0000007dc3000000,0x0000007dc3100000)]
  0x000002115f2ef0d0 JavaThread "jar transforms Thread 5" [_thread_blocked, id=8668, stack(0x0000007dc3100000,0x0000007dc3200000)]
  0x000002115f2f0a20 JavaThread "jar transforms Thread 6" [_thread_blocked, id=3364, stack(0x0000007dc3200000,0x0000007dc3300000)]
  0x000002115f2f4bf0 JavaThread "build event listener" [_thread_blocked, id=3500, stack(0x0000007dc3300000,0x0000007dc3400000)]
  0x000002115f2f46e0 JavaThread "jar transforms Thread 7" [_thread_blocked, id=1312, stack(0x0000007dc3500000,0x0000007dc3600000)]
  0x000002115f2f32a0 JavaThread "jar transforms Thread 8" [_thread_blocked, id=19792, stack(0x0000007dc3600000,0x0000007dc3700000)]
  0x000002117f37be00 JavaThread "ForkJoinPool.commonPool-worker-13" daemon [_thread_blocked, id=25276, stack(0x0000007dbd000000,0x0000007dbd100000)]
  0x0000021157f1a3f0 JavaThread "ForkJoinPool.commonPool-worker-14" daemon [_thread_blocked, id=25280, stack(0x0000007dbd300000,0x0000007dbd400000)]
  0x0000021157f1b830 JavaThread "ForkJoinPool.commonPool-worker-16" daemon [_thread_blocked, id=25284, stack(0x0000007dc0700000,0x0000007dc0800000)]
  0x0000021157f1c760 JavaThread "ForkJoinPool.commonPool-worker-15" daemon [_thread_blocked, id=25288, stack(0x0000007dc1d00000,0x0000007dc1e00000)]
  0x0000021160a1d7e0 JavaThread "included builds Thread 2" [_thread_blocked, id=4032, stack(0x0000007dc2d00000,0x0000007dc2e00000)]
  0x0000021160a1f130 JavaThread "Cache worker for execution history cache (D:\React_native\mv_food_app\android\.gradle\8.10.2\executionHistory)" [_thread_blocked, id=25592, stack(0x0000007dc3700000,0x0000007dc3800000)]
  0x0000021160a1fb50 JavaThread "WorkerExecutor Queue Thread 4" [_thread_blocked, id=24600, stack(0x0000007dbcf00000,0x0000007dbd000000)]
  0x0000021160a20060 JavaThread "WorkerExecutor Queue Thread 5" [_thread_blocked, id=14204, stack(0x0000007dc2900000,0x0000007dc2a00000)]
  0x0000021160a1c8b0 JavaThread "WorkerExecutor Queue Thread 6" [_thread_blocked, id=24800, stack(0x0000007dc3800000,0x0000007dc3900000)]
  0x0000021160a1e710 JavaThread "WorkerExecutor Queue Thread 7" [_thread_blocked, id=2476, stack(0x0000007dc3900000,0x0000007dc3a00000)]
  0x0000021160a1ec20 JavaThread "WorkerExecutor Queue Thread 8" [_thread_blocked, id=24796, stack(0x0000007dc3a00000,0x0000007dc3b00000)]

Other Threads:
  0x000002117e1a5460 VMThread "VM Thread" [stack: 0x0000007db9000000,0x0000007db9100000] [id=23392]
  0x00000211685c71e0 WatcherThread [stack: 0x0000007db9c00000,0x0000007db9d00000] [id=12712]
  0x0000021168636880 GCTaskThread "GC Thread#0" [stack: 0x0000007db8b00000,0x0000007db8c00000] [id=3100]
  0x000002117e750ed0 GCTaskThread "GC Thread#1" [stack: 0x0000007db9e00000,0x0000007db9f00000] [id=16512]
  0x000002117e72d0e0 GCTaskThread "GC Thread#2" [stack: 0x0000007db9f00000,0x0000007dba000000] [id=23236]
  0x000002117edebba0 GCTaskThread "GC Thread#3" [stack: 0x0000007db9d00000,0x0000007db9e00000] [id=22696]
  0x000002117edebe60 GCTaskThread "GC Thread#4" [stack: 0x0000007dba000000,0x0000007dba100000] [id=23044]
  0x0000021154fceca0 GCTaskThread "GC Thread#5" [stack: 0x0000007dbaf00000,0x0000007dbb000000] [id=19676]
  0x000002117fee7ab0 GCTaskThread "GC Thread#6" [stack: 0x0000007dbb000000,0x0000007dbb100000] [id=22204]
  0x000002115449b010 GCTaskThread "GC Thread#7" [stack: 0x0000007dbb100000,0x0000007dbb200000] [id=22768]
  0x00000211686476e0 ConcurrentGCThread "G1 Main Marker" [stack: 0x0000007db8c00000,0x0000007db8d00000] [id=11556]
  0x0000021168648cd0 ConcurrentGCThread "G1 Conc#0" [stack: 0x0000007db8d00000,0x0000007db8e00000] [id=17980]
  0x00000211546c6990 ConcurrentGCThread "G1 Conc#1" [stack: 0x0000007dbb400000,0x0000007dbb500000] [id=21008]
  0x000002117e0610c0 ConcurrentGCThread "G1 Refine#0" [stack: 0x0000007db8e00000,0x0000007db8f00000] [id=13220]
  0x00000211556f7b10 ConcurrentGCThread "G1 Refine#1" [stack: 0x0000007dbc400000,0x0000007dbc500000] [id=13356]
  0x00000211556f7e00 ConcurrentGCThread "G1 Refine#2" [stack: 0x0000007dbc500000,0x0000007dbc600000] [id=21548]
  0x000002115ee74bd0 ConcurrentGCThread "G1 Refine#3" [stack: 0x0000007dc2b00000,0x0000007dc2c00000] [id=24436]
  0x000002115ee754a0 ConcurrentGCThread "G1 Refine#4" [stack: 0x0000007dc2c00000,0x0000007dc2d00000] [id=8172]
  0x000002115ee74ec0 ConcurrentGCThread "G1 Refine#5" [stack: 0x0000007dc2e00000,0x0000007dc2f00000] [id=24376]
  0x000002115ee74010 ConcurrentGCThread "G1 Refine#6" [stack: 0x0000007dc2f00000,0x0000007dc3000000] [id=8408]
  0x00000211556f80f0 ConcurrentGCThread "G1 Refine#7" [stack: 0x0000007dc3400000,0x0000007dc3500000] [id=20104]
  0x000002117e061a00 ConcurrentGCThread "G1 Service" [stack: 0x0000007db8f00000,0x0000007db9000000] [id=21212]

Threads with active compile tasks:

VM state: not at safepoint (normal execution)

VM Mutex/Monitor currently owned by a thread:  ([mutex/lock_event])
[0x00000211685c15f0] Heap_lock - owner thread: 0x0000021157008f60

Heap address: 0x0000000700000000, size: 4096 MB, Compressed Oops mode: Zero based, Oop shift amount: 3

CDS archive(s) mapped at: [0x000002110f000000-0x000002110fbd0000-0x000002110fbd0000), size 12386304, SharedBaseAddress: 0x000002110f000000, ArchiveRelocationMode: 1.
Compressed class space mapped at: 0x0000021110000000-0x0000021150000000, reserved size: 1073741824
Narrow klass base: 0x000002110f000000, Narrow klass shift: 0, Narrow klass range: 0x100000000

GC Precious Log:
 CPUs: 8 total, 8 available
 Memory: 7834M
 Large Page Support: Disabled
 NUMA Support: Disabled
 Compressed Oops: Enabled (Zero based)
 Heap Region Size: 2M
 Heap Min Capacity: 8M
 Heap Initial Capacity: 124M
 Heap Max Capacity: 4G
 Pre-touch: Disabled
 Parallel Workers: 8
 Concurrent Workers: 2
 Concurrent Refinement Workers: 8
 Periodic GC: Disabled

Heap:
 garbage-first heap   total 3688448K, used 3608805K [0x0000000700000000, 0x0000000800000000)
  region size 2048K, 8 young (16384K), 1 survivors (2048K)
 Metaspace       used 161873K, committed 166336K, reserved 1245184K
  class space    used 21220K, committed 22912K, reserved 1048576K

Heap Regions: E=young(eden), S=young(survivor), O=old, HS=humongous(starts), HC=humongous(continues), CS=collection set, F=free, OA=open archive, CA=closed archive, TAMS=top-at-mark-start (previous, next)
|   0|0x0000000700000000, 0x0000000700200000, 0x0000000700200000|100%|HS|  |TAMS 0x0000000700200000, 0x0000000700000000| Complete 
|   1|0x0000000700200000, 0x0000000700400000, 0x0000000700400000|100%|HC|  |TAMS 0x0000000700400000, 0x0000000700200000| Complete 
|   2|0x0000000700400000, 0x0000000700600000, 0x0000000700600000|100%| O|  |TAMS 0x0000000700600000, 0x0000000700400000| Untracked 
|   3|0x0000000700600000, 0x00000007007fff80, 0x0000000700800000| 99%| O|  |TAMS 0x00000007007fff80, 0x0000000700600000| Untracked 
|   4|0x0000000700800000, 0x0000000700a00000, 0x0000000700a00000|100%| O|  |TAMS 0x0000000700a00000, 0x0000000700800000| Untracked 
|   5|0x0000000700a00000, 0x0000000700bfff88, 0x0000000700c00000| 99%| O|  |TAMS 0x0000000700bfff88, 0x0000000700a00000| Untracked 
|   6|0x0000000700c00000, 0x0000000700e00000, 0x0000000700e00000|100%| O|  |TAMS 0x0000000700e00000, 0x0000000700c00000| Untracked 
|   7|0x0000000700e00000, 0x0000000700ffffd8, 0x0000000701000000| 99%| O|  |TAMS 0x0000000700ffffd8, 0x0000000700e00000| Untracked 
|   8|0x0000000701000000, 0x00000007011fffe0, 0x0000000701200000| 99%| O|  |TAMS 0x00000007011fffe0, 0x0000000701000000| Untracked 
|   9|0x0000000701200000, 0x00000007013ffff8, 0x0000000701400000| 99%| O|  |TAMS 0x00000007013ffff8, 0x0000000701200000| Untracked 
|  10|0x0000000701400000, 0x00000007015fffe8, 0x0000000701600000| 99%| O|  |TAMS 0x00000007015fffe8, 0x0000000701400000| Untracked 
|  11|0x0000000701600000, 0x00000007017fffe8, 0x0000000701800000| 99%| O|  |TAMS 0x00000007017fffe8, 0x0000000701600000| Untracked 
|  12|0x0000000701800000, 0x00000007019f7bb8, 0x0000000701a00000| 98%| O|  |TAMS 0x00000007019f7bb8, 0x0000000701800000| Untracked 
|  13|0x0000000701a00000, 0x0000000701bffff8, 0x0000000701c00000| 99%| O|  |TAMS 0x0000000701bffff8, 0x0000000701a00000| Untracked 
|  14|0x0000000701c00000, 0x0000000701e00000, 0x0000000701e00000|100%|HS|  |TAMS 0x0000000701e00000, 0x0000000701c00000| Complete 
|  15|0x0000000701e00000, 0x0000000701ffffe0, 0x0000000702000000| 99%| O|  |TAMS 0x0000000701ffffe0, 0x0000000701e00000| Untracked 
|  16|0x0000000702000000, 0x00000007021ffcf0, 0x0000000702200000| 99%| O|  |TAMS 0x00000007021ffcf0, 0x0000000702000000| Untracked 
|  17|0x0000000702200000, 0x00000007023fffd0, 0x0000000702400000| 99%| O|  |TAMS 0x00000007023fffd0, 0x0000000702200000| Untracked 
|  18|0x0000000702400000, 0x00000007025cb8c0, 0x0000000702600000| 89%| O|  |TAMS 0x00000007025cb8c0, 0x0000000702400000| Untracked 
|  19|0x0000000702600000, 0x00000007027ffff8, 0x0000000702800000| 99%| O|  |TAMS 0x00000007027ffff8, 0x0000000702600000| Untracked 
|  20|0x0000000702800000, 0x00000007029fffd8, 0x0000000702a00000| 99%| O|  |TAMS 0x00000007029fffd8, 0x0000000702800000| Untracked 
|  21|0x0000000702a00000, 0x0000000702bffff0, 0x0000000702c00000| 99%| O|  |TAMS 0x0000000702bffff0, 0x0000000702a00000| Untracked 
|  22|0x0000000702c00000, 0x0000000702dffff0, 0x0000000702e00000| 99%| O|  |TAMS 0x0000000702dffff0, 0x0000000702c00000| Untracked 
|  23|0x0000000702e00000, 0x0000000702fffff0, 0x0000000703000000| 99%| O|  |TAMS 0x0000000702fffff0, 0x0000000702e00000| Untracked 
|  24|0x0000000703000000, 0x00000007031ffd70, 0x0000000703200000| 99%| O|  |TAMS 0x00000007031ffd70, 0x0000000703000000| Untracked 
|  25|0x0000000703200000, 0x00000007033ffff0, 0x0000000703400000| 99%| O|  |TAMS 0x00000007033ffff0, 0x0000000703200000| Untracked 
|  26|0x0000000703400000, 0x0000000703600000, 0x0000000703600000|100%| O|  |TAMS 0x0000000703600000, 0x0000000703400000| Untracked 
|  27|0x0000000703600000, 0x00000007037c7d08, 0x0000000703800000| 89%| O|  |TAMS 0x00000007037c7d08, 0x0000000703600000| Untracked 
|  28|0x0000000703800000, 0x00000007039ffff0, 0x0000000703a00000| 99%| O|  |TAMS 0x00000007039ffff0, 0x0000000703800000| Untracked 
|  29|0x0000000703a00000, 0x0000000703c00000, 0x0000000703c00000|100%|HS|  |TAMS 0x0000000703c00000, 0x0000000703a00000| Complete 
|  30|0x0000000703c00000, 0x0000000703e00000, 0x0000000703e00000|100%|HC|  |TAMS 0x0000000703e00000, 0x0000000703c00000| Complete 
|  31|0x0000000703e00000, 0x0000000704000000, 0x0000000704000000|100%|HS|  |TAMS 0x0000000704000000, 0x0000000703e00000| Complete 
|  32|0x0000000704000000, 0x0000000704200000, 0x0000000704200000|100%|HS|  |TAMS 0x0000000704200000, 0x0000000704000000| Complete 
|  33|0x0000000704200000, 0x0000000704400000, 0x0000000704400000|100%|HC|  |TAMS 0x0000000704400000, 0x0000000704200000| Complete 
|  34|0x0000000704400000, 0x0000000704471740, 0x0000000704600000| 22%| O|  |TAMS 0x0000000704471740, 0x0000000704400000| Complete 
|  35|0x0000000704600000, 0x00000007047ffff8, 0x0000000704800000| 99%| O|  |TAMS 0x00000007047ffff8, 0x0000000704600000| Untracked 
|  36|0x0000000704800000, 0x00000007049e6700, 0x0000000704a00000| 95%| O|  |TAMS 0x00000007049e6700, 0x0000000704800000| Untracked 
|  37|0x0000000704a00000, 0x0000000704b125d0, 0x0000000704c00000| 53%| O|  |TAMS 0x0000000704b125d0, 0x0000000704a00000| Untracked 
|  38|0x0000000704c00000, 0x0000000704e00000, 0x0000000704e00000|100%| O|  |TAMS 0x0000000704e00000, 0x0000000704c00000| Untracked 
|  39|0x0000000704e00000, 0x0000000704e9ac40, 0x0000000705000000| 30%| O|  |TAMS 0x0000000704e9ac40, 0x0000000704e00000| Untracked 
|  40|0x0000000705000000, 0x0000000705200000, 0x0000000705200000|100%| O|  |TAMS 0x0000000705200000, 0x0000000705000000| Complete 
|  41|0x0000000705200000, 0x0000000705400000, 0x0000000705400000|100%| O|  |TAMS 0x0000000705400000, 0x0000000705200000| Untracked 
|  42|0x0000000705400000, 0x0000000705600000, 0x0000000705600000|100%| O|  |TAMS 0x0000000705600000, 0x0000000705400000| Untracked 
|  43|0x0000000705600000, 0x0000000705800000, 0x0000000705800000|100%| O|  |TAMS 0x0000000705800000, 0x0000000705600000| Untracked 
|  44|0x0000000705800000, 0x0000000705a00000, 0x0000000705a00000|100%| O|  |TAMS 0x0000000705a00000, 0x0000000705800000| Untracked 
|  45|0x0000000705a00000, 0x0000000705c00000, 0x0000000705c00000|100%| O|  |TAMS 0x0000000705c00000, 0x0000000705a00000| Untracked 
|  46|0x0000000705c00000, 0x0000000705e00000, 0x0000000705e00000|100%| O|  |TAMS 0x0000000705e00000, 0x0000000705c00000| Untracked 
|  47|0x0000000705e00000, 0x0000000706000000, 0x0000000706000000|100%| O|  |TAMS 0x0000000706000000, 0x0000000705e00000| Complete 
|  48|0x0000000706000000, 0x0000000706200000, 0x0000000706200000|100%| O|  |TAMS 0x0000000706200000, 0x0000000706000000| Untracked 
|  49|0x0000000706200000, 0x0000000706400000, 0x0000000706400000|100%| O|  |TAMS 0x0000000706400000, 0x0000000706200000| Complete 
|  50|0x0000000706400000, 0x0000000706600000, 0x0000000706600000|100%| O|  |TAMS 0x0000000706600000, 0x0000000706400000| Untracked 
|  51|0x0000000706600000, 0x0000000706800000, 0x0000000706800000|100%| O|  |TAMS 0x0000000706800000, 0x0000000706600000| Untracked 
|  52|0x0000000706800000, 0x0000000706a00000, 0x0000000706a00000|100%| O|  |TAMS 0x0000000706a00000, 0x0000000706800000| Untracked 
|  53|0x0000000706a00000, 0x0000000706c00000, 0x0000000706c00000|100%| O|  |TAMS 0x0000000706c00000, 0x0000000706a00000| Untracked 
|  54|0x0000000706c00000, 0x0000000706e00000, 0x0000000706e00000|100%| O|  |TAMS 0x0000000706e00000, 0x0000000706c00000| Untracked 
|  55|0x0000000706e00000, 0x0000000707000000, 0x0000000707000000|100%| O|  |TAMS 0x0000000707000000, 0x0000000706e00000| Untracked 
|  56|0x0000000707000000, 0x0000000707200000, 0x0000000707200000|100%| O|  |TAMS 0x0000000707200000, 0x0000000707000000| Untracked 
|  57|0x0000000707200000, 0x0000000707400000, 0x0000000707400000|100%| O|  |TAMS 0x0000000707400000, 0x0000000707200000| Untracked 
|  58|0x0000000707400000, 0x0000000707600000, 0x0000000707600000|100%| O|  |TAMS 0x0000000707600000, 0x0000000707400000| Untracked 
|  59|0x0000000707600000, 0x0000000707800000, 0x0000000707800000|100%| O|  |TAMS 0x0000000707800000, 0x0000000707600000| Untracked 
|  60|0x0000000707800000, 0x0000000707a00000, 0x0000000707a00000|100%| O|  |TAMS 0x0000000707a00000, 0x0000000707800000| Untracked 
|  61|0x0000000707a00000, 0x0000000707c00000, 0x0000000707c00000|100%| O|  |TAMS 0x0000000707c00000, 0x0000000707a00000| Untracked 
|  62|0x0000000707c00000, 0x0000000707e00000, 0x0000000707e00000|100%| O|  |TAMS 0x0000000707e00000, 0x0000000707c00000| Untracked 
|  63|0x0000000707e00000, 0x0000000708000000, 0x0000000708000000|100%| O|  |TAMS 0x0000000708000000, 0x0000000707e00000| Untracked 
|  64|0x0000000708000000, 0x0000000708200000, 0x0000000708200000|100%| O|  |TAMS 0x0000000708200000, 0x0000000708000000| Untracked 
|  65|0x0000000708200000, 0x0000000708400000, 0x0000000708400000|100%| O|  |TAMS 0x0000000708400000, 0x0000000708200000| Untracked 
|  66|0x0000000708400000, 0x0000000708600000, 0x0000000708600000|100%| O|  |TAMS 0x0000000708600000, 0x0000000708400000| Untracked 
|  67|0x0000000708600000, 0x0000000708800000, 0x0000000708800000|100%| O|  |TAMS 0x0000000708800000, 0x0000000708600000| Untracked 
|  68|0x0000000708800000, 0x0000000708a00000, 0x0000000708a00000|100%| O|  |TAMS 0x0000000708a00000, 0x0000000708800000| Untracked 
|  69|0x0000000708a00000, 0x0000000708c00000, 0x0000000708c00000|100%| O|  |TAMS 0x0000000708c00000, 0x0000000708a00000| Untracked 
|  70|0x0000000708c00000, 0x0000000708e00000, 0x0000000708e00000|100%| O|  |TAMS 0x0000000708e00000, 0x0000000708c00000| Untracked 
|  71|0x0000000708e00000, 0x0000000709000000, 0x0000000709000000|100%| O|  |TAMS 0x0000000709000000, 0x0000000708e00000| Untracked 
|  72|0x0000000709000000, 0x0000000709200000, 0x0000000709200000|100%|HS|  |TAMS 0x0000000709200000, 0x0000000709000000| Complete 
|  73|0x0000000709200000, 0x0000000709400000, 0x0000000709400000|100%| O|  |TAMS 0x0000000709400000, 0x0000000709200000| Untracked 
|  74|0x0000000709400000, 0x0000000709600000, 0x0000000709600000|100%| O|  |TAMS 0x0000000709600000, 0x0000000709400000| Untracked 
|  75|0x0000000709600000, 0x0000000709800000, 0x0000000709800000|100%| O|  |TAMS 0x0000000709800000, 0x0000000709600000| Untracked 
|  76|0x0000000709800000, 0x0000000709a00000, 0x0000000709a00000|100%| O|  |TAMS 0x0000000709a00000, 0x0000000709800000| Untracked 
|  77|0x0000000709a00000, 0x0000000709c00000, 0x0000000709c00000|100%| O|  |TAMS 0x0000000709c00000, 0x0000000709a00000| Untracked 
|  78|0x0000000709c00000, 0x0000000709e00000, 0x0000000709e00000|100%| O|  |TAMS 0x0000000709e00000, 0x0000000709c00000| Untracked 
|  79|0x0000000709e00000, 0x000000070a000000, 0x000000070a000000|100%| O|  |TAMS 0x000000070a000000, 0x0000000709e00000| Untracked 
|  80|0x000000070a000000, 0x000000070a200000, 0x000000070a200000|100%| O|  |TAMS 0x000000070a200000, 0x000000070a000000| Untracked 
|  81|0x000000070a200000, 0x000000070a400000, 0x000000070a400000|100%| O|  |TAMS 0x000000070a400000, 0x000000070a200000| Untracked 
|  82|0x000000070a400000, 0x000000070a600000, 0x000000070a600000|100%| O|  |TAMS 0x000000070a600000, 0x000000070a400000| Untracked 
|  83|0x000000070a600000, 0x000000070a800000, 0x000000070a800000|100%| O|  |TAMS 0x000000070a800000, 0x000000070a600000| Untracked 
|  84|0x000000070a800000, 0x000000070aa00000, 0x000000070aa00000|100%| O|  |TAMS 0x000000070aa00000, 0x000000070a800000| Untracked 
|  85|0x000000070aa00000, 0x000000070ac00000, 0x000000070ac00000|100%| O|  |TAMS 0x000000070ac00000, 0x000000070aa00000| Untracked 
|  86|0x000000070ac00000, 0x000000070ae00000, 0x000000070ae00000|100%| O|  |TAMS 0x000000070ae00000, 0x000000070ac00000| Untracked 
|  87|0x000000070ae00000, 0x000000070b000000, 0x000000070b000000|100%| O|  |TAMS 0x000000070b000000, 0x000000070ae00000| Untracked 
|  88|0x000000070b000000, 0x000000070b200000, 0x000000070b200000|100%| O|  |TAMS 0x000000070b200000, 0x000000070b000000| Untracked 
|  89|0x000000070b200000, 0x000000070b400000, 0x000000070b400000|100%| O|  |TAMS 0x000000070b400000, 0x000000070b200000| Untracked 
|  90|0x000000070b400000, 0x000000070b600000, 0x000000070b600000|100%| O|  |TAMS 0x000000070b600000, 0x000000070b400000| Untracked 
|  91|0x000000070b600000, 0x000000070b800000, 0x000000070b800000|100%| O|  |TAMS 0x000000070b800000, 0x000000070b600000| Untracked 
|  92|0x000000070b800000, 0x000000070ba00000, 0x000000070ba00000|100%| O|  |TAMS 0x000000070ba00000, 0x000000070b800000| Untracked 
|  93|0x000000070ba00000, 0x000000070bc00000, 0x000000070bc00000|100%| O|  |TAMS 0x000000070bc00000, 0x000000070ba00000| Untracked 
|  94|0x000000070bc00000, 0x000000070be00000, 0x000000070be00000|100%| O|  |TAMS 0x000000070be00000, 0x000000070bc00000| Untracked 
|  95|0x000000070be00000, 0x000000070c000000, 0x000000070c000000|100%| O|  |TAMS 0x000000070c000000, 0x000000070be00000| Untracked 
|  96|0x000000070c000000, 0x000000070c200000, 0x000000070c200000|100%|HS|  |TAMS 0x000000070c200000, 0x000000070c000000| Complete 
|  97|0x000000070c200000, 0x000000070c400000, 0x000000070c400000|100%| O|  |TAMS 0x000000070c400000, 0x000000070c200000| Untracked 
|  98|0x000000070c400000, 0x000000070c600000, 0x000000070c600000|100%| O|  |TAMS 0x000000070c600000, 0x000000070c400000| Untracked 
|  99|0x000000070c600000, 0x000000070c800000, 0x000000070c800000|100%| O|  |TAMS 0x000000070c800000, 0x000000070c600000| Untracked 
| 100|0x000000070c800000, 0x000000070ca00000, 0x000000070ca00000|100%| O|  |TAMS 0x000000070ca00000, 0x000000070c800000| Untracked 
| 101|0x000000070ca00000, 0x000000070cc00000, 0x000000070cc00000|100%| O|  |TAMS 0x000000070cc00000, 0x000000070ca00000| Untracked 
| 102|0x000000070cc00000, 0x000000070ce00000, 0x000000070ce00000|100%| O|  |TAMS 0x000000070ce00000, 0x000000070cc00000| Untracked 
| 103|0x000000070ce00000, 0x000000070d000000, 0x000000070d000000|100%| O|  |TAMS 0x000000070d000000, 0x000000070ce00000| Untracked 
| 104|0x000000070d000000, 0x000000070d200000, 0x000000070d200000|100%| O|  |TAMS 0x000000070d200000, 0x000000070d000000| Untracked 
| 105|0x000000070d200000, 0x000000070d400000, 0x000000070d400000|100%| O|  |TAMS 0x000000070d400000, 0x000000070d200000| Untracked 
| 106|0x000000070d400000, 0x000000070d600000, 0x000000070d600000|100%| O|  |TAMS 0x000000070d600000, 0x000000070d400000| Untracked 
| 107|0x000000070d600000, 0x000000070d800000, 0x000000070d800000|100%| O|  |TAMS 0x000000070d800000, 0x000000070d600000| Untracked 
| 108|0x000000070d800000, 0x000000070da00000, 0x000000070da00000|100%| O|  |TAMS 0x000000070da00000, 0x000000070d800000| Untracked 
| 109|0x000000070da00000, 0x000000070dc00000, 0x000000070dc00000|100%| O|  |TAMS 0x000000070dc00000, 0x000000070da00000| Untracked 
| 110|0x000000070dc00000, 0x000000070de00000, 0x000000070de00000|100%| O|  |TAMS 0x000000070de00000, 0x000000070dc00000| Untracked 
| 111|0x000000070de00000, 0x000000070e000000, 0x000000070e000000|100%| O|  |TAMS 0x000000070e000000, 0x000000070de00000| Untracked 
| 112|0x000000070e000000, 0x000000070e200000, 0x000000070e200000|100%| O|  |TAMS 0x000000070e200000, 0x000000070e000000| Untracked 
| 113|0x000000070e200000, 0x000000070e400000, 0x000000070e400000|100%| O|  |TAMS 0x000000070e400000, 0x000000070e200000| Untracked 
| 114|0x000000070e400000, 0x000000070e600000, 0x000000070e600000|100%| O|  |TAMS 0x000000070e600000, 0x000000070e400000| Untracked 
| 115|0x000000070e600000, 0x000000070e800000, 0x000000070e800000|100%| O|  |TAMS 0x000000070e800000, 0x000000070e600000| Untracked 
| 116|0x000000070e800000, 0x000000070ea00000, 0x000000070ea00000|100%| O|  |TAMS 0x000000070ea00000, 0x000000070e800000| Untracked 
| 117|0x000000070ea00000, 0x000000070ec00000, 0x000000070ec00000|100%| O|  |TAMS 0x000000070ec00000, 0x000000070ea00000| Untracked 
| 118|0x000000070ec00000, 0x000000070ee00000, 0x000000070ee00000|100%| O|  |TAMS 0x000000070ee00000, 0x000000070ec00000| Untracked 
| 119|0x000000070ee00000, 0x000000070f000000, 0x000000070f000000|100%| O|  |TAMS 0x000000070f000000, 0x000000070ee00000| Untracked 
| 120|0x000000070f000000, 0x000000070f200000, 0x000000070f200000|100%| O|  |TAMS 0x000000070f200000, 0x000000070f000000| Untracked 
| 121|0x000000070f200000, 0x000000070f400000, 0x000000070f400000|100%| O|  |TAMS 0x000000070f400000, 0x000000070f200000| Untracked 
| 122|0x000000070f400000, 0x000000070f600000, 0x000000070f600000|100%| O|  |TAMS 0x000000070f600000, 0x000000070f400000| Untracked 
| 123|0x000000070f600000, 0x000000070f800000, 0x000000070f800000|100%| O|  |TAMS 0x000000070f800000, 0x000000070f600000| Untracked 
| 124|0x000000070f800000, 0x000000070fa00000, 0x000000070fa00000|100%| O|  |TAMS 0x000000070fa00000, 0x000000070f800000| Untracked 
| 125|0x000000070fa00000, 0x000000070fc00000, 0x000000070fc00000|100%| O|  |TAMS 0x000000070fc00000, 0x000000070fa00000| Untracked 
| 126|0x000000070fc00000, 0x000000070fe00000, 0x000000070fe00000|100%| O|  |TAMS 0x000000070fe00000, 0x000000070fc00000| Untracked 
| 127|0x000000070fe00000, 0x0000000710000000, 0x0000000710000000|100%|HS|  |TAMS 0x0000000710000000, 0x000000070fe00000| Complete 
| 128|0x0000000710000000, 0x0000000710200000, 0x0000000710200000|100%|HS|  |TAMS 0x0000000710200000, 0x0000000710000000| Complete 
| 129|0x0000000710200000, 0x0000000710400000, 0x0000000710400000|100%|HC|  |TAMS 0x0000000710400000, 0x0000000710200000| Complete 
| 130|0x0000000710400000, 0x0000000710600000, 0x0000000710600000|100%| O|  |TAMS 0x0000000710600000, 0x0000000710400000| Untracked 
| 131|0x0000000710600000, 0x0000000710800000, 0x0000000710800000|100%| O|  |TAMS 0x0000000710800000, 0x0000000710600000| Untracked 
| 132|0x0000000710800000, 0x0000000710a00000, 0x0000000710a00000|100%| O|  |TAMS 0x0000000710a00000, 0x0000000710800000| Untracked 
| 133|0x0000000710a00000, 0x0000000710c00000, 0x0000000710c00000|100%| O|  |TAMS 0x0000000710c00000, 0x0000000710a00000| Untracked 
| 134|0x0000000710c00000, 0x0000000710e00000, 0x0000000710e00000|100%| O|  |TAMS 0x0000000710e00000, 0x0000000710c00000| Untracked 
| 135|0x0000000710e00000, 0x0000000711000000, 0x0000000711000000|100%| O|  |TAMS 0x0000000711000000, 0x0000000710e00000| Untracked 
| 136|0x0000000711000000, 0x0000000711200000, 0x0000000711200000|100%| O|  |TAMS 0x0000000711200000, 0x0000000711000000| Untracked 
| 137|0x0000000711200000, 0x0000000711400000, 0x0000000711400000|100%| O|  |TAMS 0x0000000711400000, 0x0000000711200000| Untracked 
| 138|0x0000000711400000, 0x0000000711600000, 0x0000000711600000|100%| O|  |TAMS 0x0000000711600000, 0x0000000711400000| Untracked 
| 139|0x0000000711600000, 0x0000000711800000, 0x0000000711800000|100%| O|  |TAMS 0x0000000711800000, 0x0000000711600000| Untracked 
| 140|0x0000000711800000, 0x0000000711a00000, 0x0000000711a00000|100%| O|  |TAMS 0x0000000711a00000, 0x0000000711800000| Untracked 
| 141|0x0000000711a00000, 0x0000000711c00000, 0x0000000711c00000|100%| O|  |TAMS 0x0000000711c00000, 0x0000000711a00000| Untracked 
| 142|0x0000000711c00000, 0x0000000711e00000, 0x0000000711e00000|100%| O|  |TAMS 0x0000000711e00000, 0x0000000711c00000| Untracked 
| 143|0x0000000711e00000, 0x0000000712000000, 0x0000000712000000|100%| O|  |TAMS 0x0000000712000000, 0x0000000711e00000| Untracked 
| 144|0x0000000712000000, 0x0000000712200000, 0x0000000712200000|100%| O|  |TAMS 0x0000000712200000, 0x0000000712000000| Untracked 
| 145|0x0000000712200000, 0x0000000712400000, 0x0000000712400000|100%| O|  |TAMS 0x0000000712400000, 0x0000000712200000| Untracked 
| 146|0x0000000712400000, 0x0000000712600000, 0x0000000712600000|100%| O|  |TAMS 0x0000000712600000, 0x0000000712400000| Untracked 
| 147|0x0000000712600000, 0x0000000712800000, 0x0000000712800000|100%| O|  |TAMS 0x0000000712800000, 0x0000000712600000| Untracked 
| 148|0x0000000712800000, 0x0000000712a00000, 0x0000000712a00000|100%| O|  |TAMS 0x0000000712a00000, 0x0000000712800000| Untracked 
| 149|0x0000000712a00000, 0x0000000712c00000, 0x0000000712c00000|100%| O|  |TAMS 0x0000000712c00000, 0x0000000712a00000| Untracked 
| 150|0x0000000712c00000, 0x0000000712e00000, 0x0000000712e00000|100%| O|  |TAMS 0x0000000712e00000, 0x0000000712c00000| Untracked 
| 151|0x0000000712e00000, 0x0000000713000000, 0x0000000713000000|100%| O|  |TAMS 0x0000000713000000, 0x0000000712e00000| Untracked 
| 152|0x0000000713000000, 0x0000000713200000, 0x0000000713200000|100%| O|  |TAMS 0x0000000713200000, 0x0000000713000000| Untracked 
| 153|0x0000000713200000, 0x0000000713400000, 0x0000000713400000|100%| O|  |TAMS 0x0000000713400000, 0x0000000713200000| Complete 
| 154|0x0000000713400000, 0x0000000713600000, 0x0000000713600000|100%|HS|  |TAMS 0x0000000713600000, 0x0000000713400000| Complete 
| 155|0x0000000713600000, 0x0000000713800000, 0x0000000713800000|100%| O|  |TAMS 0x0000000713800000, 0x0000000713600000| Untracked 
| 156|0x0000000713800000, 0x0000000713a00000, 0x0000000713a00000|100%| O|  |TAMS 0x0000000713a00000, 0x0000000713800000| Untracked 
| 157|0x0000000713a00000, 0x0000000713c00000, 0x0000000713c00000|100%| O|  |TAMS 0x0000000713c00000, 0x0000000713a00000| Untracked 
| 158|0x0000000713c00000, 0x0000000713e00000, 0x0000000713e00000|100%| O|  |TAMS 0x0000000713e00000, 0x0000000713c00000| Untracked 
| 159|0x0000000713e00000, 0x0000000714000000, 0x0000000714000000|100%| O|  |TAMS 0x0000000714000000, 0x0000000713e00000| Untracked 
| 160|0x0000000714000000, 0x0000000714200000, 0x0000000714200000|100%| O|  |TAMS 0x0000000714200000, 0x0000000714000000| Untracked 
| 161|0x0000000714200000, 0x0000000714400000, 0x0000000714400000|100%| O|  |TAMS 0x0000000714400000, 0x0000000714200000| Untracked 
| 162|0x0000000714400000, 0x0000000714600000, 0x0000000714600000|100%| O|  |TAMS 0x0000000714600000, 0x0000000714400000| Untracked 
| 163|0x0000000714600000, 0x0000000714800000, 0x0000000714800000|100%| O|  |TAMS 0x0000000714800000, 0x0000000714600000| Untracked 
| 164|0x0000000714800000, 0x0000000714a00000, 0x0000000714a00000|100%| O|  |TAMS 0x0000000714a00000, 0x0000000714800000| Untracked 
| 165|0x0000000714a00000, 0x0000000714c00000, 0x0000000714c00000|100%| O|  |TAMS 0x0000000714c00000, 0x0000000714a00000| Untracked 
| 166|0x0000000714c00000, 0x0000000714e00000, 0x0000000714e00000|100%| O|  |TAMS 0x0000000714e00000, 0x0000000714c00000| Untracked 
| 167|0x0000000714e00000, 0x0000000715000000, 0x0000000715000000|100%| O|  |TAMS 0x0000000715000000, 0x0000000714e00000| Untracked 
| 168|0x0000000715000000, 0x0000000715200000, 0x0000000715200000|100%| O|  |TAMS 0x0000000715200000, 0x0000000715000000| Untracked 
| 169|0x0000000715200000, 0x0000000715400000, 0x0000000715400000|100%| O|  |TAMS 0x0000000715400000, 0x0000000715200000| Untracked 
| 170|0x0000000715400000, 0x0000000715600000, 0x0000000715600000|100%| O|  |TAMS 0x0000000715600000, 0x0000000715400000| Untracked 
| 171|0x0000000715600000, 0x0000000715800000, 0x0000000715800000|100%| O|  |TAMS 0x0000000715800000, 0x0000000715600000| Untracked 
| 172|0x0000000715800000, 0x0000000715a00000, 0x0000000715a00000|100%| O|  |TAMS 0x0000000715a00000, 0x0000000715800000| Untracked 
| 173|0x0000000715a00000, 0x0000000715c00000, 0x0000000715c00000|100%| O|  |TAMS 0x0000000715c00000, 0x0000000715a00000| Untracked 
| 174|0x0000000715c00000, 0x0000000715e00000, 0x0000000715e00000|100%| O|  |TAMS 0x0000000715e00000, 0x0000000715c00000| Untracked 
| 175|0x0000000715e00000, 0x0000000716000000, 0x0000000716000000|100%| O|  |TAMS 0x0000000716000000, 0x0000000715e00000| Untracked 
| 176|0x0000000716000000, 0x0000000716200000, 0x0000000716200000|100%| O|  |TAMS 0x0000000716200000, 0x0000000716000000| Untracked 
| 177|0x0000000716200000, 0x0000000716400000, 0x0000000716400000|100%| O|  |TAMS 0x0000000716400000, 0x0000000716200000| Untracked 
| 178|0x0000000716400000, 0x0000000716600000, 0x0000000716600000|100%| O|  |TAMS 0x0000000716600000, 0x0000000716400000| Untracked 
| 179|0x0000000716600000, 0x0000000716800000, 0x0000000716800000|100%| O|  |TAMS 0x0000000716800000, 0x0000000716600000| Untracked 
| 180|0x0000000716800000, 0x0000000716a00000, 0x0000000716a00000|100%| O|  |TAMS 0x0000000716a00000, 0x0000000716800000| Untracked 
| 181|0x0000000716a00000, 0x0000000716c00000, 0x0000000716c00000|100%| O|  |TAMS 0x0000000716c00000, 0x0000000716a00000| Untracked 
| 182|0x0000000716c00000, 0x0000000716e00000, 0x0000000716e00000|100%| O|  |TAMS 0x0000000716e00000, 0x0000000716c00000| Untracked 
| 183|0x0000000716e00000, 0x0000000717000000, 0x0000000717000000|100%| O|  |TAMS 0x0000000717000000, 0x0000000716e00000| Untracked 
| 184|0x0000000717000000, 0x0000000717200000, 0x0000000717200000|100%| O|  |TAMS 0x0000000717200000, 0x0000000717000000| Untracked 
| 185|0x0000000717200000, 0x0000000717400000, 0x0000000717400000|100%| O|  |TAMS 0x0000000717400000, 0x0000000717200000| Untracked 
| 186|0x0000000717400000, 0x0000000717600000, 0x0000000717600000|100%| O|  |TAMS 0x0000000717600000, 0x0000000717400000| Untracked 
| 187|0x0000000717600000, 0x0000000717800000, 0x0000000717800000|100%| O|  |TAMS 0x0000000717800000, 0x0000000717600000| Untracked 
| 188|0x0000000717800000, 0x0000000717a00000, 0x0000000717a00000|100%| O|  |TAMS 0x0000000717a00000, 0x0000000717800000| Untracked 
| 189|0x0000000717a00000, 0x0000000717c00000, 0x0000000717c00000|100%| O|  |TAMS 0x0000000717c00000, 0x0000000717a00000| Untracked 
| 190|0x0000000717c00000, 0x0000000717e00000, 0x0000000717e00000|100%| O|  |TAMS 0x0000000717e00000, 0x0000000717c00000| Untracked 
| 191|0x0000000717e00000, 0x0000000718000000, 0x0000000718000000|100%| O|  |TAMS 0x0000000718000000, 0x0000000717e00000| Untracked 
| 192|0x0000000718000000, 0x0000000718200000, 0x0000000718200000|100%| O|  |TAMS 0x0000000718200000, 0x0000000718000000| Untracked 
| 193|0x0000000718200000, 0x0000000718400000, 0x0000000718400000|100%| O|  |TAMS 0x0000000718400000, 0x0000000718200000| Untracked 
| 194|0x0000000718400000, 0x0000000718600000, 0x0000000718600000|100%| O|  |TAMS 0x0000000718600000, 0x0000000718400000| Untracked 
| 195|0x0000000718600000, 0x0000000718800000, 0x0000000718800000|100%| O|  |TAMS 0x0000000718800000, 0x0000000718600000| Untracked 
| 196|0x0000000718800000, 0x0000000718a00000, 0x0000000718a00000|100%| O|  |TAMS 0x0000000718a00000, 0x0000000718800000| Untracked 
| 197|0x0000000718a00000, 0x0000000718c00000, 0x0000000718c00000|100%| O|  |TAMS 0x0000000718c00000, 0x0000000718a00000| Untracked 
| 198|0x0000000718c00000, 0x0000000718e00000, 0x0000000718e00000|100%| O|  |TAMS 0x0000000718e00000, 0x0000000718c00000| Untracked 
| 199|0x0000000718e00000, 0x0000000719000000, 0x0000000719000000|100%| O|  |TAMS 0x0000000719000000, 0x0000000718e00000| Untracked 
| 200|0x0000000719000000, 0x0000000719200000, 0x0000000719200000|100%| O|  |TAMS 0x0000000719200000, 0x0000000719000000| Untracked 
| 201|0x0000000719200000, 0x0000000719400000, 0x0000000719400000|100%| O|  |TAMS 0x0000000719400000, 0x0000000719200000| Untracked 
| 202|0x0000000719400000, 0x0000000719600000, 0x0000000719600000|100%| O|  |TAMS 0x0000000719600000, 0x0000000719400000| Untracked 
| 203|0x0000000719600000, 0x0000000719800000, 0x0000000719800000|100%|HS|  |TAMS 0x0000000719800000, 0x0000000719600000| Complete 
| 204|0x0000000719800000, 0x0000000719a00000, 0x0000000719a00000|100%|HS|  |TAMS 0x0000000719a00000, 0x0000000719800000| Complete 
| 205|0x0000000719a00000, 0x0000000719c00000, 0x0000000719c00000|100%| O|  |TAMS 0x0000000719c00000, 0x0000000719a00000| Untracked 
| 206|0x0000000719c00000, 0x0000000719e00000, 0x0000000719e00000|100%| O|  |TAMS 0x0000000719e00000, 0x0000000719c00000| Untracked 
| 207|0x0000000719e00000, 0x000000071a000000, 0x000000071a000000|100%| O|  |TAMS 0x000000071a000000, 0x0000000719e00000| Untracked 
| 208|0x000000071a000000, 0x000000071a200000, 0x000000071a200000|100%| O|  |TAMS 0x000000071a200000, 0x000000071a000000| Untracked 
| 209|0x000000071a200000, 0x000000071a400000, 0x000000071a400000|100%| O|  |TAMS 0x000000071a400000, 0x000000071a200000| Untracked 
| 210|0x000000071a400000, 0x000000071a600000, 0x000000071a600000|100%| O|  |TAMS 0x000000071a600000, 0x000000071a400000| Untracked 
| 211|0x000000071a600000, 0x000000071a800000, 0x000000071a800000|100%| O|  |TAMS 0x000000071a800000, 0x000000071a600000| Untracked 
| 212|0x000000071a800000, 0x000000071aa00000, 0x000000071aa00000|100%| O|  |TAMS 0x000000071aa00000, 0x000000071a800000| Untracked 
| 213|0x000000071aa00000, 0x000000071ac00000, 0x000000071ac00000|100%| O|  |TAMS 0x000000071ac00000, 0x000000071aa00000| Untracked 
| 214|0x000000071ac00000, 0x000000071ae00000, 0x000000071ae00000|100%| O|  |TAMS 0x000000071ae00000, 0x000000071ac00000| Untracked 
| 215|0x000000071ae00000, 0x000000071b000000, 0x000000071b000000|100%| O|  |TAMS 0x000000071b000000, 0x000000071ae00000| Untracked 
| 216|0x000000071b000000, 0x000000071b200000, 0x000000071b200000|100%| O|  |TAMS 0x000000071b200000, 0x000000071b000000| Untracked 
| 217|0x000000071b200000, 0x000000071b400000, 0x000000071b400000|100%| O|  |TAMS 0x000000071b400000, 0x000000071b200000| Untracked 
| 218|0x000000071b400000, 0x000000071b600000, 0x000000071b600000|100%| O|  |TAMS 0x000000071b600000, 0x000000071b400000| Untracked 
| 219|0x000000071b600000, 0x000000071b800000, 0x000000071b800000|100%| O|  |TAMS 0x000000071b800000, 0x000000071b600000| Untracked 
| 220|0x000000071b800000, 0x000000071ba00000, 0x000000071ba00000|100%| O|  |TAMS 0x000000071ba00000, 0x000000071b800000| Untracked 
| 221|0x000000071ba00000, 0x000000071bc00000, 0x000000071bc00000|100%| O|  |TAMS 0x000000071bc00000, 0x000000071ba00000| Untracked 
| 222|0x000000071bc00000, 0x000000071be00000, 0x000000071be00000|100%| O|  |TAMS 0x000000071be00000, 0x000000071bc00000| Untracked 
| 223|0x000000071be00000, 0x000000071c000000, 0x000000071c000000|100%| O|  |TAMS 0x000000071c000000, 0x000000071be00000| Untracked 
| 224|0x000000071c000000, 0x000000071c200000, 0x000000071c200000|100%| O|  |TAMS 0x000000071c200000, 0x000000071c000000| Untracked 
| 225|0x000000071c200000, 0x000000071c400000, 0x000000071c400000|100%| O|  |TAMS 0x000000071c400000, 0x000000071c200000| Untracked 
| 226|0x000000071c400000, 0x000000071c600000, 0x000000071c600000|100%| O|  |TAMS 0x000000071c600000, 0x000000071c400000| Untracked 
| 227|0x000000071c600000, 0x000000071c800000, 0x000000071c800000|100%| O|  |TAMS 0x000000071c800000, 0x000000071c600000| Untracked 
| 228|0x000000071c800000, 0x000000071ca00000, 0x000000071ca00000|100%| O|  |TAMS 0x000000071ca00000, 0x000000071c800000| Untracked 
| 229|0x000000071ca00000, 0x000000071cc00000, 0x000000071cc00000|100%| O|  |TAMS 0x000000071cc00000, 0x000000071ca00000| Untracked 
| 230|0x000000071cc00000, 0x000000071ce00000, 0x000000071ce00000|100%| O|  |TAMS 0x000000071ce00000, 0x000000071cc00000| Complete 
| 231|0x000000071ce00000, 0x000000071d000000, 0x000000071d000000|100%| O|  |TAMS 0x000000071d000000, 0x000000071ce00000| Untracked 
| 232|0x000000071d000000, 0x000000071d200000, 0x000000071d200000|100%| O|  |TAMS 0x000000071d200000, 0x000000071d000000| Untracked 
| 233|0x000000071d200000, 0x000000071d400000, 0x000000071d400000|100%| O|  |TAMS 0x000000071d400000, 0x000000071d200000| Untracked 
| 234|0x000000071d400000, 0x000000071d600000, 0x000000071d600000|100%| O|  |TAMS 0x000000071d600000, 0x000000071d400000| Untracked 
| 235|0x000000071d600000, 0x000000071d800000, 0x000000071d800000|100%| O|  |TAMS 0x000000071d800000, 0x000000071d600000| Untracked 
| 236|0x000000071d800000, 0x000000071da00000, 0x000000071da00000|100%| O|  |TAMS 0x000000071da00000, 0x000000071d800000| Untracked 
| 237|0x000000071da00000, 0x000000071dc00000, 0x000000071dc00000|100%| O|  |TAMS 0x000000071dc00000, 0x000000071da00000| Untracked 
| 238|0x000000071dc00000, 0x000000071de00000, 0x000000071de00000|100%| O|  |TAMS 0x000000071de00000, 0x000000071dc00000| Untracked 
| 239|0x000000071de00000, 0x000000071e000000, 0x000000071e000000|100%| O|  |TAMS 0x000000071e000000, 0x000000071de00000| Untracked 
| 240|0x000000071e000000, 0x000000071e200000, 0x000000071e200000|100%| O|  |TAMS 0x000000071e200000, 0x000000071e000000| Untracked 
| 241|0x000000071e200000, 0x000000071e400000, 0x000000071e400000|100%| O|  |TAMS 0x000000071e400000, 0x000000071e200000| Untracked 
| 242|0x000000071e400000, 0x000000071e600000, 0x000000071e600000|100%| O|  |TAMS 0x000000071e600000, 0x000000071e400000| Untracked 
| 243|0x000000071e600000, 0x000000071e800000, 0x000000071e800000|100%| O|  |TAMS 0x000000071e800000, 0x000000071e600000| Untracked 
| 244|0x000000071e800000, 0x000000071ea00000, 0x000000071ea00000|100%| O|  |TAMS 0x000000071ea00000, 0x000000071e800000| Untracked 
| 245|0x000000071ea00000, 0x000000071ec00000, 0x000000071ec00000|100%| O|  |TAMS 0x000000071ec00000, 0x000000071ea00000| Untracked 
| 246|0x000000071ec00000, 0x000000071ee00000, 0x000000071ee00000|100%| O|  |TAMS 0x000000071ee00000, 0x000000071ec00000| Untracked 
| 247|0x000000071ee00000, 0x000000071f000000, 0x000000071f000000|100%| O|  |TAMS 0x000000071f000000, 0x000000071ee00000| Untracked 
| 248|0x000000071f000000, 0x000000071f200000, 0x000000071f200000|100%| O|  |TAMS 0x000000071f200000, 0x000000071f000000| Untracked 
| 249|0x000000071f200000, 0x000000071f400000, 0x000000071f400000|100%| O|  |TAMS 0x000000071f400000, 0x000000071f200000| Untracked 
| 250|0x000000071f400000, 0x000000071f600000, 0x000000071f600000|100%| O|  |TAMS 0x000000071f600000, 0x000000071f400000| Untracked 
| 251|0x000000071f600000, 0x000000071f800000, 0x000000071f800000|100%| O|  |TAMS 0x000000071f800000, 0x000000071f600000| Untracked 
| 252|0x000000071f800000, 0x000000071fa00000, 0x000000071fa00000|100%| O|  |TAMS 0x000000071fa00000, 0x000000071f800000| Untracked 
| 253|0x000000071fa00000, 0x000000071fc00000, 0x000000071fc00000|100%| O|  |TAMS 0x000000071fc00000, 0x000000071fa00000| Untracked 
| 254|0x000000071fc00000, 0x000000071fe00000, 0x000000071fe00000|100%| O|  |TAMS 0x000000071fe00000, 0x000000071fc00000| Untracked 
| 255|0x000000071fe00000, 0x0000000720000000, 0x0000000720000000|100%| O|  |TAMS 0x0000000720000000, 0x000000071fe00000| Untracked 
| 256|0x0000000720000000, 0x0000000720200000, 0x0000000720200000|100%| O|  |TAMS 0x0000000720200000, 0x0000000720000000| Complete 
| 257|0x0000000720200000, 0x0000000720400000, 0x0000000720400000|100%| O|  |TAMS 0x0000000720400000, 0x0000000720200000| Complete 
| 258|0x0000000720400000, 0x0000000720600000, 0x0000000720600000|100%| O|  |TAMS 0x0000000720600000, 0x0000000720400000| Untracked 
| 259|0x0000000720600000, 0x0000000720800000, 0x0000000720800000|100%| O|  |TAMS 0x0000000720800000, 0x0000000720600000| Untracked 
| 260|0x0000000720800000, 0x0000000720a00000, 0x0000000720a00000|100%| O|  |TAMS 0x0000000720a00000, 0x0000000720800000| Untracked 
| 261|0x0000000720a00000, 0x0000000720c00000, 0x0000000720c00000|100%| O|  |TAMS 0x0000000720c00000, 0x0000000720a00000| Untracked 
| 262|0x0000000720c00000, 0x0000000720e00000, 0x0000000720e00000|100%| O|  |TAMS 0x0000000720e00000, 0x0000000720c00000| Untracked 
| 263|0x0000000720e00000, 0x0000000721000000, 0x0000000721000000|100%| O|  |TAMS 0x0000000721000000, 0x0000000720e00000| Untracked 
| 264|0x0000000721000000, 0x0000000721200000, 0x0000000721200000|100%| O|  |TAMS 0x0000000721200000, 0x0000000721000000| Untracked 
| 265|0x0000000721200000, 0x0000000721400000, 0x0000000721400000|100%| O|  |TAMS 0x0000000721400000, 0x0000000721200000| Untracked 
| 266|0x0000000721400000, 0x0000000721600000, 0x0000000721600000|100%| O|  |TAMS 0x0000000721600000, 0x0000000721400000| Untracked 
| 267|0x0000000721600000, 0x0000000721800000, 0x0000000721800000|100%| O|  |TAMS 0x0000000721800000, 0x0000000721600000| Untracked 
| 268|0x0000000721800000, 0x0000000721a00000, 0x0000000721a00000|100%| O|  |TAMS 0x0000000721a00000, 0x0000000721800000| Untracked 
| 269|0x0000000721a00000, 0x0000000721c00000, 0x0000000721c00000|100%| O|  |TAMS 0x0000000721c00000, 0x0000000721a00000| Untracked 
| 270|0x0000000721c00000, 0x0000000721e00000, 0x0000000721e00000|100%| O|  |TAMS 0x0000000721e00000, 0x0000000721c00000| Untracked 
| 271|0x0000000721e00000, 0x0000000722000000, 0x0000000722000000|100%| O|  |TAMS 0x0000000722000000, 0x0000000721e00000| Untracked 
| 272|0x0000000722000000, 0x0000000722200000, 0x0000000722200000|100%| O|  |TAMS 0x0000000722200000, 0x0000000722000000| Untracked 
| 273|0x0000000722200000, 0x0000000722400000, 0x0000000722400000|100%| O|  |TAMS 0x0000000722400000, 0x0000000722200000| Untracked 
| 274|0x0000000722400000, 0x0000000722600000, 0x0000000722600000|100%| O|  |TAMS 0x0000000722600000, 0x0000000722400000| Untracked 
| 275|0x0000000722600000, 0x0000000722800000, 0x0000000722800000|100%| O|  |TAMS 0x0000000722800000, 0x0000000722600000| Untracked 
| 276|0x0000000722800000, 0x0000000722a00000, 0x0000000722a00000|100%| O|  |TAMS 0x0000000722a00000, 0x0000000722800000| Untracked 
| 277|0x0000000722a00000, 0x0000000722c00000, 0x0000000722c00000|100%| O|  |TAMS 0x0000000722c00000, 0x0000000722a00000| Untracked 
| 278|0x0000000722c00000, 0x0000000722e00000, 0x0000000722e00000|100%| O|  |TAMS 0x0000000722e00000, 0x0000000722c00000| Untracked 
| 279|0x0000000722e00000, 0x0000000723000000, 0x0000000723000000|100%| O|  |TAMS 0x0000000723000000, 0x0000000722e00000| Untracked 
| 280|0x0000000723000000, 0x0000000723200000, 0x0000000723200000|100%| O|  |TAMS 0x0000000723200000, 0x0000000723000000| Untracked 
| 281|0x0000000723200000, 0x0000000723400000, 0x0000000723400000|100%|HS|  |TAMS 0x0000000723200000, 0x0000000723200000| Complete 
| 282|0x0000000723400000, 0x0000000723600000, 0x0000000723600000|100%|HS|  |TAMS 0x0000000723400000, 0x0000000723400000| Complete 
| 283|0x0000000723600000, 0x0000000723800000, 0x0000000723800000|100%|HC|  |TAMS 0x0000000723600000, 0x0000000723600000| Complete 
| 284|0x0000000723800000, 0x0000000723a00000, 0x0000000723a00000|100%|HS|  |TAMS 0x0000000723a00000, 0x0000000723800000| Complete 
| 285|0x0000000723a00000, 0x0000000723c00000, 0x0000000723c00000|100%|HS|  |TAMS 0x0000000723c00000, 0x0000000723a00000| Complete 
| 286|0x0000000723c00000, 0x0000000723e00000, 0x0000000723e00000|100%|HC|  |TAMS 0x0000000723e00000, 0x0000000723c00000| Complete 
| 287|0x0000000723e00000, 0x0000000724000000, 0x0000000724000000|100%|HC|  |TAMS 0x0000000724000000, 0x0000000723e00000| Complete 
| 288|0x0000000724000000, 0x0000000724200000, 0x0000000724200000|100%|HC|  |TAMS 0x0000000724200000, 0x0000000724000000| Complete 
| 289|0x0000000724200000, 0x0000000724400000, 0x0000000724400000|100%|HC|  |TAMS 0x0000000724400000, 0x0000000724200000| Complete 
| 290|0x0000000724400000, 0x0000000724600000, 0x0000000724600000|100%|HC|  |TAMS 0x0000000724600000, 0x0000000724400000| Complete 
| 291|0x0000000724600000, 0x0000000724800000, 0x0000000724800000|100%|HC|  |TAMS 0x0000000724800000, 0x0000000724600000| Complete 
| 292|0x0000000724800000, 0x0000000724a00000, 0x0000000724a00000|100%|HC|  |TAMS 0x0000000724a00000, 0x0000000724800000| Complete 
| 293|0x0000000724a00000, 0x0000000724c00000, 0x0000000724c00000|100%|HC|  |TAMS 0x0000000724c00000, 0x0000000724a00000| Complete 
| 294|0x0000000724c00000, 0x0000000724e00000, 0x0000000724e00000|100%|HC|  |TAMS 0x0000000724e00000, 0x0000000724c00000| Complete 
| 295|0x0000000724e00000, 0x0000000725000000, 0x0000000725000000|100%|HS|  |TAMS 0x0000000725000000, 0x0000000724e00000| Complete 
| 296|0x0000000725000000, 0x0000000725200000, 0x0000000725200000|100%|HC|  |TAMS 0x0000000725200000, 0x0000000725000000| Complete 
| 297|0x0000000725200000, 0x0000000725400000, 0x0000000725400000|100%|HC|  |TAMS 0x0000000725400000, 0x0000000725200000| Complete 
| 298|0x0000000725400000, 0x0000000725600000, 0x0000000725600000|100%|HC|  |TAMS 0x0000000725600000, 0x0000000725400000| Complete 
| 299|0x0000000725600000, 0x0000000725800000, 0x0000000725800000|100%|HC|  |TAMS 0x0000000725800000, 0x0000000725600000| Complete 
| 300|0x0000000725800000, 0x0000000725a00000, 0x0000000725a00000|100%|HC|  |TAMS 0x0000000725a00000, 0x0000000725800000| Complete 
| 301|0x0000000725a00000, 0x0000000725c00000, 0x0000000725c00000|100%|HC|  |TAMS 0x0000000725c00000, 0x0000000725a00000| Complete 
| 302|0x0000000725c00000, 0x0000000725e00000, 0x0000000725e00000|100%|HS|  |TAMS 0x0000000725e00000, 0x0000000725c00000| Complete 
| 303|0x0000000725e00000, 0x0000000726000000, 0x0000000726000000|100%|HS|  |TAMS 0x0000000726000000, 0x0000000725e00000| Complete 
| 304|0x0000000726000000, 0x0000000726200000, 0x0000000726200000|100%|HC|  |TAMS 0x0000000726200000, 0x0000000726000000| Complete 
| 305|0x0000000726200000, 0x0000000726400000, 0x0000000726400000|100%|HC|  |TAMS 0x0000000726400000, 0x0000000726200000| Complete 
| 306|0x0000000726400000, 0x0000000726600000, 0x0000000726600000|100%|HC|  |TAMS 0x0000000726600000, 0x0000000726400000| Complete 
| 307|0x0000000726600000, 0x0000000726800000, 0x0000000726800000|100%|HC|  |TAMS 0x0000000726800000, 0x0000000726600000| Complete 
| 308|0x0000000726800000, 0x0000000726a00000, 0x0000000726a00000|100%|HC|  |TAMS 0x0000000726a00000, 0x0000000726800000| Complete 
| 309|0x0000000726a00000, 0x0000000726c00000, 0x0000000726c00000|100%|HC|  |TAMS 0x0000000726c00000, 0x0000000726a00000| Complete 
| 310|0x0000000726c00000, 0x0000000726e00000, 0x0000000726e00000|100%|HC|  |TAMS 0x0000000726e00000, 0x0000000726c00000| Complete 
| 311|0x0000000726e00000, 0x0000000727000000, 0x0000000727000000|100%|HC|  |TAMS 0x0000000727000000, 0x0000000726e00000| Complete 
| 312|0x0000000727000000, 0x0000000727200000, 0x0000000727200000|100%|HC|  |TAMS 0x0000000727200000, 0x0000000727000000| Complete 
| 313|0x0000000727200000, 0x0000000727400000, 0x0000000727400000|100%|HS|  |TAMS 0x0000000727400000, 0x0000000727200000| Complete 
| 314|0x0000000727400000, 0x0000000727600000, 0x0000000727600000|100%| O|  |TAMS 0x0000000727600000, 0x0000000727400000| Untracked 
| 315|0x0000000727600000, 0x0000000727800000, 0x0000000727800000|100%| O|  |TAMS 0x0000000727800000, 0x0000000727600000| Untracked 
| 316|0x0000000727800000, 0x0000000727a00000, 0x0000000727a00000|100%| O|  |TAMS 0x0000000727a00000, 0x0000000727800000| Untracked 
| 317|0x0000000727a00000, 0x0000000727c00000, 0x0000000727c00000|100%| O|  |TAMS 0x0000000727c00000, 0x0000000727a00000| Untracked 
| 318|0x0000000727c00000, 0x0000000727e00000, 0x0000000727e00000|100%| O|  |TAMS 0x0000000727e00000, 0x0000000727c00000| Untracked 
| 319|0x0000000727e00000, 0x0000000728000000, 0x0000000728000000|100%| O|  |TAMS 0x0000000728000000, 0x0000000727e00000| Untracked 
| 320|0x0000000728000000, 0x0000000728200000, 0x0000000728200000|100%| O|  |TAMS 0x0000000728200000, 0x0000000728000000| Untracked 
| 321|0x0000000728200000, 0x0000000728400000, 0x0000000728400000|100%|HS|  |TAMS 0x0000000728400000, 0x0000000728200000| Complete 
| 322|0x0000000728400000, 0x0000000728600000, 0x0000000728600000|100%|HC|  |TAMS 0x0000000728600000, 0x0000000728400000| Complete 
| 323|0x0000000728600000, 0x0000000728800000, 0x0000000728800000|100%|HC|  |TAMS 0x0000000728800000, 0x0000000728600000| Complete 
| 324|0x0000000728800000, 0x0000000728a00000, 0x0000000728a00000|100%|HC|  |TAMS 0x0000000728a00000, 0x0000000728800000| Complete 
| 325|0x0000000728a00000, 0x0000000728c00000, 0x0000000728c00000|100%|HC|  |TAMS 0x0000000728c00000, 0x0000000728a00000| Complete 
| 326|0x0000000728c00000, 0x0000000728e00000, 0x0000000728e00000|100%|HC|  |TAMS 0x0000000728e00000, 0x0000000728c00000| Complete 
| 327|0x0000000728e00000, 0x0000000729000000, 0x0000000729000000|100%|HC|  |TAMS 0x0000000729000000, 0x0000000728e00000| Complete 
| 328|0x0000000729000000, 0x0000000729200000, 0x0000000729200000|100%|HC|  |TAMS 0x0000000729200000, 0x0000000729000000| Complete 
| 329|0x0000000729200000, 0x0000000729400000, 0x0000000729400000|100%|HC|  |TAMS 0x0000000729400000, 0x0000000729200000| Complete 
| 330|0x0000000729400000, 0x0000000729600000, 0x0000000729600000|100%|HC|  |TAMS 0x0000000729600000, 0x0000000729400000| Complete 
| 331|0x0000000729600000, 0x0000000729800000, 0x0000000729800000|100%| O|  |TAMS 0x0000000729800000, 0x0000000729600000| Untracked 
| 332|0x0000000729800000, 0x0000000729a00000, 0x0000000729a00000|100%| O|  |TAMS 0x0000000729a00000, 0x0000000729800000| Untracked 
| 333|0x0000000729a00000, 0x0000000729c00000, 0x0000000729c00000|100%| O|  |TAMS 0x0000000729c00000, 0x0000000729a00000| Untracked 
| 334|0x0000000729c00000, 0x0000000729e00000, 0x0000000729e00000|100%| O|  |TAMS 0x0000000729e00000, 0x0000000729c00000| Untracked 
| 335|0x0000000729e00000, 0x000000072a000000, 0x000000072a000000|100%| O|  |TAMS 0x000000072a000000, 0x0000000729e00000| Untracked 
| 336|0x000000072a000000, 0x000000072a200000, 0x000000072a200000|100%| O|  |TAMS 0x000000072a200000, 0x000000072a000000| Untracked 
| 337|0x000000072a200000, 0x000000072a400000, 0x000000072a400000|100%| O|  |TAMS 0x000000072a21b000, 0x000000072a200000| Untracked 
| 338|0x000000072a400000, 0x000000072a600000, 0x000000072a600000|100%| O|  |TAMS 0x000000072a600000, 0x000000072a400000| Untracked 
| 339|0x000000072a600000, 0x000000072a800000, 0x000000072a800000|100%|HS|  |TAMS 0x000000072a600000, 0x000000072a600000| Complete 
| 340|0x000000072a800000, 0x000000072aa00000, 0x000000072aa00000|100%|HC|  |TAMS 0x000000072a800000, 0x000000072a800000| Complete 
| 341|0x000000072aa00000, 0x000000072ac00000, 0x000000072ac00000|100%|HC|  |TAMS 0x000000072aa00000, 0x000000072aa00000| Complete 
| 342|0x000000072ac00000, 0x000000072ae00000, 0x000000072ae00000|100%|HS|  |TAMS 0x000000072ac00000, 0x000000072ac00000| Complete 
| 343|0x000000072ae00000, 0x000000072b000000, 0x000000072b000000|100%|HC|  |TAMS 0x000000072ae00000, 0x000000072ae00000| Complete 
| 344|0x000000072b000000, 0x000000072b200000, 0x000000072b200000|100%|HS|  |TAMS 0x000000072b000000, 0x000000072b000000| Complete 
| 345|0x000000072b200000, 0x000000072b400000, 0x000000072b400000|100%|HS|  |TAMS 0x000000072b200000, 0x000000072b200000| Complete 
| 346|0x000000072b400000, 0x000000072b600000, 0x000000072b600000|100%|HC|  |TAMS 0x000000072b400000, 0x000000072b400000| Complete 
| 347|0x000000072b600000, 0x000000072b800000, 0x000000072b800000|100%|HS|  |TAMS 0x000000072b800000, 0x000000072b600000| Complete 
| 348|0x000000072b800000, 0x000000072ba00000, 0x000000072ba00000|100%|HC|  |TAMS 0x000000072ba00000, 0x000000072b800000| Complete 
| 349|0x000000072ba00000, 0x000000072bc00000, 0x000000072bc00000|100%|HC|  |TAMS 0x000000072bc00000, 0x000000072ba00000| Complete 
| 350|0x000000072bc00000, 0x000000072be00000, 0x000000072be00000|100%|HC|  |TAMS 0x000000072be00000, 0x000000072bc00000| Complete 
| 351|0x000000072be00000, 0x000000072c000000, 0x000000072c000000|100%|HS|  |TAMS 0x000000072be00000, 0x000000072be00000| Complete 
| 352|0x000000072c000000, 0x000000072c200000, 0x000000072c200000|100%|HC|  |TAMS 0x000000072c000000, 0x000000072c000000| Complete 
| 353|0x000000072c200000, 0x000000072c400000, 0x000000072c400000|100%|HS|  |TAMS 0x000000072c400000, 0x000000072c200000| Complete 
| 354|0x000000072c400000, 0x000000072c600000, 0x000000072c600000|100%|HC|  |TAMS 0x000000072c600000, 0x000000072c400000| Complete 
| 355|0x000000072c600000, 0x000000072c800000, 0x000000072c800000|100%|HC|  |TAMS 0x000000072c800000, 0x000000072c600000| Complete 
| 356|0x000000072c800000, 0x000000072ca00000, 0x000000072ca00000|100%|HC|  |TAMS 0x000000072ca00000, 0x000000072c800000| Complete 
| 357|0x000000072ca00000, 0x000000072cc00000, 0x000000072cc00000|100%|HS|  |TAMS 0x000000072cc00000, 0x000000072ca00000| Complete 
| 358|0x000000072cc00000, 0x000000072ce00000, 0x000000072ce00000|100%|HC|  |TAMS 0x000000072ce00000, 0x000000072cc00000| Complete 
| 359|0x000000072ce00000, 0x000000072d000000, 0x000000072d000000|100%|HC|  |TAMS 0x000000072d000000, 0x000000072ce00000| Complete 
| 360|0x000000072d000000, 0x000000072d200000, 0x000000072d200000|100%|HC|  |TAMS 0x000000072d200000, 0x000000072d000000| Complete 
| 361|0x000000072d200000, 0x000000072d400000, 0x000000072d400000|100%|HS|  |TAMS 0x000000072d200000, 0x000000072d200000| Complete 
| 362|0x000000072d400000, 0x000000072d600000, 0x000000072d600000|100%|HC|  |TAMS 0x000000072d400000, 0x000000072d400000| Complete 
| 363|0x000000072d600000, 0x000000072d800000, 0x000000072d800000|100%|HC|  |TAMS 0x000000072d600000, 0x000000072d600000| Complete 
| 364|0x000000072d800000, 0x000000072da00000, 0x000000072da00000|100%|HC|  |TAMS 0x000000072d800000, 0x000000072d800000| Complete 
| 365|0x000000072da00000, 0x000000072dc00000, 0x000000072dc00000|100%|HS|  |TAMS 0x000000072da00000, 0x000000072da00000| Complete 
| 366|0x000000072dc00000, 0x000000072de00000, 0x000000072de00000|100%|HC|  |TAMS 0x000000072dc00000, 0x000000072dc00000| Complete 
| 367|0x000000072de00000, 0x000000072e000000, 0x000000072e000000|100%|HC|  |TAMS 0x000000072de00000, 0x000000072de00000| Complete 
| 368|0x000000072e000000, 0x000000072e200000, 0x000000072e200000|100%|HC|  |TAMS 0x000000072e000000, 0x000000072e000000| Complete 
| 369|0x000000072e200000, 0x000000072e400000, 0x000000072e400000|100%|HC|  |TAMS 0x000000072e200000, 0x000000072e200000| Complete 
| 370|0x000000072e400000, 0x000000072e600000, 0x000000072e600000|100%|HS|  |TAMS 0x000000072e400000, 0x000000072e400000| Complete 
| 371|0x000000072e600000, 0x000000072e800000, 0x000000072e800000|100%|HC|  |TAMS 0x000000072e600000, 0x000000072e600000| Complete 
| 372|0x000000072e800000, 0x000000072ea00000, 0x000000072ea00000|100%|HS|  |TAMS 0x000000072e800000, 0x000000072e800000| Complete 
| 373|0x000000072ea00000, 0x000000072ec00000, 0x000000072ec00000|100%|HC|  |TAMS 0x000000072ea00000, 0x000000072ea00000| Complete 
| 374|0x000000072ec00000, 0x000000072ee00000, 0x000000072ee00000|100%|HC|  |TAMS 0x000000072ec00000, 0x000000072ec00000| Complete 
| 375|0x000000072ee00000, 0x000000072f000000, 0x000000072f000000|100%|HS|  |TAMS 0x000000072ee00000, 0x000000072ee00000| Complete 
| 376|0x000000072f000000, 0x000000072f200000, 0x000000072f200000|100%|HS|  |TAMS 0x000000072f000000, 0x000000072f000000| Complete 
| 377|0x000000072f200000, 0x000000072f400000, 0x000000072f400000|100%|HS|  |TAMS 0x000000072f200000, 0x000000072f200000| Complete 
| 378|0x000000072f400000, 0x000000072f600000, 0x000000072f600000|100%|HC|  |TAMS 0x000000072f400000, 0x000000072f400000| Complete 
| 379|0x000000072f600000, 0x000000072f800000, 0x000000072f800000|100%|HS|  |TAMS 0x000000072f600000, 0x000000072f600000| Complete 
| 380|0x000000072f800000, 0x000000072fa00000, 0x000000072fa00000|100%|HC|  |TAMS 0x000000072f800000, 0x000000072f800000| Complete 
| 381|0x000000072fa00000, 0x000000072fc00000, 0x000000072fc00000|100%|HC|  |TAMS 0x000000072fa00000, 0x000000072fa00000| Complete 
| 382|0x000000072fc00000, 0x000000072fe00000, 0x000000072fe00000|100%|HC|  |TAMS 0x000000072fc00000, 0x000000072fc00000| Complete 
| 383|0x000000072fe00000, 0x0000000730000000, 0x0000000730000000|100%|HC|  |TAMS 0x000000072fe00000, 0x000000072fe00000| Complete 
| 384|0x0000000730000000, 0x0000000730000000, 0x0000000730200000|  0%| F|  |TAMS 0x0000000730000000, 0x0000000730000000| Untracked 
| 385|0x0000000730200000, 0x0000000730400000, 0x0000000730400000|100%|HS|  |TAMS 0x0000000730200000, 0x0000000730200000| Complete 
| 386|0x0000000730400000, 0x0000000730600000, 0x0000000730600000|100%|HC|  |TAMS 0x0000000730400000, 0x0000000730400000| Complete 
| 387|0x0000000730600000, 0x0000000730800000, 0x0000000730800000|100%|HS|  |TAMS 0x0000000730600000, 0x0000000730600000| Complete 
| 388|0x0000000730800000, 0x0000000730a00000, 0x0000000730a00000|100%|HC|  |TAMS 0x0000000730800000, 0x0000000730800000| Complete 
| 389|0x0000000730a00000, 0x0000000730c00000, 0x0000000730c00000|100%|HC|  |TAMS 0x0000000730a00000, 0x0000000730a00000| Complete 
| 390|0x0000000730c00000, 0x0000000730e00000, 0x0000000730e00000|100%|HS|  |TAMS 0x0000000730c00000, 0x0000000730c00000| Complete 
| 391|0x0000000730e00000, 0x0000000731000000, 0x0000000731000000|100%|HC|  |TAMS 0x0000000730e00000, 0x0000000730e00000| Complete 
| 392|0x0000000731000000, 0x0000000731000000, 0x0000000731200000|  0%| F|  |TAMS 0x0000000731000000, 0x0000000731000000| Untracked 
| 393|0x0000000731200000, 0x0000000731400000, 0x0000000731400000|100%|HS|  |TAMS 0x0000000731200000, 0x0000000731200000| Complete 
| 394|0x0000000731400000, 0x0000000731600000, 0x0000000731600000|100%|HC|  |TAMS 0x0000000731400000, 0x0000000731400000| Complete 
| 395|0x0000000731600000, 0x0000000731800000, 0x0000000731800000|100%|HS|  |TAMS 0x0000000731600000, 0x0000000731600000| Complete 
| 396|0x0000000731800000, 0x0000000731a00000, 0x0000000731a00000|100%|HC|  |TAMS 0x0000000731800000, 0x0000000731800000| Complete 
| 397|0x0000000731a00000, 0x0000000731c00000, 0x0000000731c00000|100%|HC|  |TAMS 0x0000000731a00000, 0x0000000731a00000| Complete 
| 398|0x0000000731c00000, 0x0000000731e00000, 0x0000000731e00000|100%|HS|  |TAMS 0x0000000731c00000, 0x0000000731c00000| Complete 
| 399|0x0000000731e00000, 0x0000000732000000, 0x0000000732000000|100%|HC|  |TAMS 0x0000000731e00000, 0x0000000731e00000| Complete 
| 400|0x0000000732000000, 0x0000000732200000, 0x0000000732200000|100%|HS|  |TAMS 0x0000000732000000, 0x0000000732000000| Complete 
| 401|0x0000000732200000, 0x0000000732400000, 0x0000000732400000|100%|HC|  |TAMS 0x0000000732200000, 0x0000000732200000| Complete 
| 402|0x0000000732400000, 0x0000000732600000, 0x0000000732600000|100%|HC|  |TAMS 0x0000000732400000, 0x0000000732400000| Complete 
| 403|0x0000000732600000, 0x0000000732800000, 0x0000000732800000|100%|HC|  |TAMS 0x0000000732600000, 0x0000000732600000| Complete 
| 404|0x0000000732800000, 0x0000000732a00000, 0x0000000732a00000|100%|HC|  |TAMS 0x0000000732800000, 0x0000000732800000| Complete 
| 405|0x0000000732a00000, 0x0000000732a00000, 0x0000000732c00000|  0%| F|  |TAMS 0x0000000732a00000, 0x0000000732a00000| Untracked 
| 406|0x0000000732c00000, 0x0000000732e00000, 0x0000000732e00000|100%|HS|  |TAMS 0x0000000732c00000, 0x0000000732c00000| Complete 
| 407|0x0000000732e00000, 0x0000000733000000, 0x0000000733000000|100%|HC|  |TAMS 0x0000000732e00000, 0x0000000732e00000| Complete 
| 408|0x0000000733000000, 0x0000000733200000, 0x0000000733200000|100%|HC|  |TAMS 0x0000000733000000, 0x0000000733000000| Complete 
| 409|0x0000000733200000, 0x0000000733400000, 0x0000000733400000|100%|HS|  |TAMS 0x0000000733200000, 0x0000000733200000| Complete 
| 410|0x0000000733400000, 0x0000000733600000, 0x0000000733600000|100%|HC|  |TAMS 0x0000000733400000, 0x0000000733400000| Complete 
| 411|0x0000000733600000, 0x0000000733800000, 0x0000000733800000|100%|HS|  |TAMS 0x0000000733600000, 0x0000000733600000| Complete 
| 412|0x0000000733800000, 0x0000000733a00000, 0x0000000733a00000|100%|HC|  |TAMS 0x0000000733800000, 0x0000000733800000| Complete 
| 413|0x0000000733a00000, 0x0000000733c00000, 0x0000000733c00000|100%|HC|  |TAMS 0x0000000733a00000, 0x0000000733a00000| Complete 
| 414|0x0000000733c00000, 0x0000000733e00000, 0x0000000733e00000|100%|HC|  |TAMS 0x0000000733c00000, 0x0000000733c00000| Complete 
| 415|0x0000000733e00000, 0x0000000734000000, 0x0000000734000000|100%|HC|  |TAMS 0x0000000733e00000, 0x0000000733e00000| Complete 
| 416|0x0000000734000000, 0x0000000734200000, 0x0000000734200000|100%|HC|  |TAMS 0x0000000734000000, 0x0000000734000000| Complete 
| 417|0x0000000734200000, 0x0000000734400000, 0x0000000734400000|100%|HC|  |TAMS 0x0000000734200000, 0x0000000734200000| Complete 
| 418|0x0000000734400000, 0x0000000734600000, 0x0000000734600000|100%|HC|  |TAMS 0x0000000734400000, 0x0000000734400000| Complete 
| 419|0x0000000734600000, 0x0000000734800000, 0x0000000734800000|100%|HC|  |TAMS 0x0000000734600000, 0x0000000734600000| Complete 
| 420|0x0000000734800000, 0x0000000734a00000, 0x0000000734a00000|100%|HS|  |TAMS 0x0000000734800000, 0x0000000734800000| Complete 
| 421|0x0000000734a00000, 0x0000000734c00000, 0x0000000734c00000|100%|HC|  |TAMS 0x0000000734a00000, 0x0000000734a00000| Complete 
| 422|0x0000000734c00000, 0x0000000734e00000, 0x0000000734e00000|100%|HC|  |TAMS 0x0000000734c00000, 0x0000000734c00000| Complete 
| 423|0x0000000734e00000, 0x0000000735000000, 0x0000000735000000|100%|HS|  |TAMS 0x0000000734e00000, 0x0000000734e00000| Complete 
| 424|0x0000000735000000, 0x0000000735200000, 0x0000000735200000|100%|HC|  |TAMS 0x0000000735000000, 0x0000000735000000| Complete 
| 425|0x0000000735200000, 0x0000000735400000, 0x0000000735400000|100%|HC|  |TAMS 0x0000000735200000, 0x0000000735200000| Complete 
| 426|0x0000000735400000, 0x0000000735600000, 0x0000000735600000|100%|HC|  |TAMS 0x0000000735400000, 0x0000000735400000| Complete 
| 427|0x0000000735600000, 0x0000000735800000, 0x0000000735800000|100%|HC|  |TAMS 0x0000000735600000, 0x0000000735600000| Complete 
| 428|0x0000000735800000, 0x0000000735a00000, 0x0000000735a00000|100%|HC|  |TAMS 0x0000000735800000, 0x0000000735800000| Complete 
| 429|0x0000000735a00000, 0x0000000735c00000, 0x0000000735c00000|100%|HC|  |TAMS 0x0000000735a00000, 0x0000000735a00000| Complete 
| 430|0x0000000735c00000, 0x0000000735e00000, 0x0000000735e00000|100%|HC|  |TAMS 0x0000000735c00000, 0x0000000735c00000| Complete 
| 431|0x0000000735e00000, 0x0000000736000000, 0x0000000736000000|100%|HC|  |TAMS 0x0000000735e00000, 0x0000000735e00000| Complete 
| 432|0x0000000736000000, 0x0000000736000000, 0x0000000736200000|  0%| F|  |TAMS 0x0000000736000000, 0x0000000736000000| Untracked 
| 433|0x0000000736200000, 0x0000000736400000, 0x0000000736400000|100%| O|  |TAMS 0x0000000736200000, 0x0000000736200000| Untracked 
| 434|0x0000000736400000, 0x0000000736600000, 0x0000000736600000|100%|HS|  |TAMS 0x0000000736400000, 0x0000000736400000| Complete 
| 435|0x0000000736600000, 0x0000000736800000, 0x0000000736800000|100%|HC|  |TAMS 0x0000000736600000, 0x0000000736600000| Complete 
| 436|0x0000000736800000, 0x0000000736a00000, 0x0000000736a00000|100%|HC|  |TAMS 0x0000000736800000, 0x0000000736800000| Complete 
| 437|0x0000000736a00000, 0x0000000736c00000, 0x0000000736c00000|100%|HS|  |TAMS 0x0000000736a00000, 0x0000000736a00000| Complete 
| 438|0x0000000736c00000, 0x0000000736e00000, 0x0000000736e00000|100%|HC|  |TAMS 0x0000000736c00000, 0x0000000736c00000| Complete 
| 439|0x0000000736e00000, 0x0000000737000000, 0x0000000737000000|100%|HC|  |TAMS 0x0000000736e00000, 0x0000000736e00000| Complete 
| 440|0x0000000737000000, 0x0000000737200000, 0x0000000737200000|100%|HC|  |TAMS 0x0000000737000000, 0x0000000737000000| Complete 
| 441|0x0000000737200000, 0x0000000737400000, 0x0000000737400000|100%|HC|  |TAMS 0x0000000737200000, 0x0000000737200000| Complete 
| 442|0x0000000737400000, 0x0000000737600000, 0x0000000737600000|100%|HC|  |TAMS 0x0000000737400000, 0x0000000737400000| Complete 
| 443|0x0000000737600000, 0x0000000737800000, 0x0000000737800000|100%|HC|  |TAMS 0x0000000737600000, 0x0000000737600000| Complete 
| 444|0x0000000737800000, 0x0000000737a00000, 0x0000000737a00000|100%|HC|  |TAMS 0x0000000737800000, 0x0000000737800000| Complete 
| 445|0x0000000737a00000, 0x0000000737c00000, 0x0000000737c00000|100%|HC|  |TAMS 0x0000000737a00000, 0x0000000737a00000| Complete 
| 446|0x0000000737c00000, 0x0000000737e00000, 0x0000000737e00000|100%| O|  |TAMS 0x0000000737c00000, 0x0000000737c00000| Untracked 
| 447|0x0000000737e00000, 0x0000000738000000, 0x0000000738000000|100%| O|  |TAMS 0x0000000737e00000, 0x0000000737e00000| Untracked 
| 448|0x0000000738000000, 0x0000000738200000, 0x0000000738200000|100%|HS|  |TAMS 0x0000000738000000, 0x0000000738000000| Complete 
| 449|0x0000000738200000, 0x0000000738400000, 0x0000000738400000|100%|HC|  |TAMS 0x0000000738200000, 0x0000000738200000| Complete 
| 450|0x0000000738400000, 0x0000000738600000, 0x0000000738600000|100%|HC|  |TAMS 0x0000000738400000, 0x0000000738400000| Complete 
| 451|0x0000000738600000, 0x0000000738800000, 0x0000000738800000|100%|HS|  |TAMS 0x0000000738600000, 0x0000000738600000| Complete 
| 452|0x0000000738800000, 0x0000000738a00000, 0x0000000738a00000|100%|HC|  |TAMS 0x0000000738800000, 0x0000000738800000| Complete 
| 453|0x0000000738a00000, 0x0000000738c00000, 0x0000000738c00000|100%|HS|  |TAMS 0x0000000738a00000, 0x0000000738a00000| Complete 
| 454|0x0000000738c00000, 0x0000000738e00000, 0x0000000738e00000|100%|HC|  |TAMS 0x0000000738c00000, 0x0000000738c00000| Complete 
| 455|0x0000000738e00000, 0x0000000739000000, 0x0000000739000000|100%|HC|  |TAMS 0x0000000738e00000, 0x0000000738e00000| Complete 
| 456|0x0000000739000000, 0x0000000739000000, 0x0000000739200000|  0%| F|  |TAMS 0x0000000739000000, 0x0000000739000000| Untracked 
| 457|0x0000000739200000, 0x0000000739200000, 0x0000000739400000|  0%| F|  |TAMS 0x0000000739200000, 0x0000000739200000| Untracked 
| 458|0x0000000739400000, 0x0000000739400000, 0x0000000739600000|  0%| F|  |TAMS 0x0000000739400000, 0x0000000739400000| Untracked 
| 459|0x0000000739600000, 0x0000000739800000, 0x0000000739800000|100%| O|  |TAMS 0x0000000739600000, 0x0000000739600000| Untracked 
| 460|0x0000000739800000, 0x0000000739a00000, 0x0000000739a00000|100%| O|  |TAMS 0x0000000739800000, 0x0000000739800000| Untracked 
| 461|0x0000000739a00000, 0x0000000739c00000, 0x0000000739c00000|100%| O|  |TAMS 0x0000000739a00000, 0x0000000739a00000| Untracked 
| 462|0x0000000739c00000, 0x0000000739e00000, 0x0000000739e00000|100%|HS|  |TAMS 0x0000000739c00000, 0x0000000739c00000| Complete 
| 463|0x0000000739e00000, 0x000000073a000000, 0x000000073a000000|100%|HC|  |TAMS 0x0000000739e00000, 0x0000000739e00000| Complete 
| 464|0x000000073a000000, 0x000000073a200000, 0x000000073a200000|100%|HC|  |TAMS 0x000000073a000000, 0x000000073a000000| Complete 
| 465|0x000000073a200000, 0x000000073a400000, 0x000000073a400000|100%|HC|  |TAMS 0x000000073a200000, 0x000000073a200000| Complete 
| 466|0x000000073a400000, 0x000000073a600000, 0x000000073a600000|100%|HC|  |TAMS 0x000000073a400000, 0x000000073a400000| Complete 
| 467|0x000000073a600000, 0x000000073a800000, 0x000000073a800000|100%|HC|  |TAMS 0x000000073a600000, 0x000000073a600000| Complete 
| 468|0x000000073a800000, 0x000000073aa00000, 0x000000073aa00000|100%|HC|  |TAMS 0x000000073a800000, 0x000000073a800000| Complete 
| 469|0x000000073aa00000, 0x000000073ac00000, 0x000000073ac00000|100%|HC|  |TAMS 0x000000073aa00000, 0x000000073aa00000| Complete 
| 470|0x000000073ac00000, 0x000000073ae00000, 0x000000073ae00000|100%|HC|  |TAMS 0x000000073ac00000, 0x000000073ac00000| Complete 
| 471|0x000000073ae00000, 0x000000073b000000, 0x000000073b000000|100%| O|  |TAMS 0x000000073ae00000, 0x000000073ae00000| Untracked 
| 472|0x000000073b000000, 0x000000073b200000, 0x000000073b200000|100%| O|  |TAMS 0x000000073b000000, 0x000000073b000000| Untracked 
| 473|0x000000073b200000, 0x000000073b400000, 0x000000073b400000|100%| O|  |TAMS 0x000000073b200000, 0x000000073b200000| Untracked 
| 474|0x000000073b400000, 0x000000073b600000, 0x000000073b600000|100%| O|  |TAMS 0x000000073b400000, 0x000000073b400000| Untracked 
| 475|0x000000073b600000, 0x000000073b800000, 0x000000073b800000|100%| O|  |TAMS 0x000000073b600000, 0x000000073b600000| Untracked 
| 476|0x000000073b800000, 0x000000073ba00000, 0x000000073ba00000|100%| O|  |TAMS 0x000000073b800000, 0x000000073b800000| Untracked 
| 477|0x000000073ba00000, 0x000000073bc00000, 0x000000073bc00000|100%| O|  |TAMS 0x000000073ba00000, 0x000000073ba00000| Untracked 
| 478|0x000000073bc00000, 0x000000073be00000, 0x000000073be00000|100%|HS|  |TAMS 0x000000073bc00000, 0x000000073bc00000| Complete 
| 479|0x000000073be00000, 0x000000073c000000, 0x000000073c000000|100%|HC|  |TAMS 0x000000073be00000, 0x000000073be00000| Complete 
| 480|0x000000073c000000, 0x000000073c200000, 0x000000073c200000|100%|HC|  |TAMS 0x000000073c000000, 0x000000073c000000| Complete 
| 481|0x000000073c200000, 0x000000073c400000, 0x000000073c400000|100%|HC|  |TAMS 0x000000073c200000, 0x000000073c200000| Complete 
| 482|0x000000073c400000, 0x000000073c600000, 0x000000073c600000|100%|HC|  |TAMS 0x000000073c400000, 0x000000073c400000| Complete 
| 483|0x000000073c600000, 0x000000073c800000, 0x000000073c800000|100%|HC|  |TAMS 0x000000073c600000, 0x000000073c600000| Complete 
| 484|0x000000073c800000, 0x000000073ca00000, 0x000000073ca00000|100%|HC|  |TAMS 0x000000073c800000, 0x000000073c800000| Complete 
| 485|0x000000073ca00000, 0x000000073cc00000, 0x000000073cc00000|100%|HC|  |TAMS 0x000000073ca00000, 0x000000073ca00000| Complete 
| 486|0x000000073cc00000, 0x000000073ce00000, 0x000000073ce00000|100%|HC|  |TAMS 0x000000073cc00000, 0x000000073cc00000| Complete 
| 487|0x000000073ce00000, 0x000000073d000000, 0x000000073d000000|100%|HC|  |TAMS 0x000000073ce00000, 0x000000073ce00000| Complete 
| 488|0x000000073d000000, 0x000000073d200000, 0x000000073d200000|100%|HC|  |TAMS 0x000000073d000000, 0x000000073d000000| Complete 
| 489|0x000000073d200000, 0x000000073d400000, 0x000000073d400000|100%|HC|  |TAMS 0x000000073d200000, 0x000000073d200000| Complete 
| 490|0x000000073d400000, 0x000000073d600000, 0x000000073d600000|100%|HC|  |TAMS 0x000000073d400000, 0x000000073d400000| Complete 
| 491|0x000000073d600000, 0x000000073d800000, 0x000000073d800000|100%|HC|  |TAMS 0x000000073d600000, 0x000000073d600000| Complete 
| 492|0x000000073d800000, 0x000000073da00000, 0x000000073da00000|100%|HC|  |TAMS 0x000000073d800000, 0x000000073d800000| Complete 
| 493|0x000000073da00000, 0x000000073dc00000, 0x000000073dc00000|100%|HC|  |TAMS 0x000000073da00000, 0x000000073da00000| Complete 
| 494|0x000000073dc00000, 0x000000073de00000, 0x000000073de00000|100%|HC|  |TAMS 0x000000073dc00000, 0x000000073dc00000| Complete 
| 495|0x000000073de00000, 0x000000073e000000, 0x000000073e000000|100%|HS|  |TAMS 0x000000073de00000, 0x000000073de00000| Complete 
| 496|0x000000073e000000, 0x000000073e200000, 0x000000073e200000|100%|HC|  |TAMS 0x000000073e000000, 0x000000073e000000| Complete 
| 497|0x000000073e200000, 0x000000073e400000, 0x000000073e400000|100%|HC|  |TAMS 0x000000073e200000, 0x000000073e200000| Complete 
| 498|0x000000073e400000, 0x000000073e600000, 0x000000073e600000|100%|HC|  |TAMS 0x000000073e400000, 0x000000073e400000| Complete 
| 499|0x000000073e600000, 0x000000073e800000, 0x000000073e800000|100%|HC|  |TAMS 0x000000073e600000, 0x000000073e600000| Complete 
| 500|0x000000073e800000, 0x000000073ea00000, 0x000000073ea00000|100%|HC|  |TAMS 0x000000073e800000, 0x000000073e800000| Complete 
| 501|0x000000073ea00000, 0x000000073ec00000, 0x000000073ec00000|100%|HC|  |TAMS 0x000000073ea00000, 0x000000073ea00000| Complete 
| 502|0x000000073ec00000, 0x000000073ee00000, 0x000000073ee00000|100%|HC|  |TAMS 0x000000073ec00000, 0x000000073ec00000| Complete 
| 503|0x000000073ee00000, 0x000000073f000000, 0x000000073f000000|100%|HC|  |TAMS 0x000000073ee00000, 0x000000073ee00000| Complete 
| 504|0x000000073f000000, 0x000000073f200000, 0x000000073f200000|100%|HC|  |TAMS 0x000000073f000000, 0x000000073f000000| Complete 
| 505|0x000000073f200000, 0x000000073f400000, 0x000000073f400000|100%|HC|  |TAMS 0x000000073f200000, 0x000000073f200000| Complete 
| 506|0x000000073f400000, 0x000000073f600000, 0x000000073f600000|100%|HC|  |TAMS 0x000000073f400000, 0x000000073f400000| Complete 
| 507|0x000000073f600000, 0x000000073f800000, 0x000000073f800000|100%|HC|  |TAMS 0x000000073f600000, 0x000000073f600000| Complete 
| 508|0x000000073f800000, 0x000000073fa00000, 0x000000073fa00000|100%|HC|  |TAMS 0x000000073f800000, 0x000000073f800000| Complete 
| 509|0x000000073fa00000, 0x000000073fc00000, 0x000000073fc00000|100%|HC|  |TAMS 0x000000073fa00000, 0x000000073fa00000| Complete 
| 510|0x000000073fc00000, 0x000000073fe00000, 0x000000073fe00000|100%|HC|  |TAMS 0x000000073fc00000, 0x000000073fc00000| Complete 
| 511|0x000000073fe00000, 0x0000000740000000, 0x0000000740000000|100%|HC|  |TAMS 0x000000073fe00000, 0x000000073fe00000| Complete 
| 512|0x0000000740000000, 0x0000000740200000, 0x0000000740200000|100%|HC|  |TAMS 0x0000000740000000, 0x0000000740000000| Complete 
| 513|0x0000000740200000, 0x0000000740400000, 0x0000000740400000|100%|HC|  |TAMS 0x0000000740200000, 0x0000000740200000| Complete 
| 514|0x0000000740400000, 0x0000000740600000, 0x0000000740600000|100%|HC|  |TAMS 0x0000000740400000, 0x0000000740400000| Complete 
| 515|0x0000000740600000, 0x0000000740800000, 0x0000000740800000|100%|HC|  |TAMS 0x0000000740600000, 0x0000000740600000| Complete 
| 516|0x0000000740800000, 0x0000000740a00000, 0x0000000740a00000|100%|HC|  |TAMS 0x0000000740800000, 0x0000000740800000| Complete 
| 517|0x0000000740a00000, 0x0000000740c00000, 0x0000000740c00000|100%|HC|  |TAMS 0x0000000740a00000, 0x0000000740a00000| Complete 
| 518|0x0000000740c00000, 0x0000000740e00000, 0x0000000740e00000|100%|HC|  |TAMS 0x0000000740c00000, 0x0000000740c00000| Complete 
| 519|0x0000000740e00000, 0x0000000741000000, 0x0000000741000000|100%|HC|  |TAMS 0x0000000740e00000, 0x0000000740e00000| Complete 
| 520|0x0000000741000000, 0x0000000741200000, 0x0000000741200000|100%|HC|  |TAMS 0x0000000741000000, 0x0000000741000000| Complete 
| 521|0x0000000741200000, 0x0000000741400000, 0x0000000741400000|100%|HC|  |TAMS 0x0000000741200000, 0x0000000741200000| Complete 
| 522|0x0000000741400000, 0x0000000741600000, 0x0000000741600000|100%|HC|  |TAMS 0x0000000741400000, 0x0000000741400000| Complete 
| 523|0x0000000741600000, 0x0000000741800000, 0x0000000741800000|100%|HC|  |TAMS 0x0000000741600000, 0x0000000741600000| Complete 
| 524|0x0000000741800000, 0x0000000741a00000, 0x0000000741a00000|100%|HC|  |TAMS 0x0000000741800000, 0x0000000741800000| Complete 
| 525|0x0000000741a00000, 0x0000000741c00000, 0x0000000741c00000|100%|HC|  |TAMS 0x0000000741a00000, 0x0000000741a00000| Complete 
| 526|0x0000000741c00000, 0x0000000741e00000, 0x0000000741e00000|100%|HC|  |TAMS 0x0000000741c00000, 0x0000000741c00000| Complete 
| 527|0x0000000741e00000, 0x0000000742000000, 0x0000000742000000|100%|HC|  |TAMS 0x0000000741e00000, 0x0000000741e00000| Complete 
| 528|0x0000000742000000, 0x0000000742200000, 0x0000000742200000|100%|HS|  |TAMS 0x0000000742000000, 0x0000000742000000| Complete 
| 529|0x0000000742200000, 0x0000000742400000, 0x0000000742400000|100%|HC|  |TAMS 0x0000000742200000, 0x0000000742200000| Complete 
| 530|0x0000000742400000, 0x0000000742600000, 0x0000000742600000|100%|HC|  |TAMS 0x0000000742400000, 0x0000000742400000| Complete 
| 531|0x0000000742600000, 0x0000000742800000, 0x0000000742800000|100%|HC|  |TAMS 0x0000000742600000, 0x0000000742600000| Complete 
| 532|0x0000000742800000, 0x0000000742a00000, 0x0000000742a00000|100%|HC|  |TAMS 0x0000000742800000, 0x0000000742800000| Complete 
| 533|0x0000000742a00000, 0x0000000742c00000, 0x0000000742c00000|100%|HC|  |TAMS 0x0000000742a00000, 0x0000000742a00000| Complete 
| 534|0x0000000742c00000, 0x0000000742e00000, 0x0000000742e00000|100%|HC|  |TAMS 0x0000000742c00000, 0x0000000742c00000| Complete 
| 535|0x0000000742e00000, 0x0000000743000000, 0x0000000743000000|100%|HC|  |TAMS 0x0000000742e00000, 0x0000000742e00000| Complete 
| 536|0x0000000743000000, 0x0000000743200000, 0x0000000743200000|100%|HC|  |TAMS 0x0000000743000000, 0x0000000743000000| Complete 
| 537|0x0000000743200000, 0x0000000743400000, 0x0000000743400000|100%|HC|  |TAMS 0x0000000743200000, 0x0000000743200000| Complete 
| 538|0x0000000743400000, 0x0000000743600000, 0x0000000743600000|100%|HC|  |TAMS 0x0000000743400000, 0x0000000743400000| Complete 
| 539|0x0000000743600000, 0x0000000743800000, 0x0000000743800000|100%|HC|  |TAMS 0x0000000743600000, 0x0000000743600000| Complete 
| 540|0x0000000743800000, 0x0000000743a00000, 0x0000000743a00000|100%|HC|  |TAMS 0x0000000743800000, 0x0000000743800000| Complete 
| 541|0x0000000743a00000, 0x0000000743c00000, 0x0000000743c00000|100%|HC|  |TAMS 0x0000000743a00000, 0x0000000743a00000| Complete 
| 542|0x0000000743c00000, 0x0000000743e00000, 0x0000000743e00000|100%|HC|  |TAMS 0x0000000743c00000, 0x0000000743c00000| Complete 
| 543|0x0000000743e00000, 0x0000000744000000, 0x0000000744000000|100%|HC|  |TAMS 0x0000000743e00000, 0x0000000743e00000| Complete 
| 544|0x0000000744000000, 0x0000000744200000, 0x0000000744200000|100%|HC|  |TAMS 0x0000000744000000, 0x0000000744000000| Complete 
| 545|0x0000000744200000, 0x0000000744400000, 0x0000000744400000|100%|HC|  |TAMS 0x0000000744200000, 0x0000000744200000| Complete 
| 546|0x0000000744400000, 0x0000000744600000, 0x0000000744600000|100%|HC|  |TAMS 0x0000000744400000, 0x0000000744400000| Complete 
| 547|0x0000000744600000, 0x0000000744800000, 0x0000000744800000|100%|HC|  |TAMS 0x0000000744600000, 0x0000000744600000| Complete 
| 548|0x0000000744800000, 0x0000000744a00000, 0x0000000744a00000|100%|HC|  |TAMS 0x0000000744800000, 0x0000000744800000| Complete 
| 549|0x0000000744a00000, 0x0000000744c00000, 0x0000000744c00000|100%|HC|  |TAMS 0x0000000744a00000, 0x0000000744a00000| Complete 
| 550|0x0000000744c00000, 0x0000000744e00000, 0x0000000744e00000|100%|HC|  |TAMS 0x0000000744c00000, 0x0000000744c00000| Complete 
| 551|0x0000000744e00000, 0x0000000745000000, 0x0000000745000000|100%|HC|  |TAMS 0x0000000744e00000, 0x0000000744e00000| Complete 
| 552|0x0000000745000000, 0x0000000745200000, 0x0000000745200000|100%|HC|  |TAMS 0x0000000745000000, 0x0000000745000000| Complete 
| 553|0x0000000745200000, 0x0000000745400000, 0x0000000745400000|100%|HC|  |TAMS 0x0000000745200000, 0x0000000745200000| Complete 
| 554|0x0000000745400000, 0x0000000745600000, 0x0000000745600000|100%|HC|  |TAMS 0x0000000745400000, 0x0000000745400000| Complete 
| 555|0x0000000745600000, 0x0000000745800000, 0x0000000745800000|100%|HC|  |TAMS 0x0000000745600000, 0x0000000745600000| Complete 
| 556|0x0000000745800000, 0x0000000745a00000, 0x0000000745a00000|100%|HC|  |TAMS 0x0000000745800000, 0x0000000745800000| Complete 
| 557|0x0000000745a00000, 0x0000000745c00000, 0x0000000745c00000|100%|HC|  |TAMS 0x0000000745a00000, 0x0000000745a00000| Complete 
| 558|0x0000000745c00000, 0x0000000745e00000, 0x0000000745e00000|100%|HC|  |TAMS 0x0000000745c00000, 0x0000000745c00000| Complete 
| 559|0x0000000745e00000, 0x0000000746000000, 0x0000000746000000|100%|HC|  |TAMS 0x0000000745e00000, 0x0000000745e00000| Complete 
| 560|0x0000000746000000, 0x0000000746200000, 0x0000000746200000|100%|HC|  |TAMS 0x0000000746000000, 0x0000000746000000| Complete 
| 561|0x0000000746200000, 0x0000000746400000, 0x0000000746400000|100%|HC|  |TAMS 0x0000000746200000, 0x0000000746200000| Complete 
| 562|0x0000000746400000, 0x0000000746600000, 0x0000000746600000|100%|HC|  |TAMS 0x0000000746400000, 0x0000000746400000| Complete 
| 563|0x0000000746600000, 0x0000000746800000, 0x0000000746800000|100%|HC|  |TAMS 0x0000000746600000, 0x0000000746600000| Complete 
| 564|0x0000000746800000, 0x0000000746a00000, 0x0000000746a00000|100%|HC|  |TAMS 0x0000000746800000, 0x0000000746800000| Complete 
| 565|0x0000000746a00000, 0x0000000746c00000, 0x0000000746c00000|100%|HC|  |TAMS 0x0000000746a00000, 0x0000000746a00000| Complete 
| 566|0x0000000746c00000, 0x0000000746c00000, 0x0000000746e00000|  0%| F|  |TAMS 0x0000000746c00000, 0x0000000746c00000| Untracked 
| 567|0x0000000746e00000, 0x0000000746e00000, 0x0000000747000000|  0%| F|  |TAMS 0x0000000746e00000, 0x0000000746e00000| Untracked 
| 568|0x0000000747000000, 0x0000000747000000, 0x0000000747200000|  0%| F|  |TAMS 0x0000000747000000, 0x0000000747000000| Untracked 
| 569|0x0000000747200000, 0x0000000747200000, 0x0000000747400000|  0%| F|  |TAMS 0x0000000747200000, 0x0000000747200000| Untracked 
| 570|0x0000000747400000, 0x0000000747600000, 0x0000000747600000|100%|HS|  |TAMS 0x0000000747400000, 0x0000000747400000| Complete 
| 571|0x0000000747600000, 0x0000000747800000, 0x0000000747800000|100%|HC|  |TAMS 0x0000000747600000, 0x0000000747600000| Complete 
| 572|0x0000000747800000, 0x0000000747a00000, 0x0000000747a00000|100%|HC|  |TAMS 0x0000000747800000, 0x0000000747800000| Complete 
| 573|0x0000000747a00000, 0x0000000747c00000, 0x0000000747c00000|100%|HC|  |TAMS 0x0000000747a00000, 0x0000000747a00000| Complete 
| 574|0x0000000747c00000, 0x0000000747e00000, 0x0000000747e00000|100%|HC|  |TAMS 0x0000000747c00000, 0x0000000747c00000| Complete 
| 575|0x0000000747e00000, 0x0000000748000000, 0x0000000748000000|100%| O|  |TAMS 0x0000000747e00000, 0x0000000747e00000| Untracked 
| 576|0x0000000748000000, 0x0000000748200000, 0x0000000748200000|100%|HS|  |TAMS 0x0000000748000000, 0x0000000748000000| Complete 
| 577|0x0000000748200000, 0x0000000748400000, 0x0000000748400000|100%|HC|  |TAMS 0x0000000748200000, 0x0000000748200000| Complete 
| 578|0x0000000748400000, 0x0000000748600000, 0x0000000748600000|100%|HC|  |TAMS 0x0000000748400000, 0x0000000748400000| Complete 
| 579|0x0000000748600000, 0x0000000748800000, 0x0000000748800000|100%|HC|  |TAMS 0x0000000748600000, 0x0000000748600000| Complete 
| 580|0x0000000748800000, 0x0000000748a00000, 0x0000000748a00000|100%|HC|  |TAMS 0x0000000748800000, 0x0000000748800000| Complete 
| 581|0x0000000748a00000, 0x0000000748c00000, 0x0000000748c00000|100%|HC|  |TAMS 0x0000000748a00000, 0x0000000748a00000| Complete 
| 582|0x0000000748c00000, 0x0000000748e00000, 0x0000000748e00000|100%|HC|  |TAMS 0x0000000748c00000, 0x0000000748c00000| Complete 
| 583|0x0000000748e00000, 0x0000000749000000, 0x0000000749000000|100%|HC|  |TAMS 0x0000000748e00000, 0x0000000748e00000| Complete 
| 584|0x0000000749000000, 0x0000000749200000, 0x0000000749200000|100%|HC|  |TAMS 0x0000000749000000, 0x0000000749000000| Complete 
| 585|0x0000000749200000, 0x0000000749400000, 0x0000000749400000|100%|HC|  |TAMS 0x0000000749200000, 0x0000000749200000| Complete 
| 586|0x0000000749400000, 0x0000000749600000, 0x0000000749600000|100%|HC|  |TAMS 0x0000000749400000, 0x0000000749400000| Complete 
| 587|0x0000000749600000, 0x0000000749800000, 0x0000000749800000|100%|HC|  |TAMS 0x0000000749600000, 0x0000000749600000| Complete 
| 588|0x0000000749800000, 0x0000000749a00000, 0x0000000749a00000|100%|HC|  |TAMS 0x0000000749800000, 0x0000000749800000| Complete 
| 589|0x0000000749a00000, 0x0000000749c00000, 0x0000000749c00000|100%|HC|  |TAMS 0x0000000749a00000, 0x0000000749a00000| Complete 
| 590|0x0000000749c00000, 0x0000000749e00000, 0x0000000749e00000|100%|HC|  |TAMS 0x0000000749c00000, 0x0000000749c00000| Complete 
| 591|0x0000000749e00000, 0x000000074a000000, 0x000000074a000000|100%|HC|  |TAMS 0x0000000749e00000, 0x0000000749e00000| Complete 
| 592|0x000000074a000000, 0x000000074a200000, 0x000000074a200000|100%|HC|  |TAMS 0x000000074a000000, 0x000000074a000000| Complete 
| 593|0x000000074a200000, 0x000000074a400000, 0x000000074a400000|100%|HC|  |TAMS 0x000000074a200000, 0x000000074a200000| Complete 
| 594|0x000000074a400000, 0x000000074a600000, 0x000000074a600000|100%|HC|  |TAMS 0x000000074a400000, 0x000000074a400000| Complete 
| 595|0x000000074a600000, 0x000000074a800000, 0x000000074a800000|100%|HC|  |TAMS 0x000000074a600000, 0x000000074a600000| Complete 
| 596|0x000000074a800000, 0x000000074aa00000, 0x000000074aa00000|100%|HC|  |TAMS 0x000000074a800000, 0x000000074a800000| Complete 
| 597|0x000000074aa00000, 0x000000074ac00000, 0x000000074ac00000|100%|HC|  |TAMS 0x000000074aa00000, 0x000000074aa00000| Complete 
| 598|0x000000074ac00000, 0x000000074ae00000, 0x000000074ae00000|100%|HC|  |TAMS 0x000000074ac00000, 0x000000074ac00000| Complete 
| 599|0x000000074ae00000, 0x000000074b000000, 0x000000074b000000|100%|HC|  |TAMS 0x000000074ae00000, 0x000000074ae00000| Complete 
| 600|0x000000074b000000, 0x000000074b200000, 0x000000074b200000|100%|HC|  |TAMS 0x000000074b000000, 0x000000074b000000| Complete 
| 601|0x000000074b200000, 0x000000074b400000, 0x000000074b400000|100%|HC|  |TAMS 0x000000074b200000, 0x000000074b200000| Complete 
| 602|0x000000074b400000, 0x000000074b600000, 0x000000074b600000|100%|HC|  |TAMS 0x000000074b400000, 0x000000074b400000| Complete 
| 603|0x000000074b600000, 0x000000074b800000, 0x000000074b800000|100%|HC|  |TAMS 0x000000074b600000, 0x000000074b600000| Complete 
| 604|0x000000074b800000, 0x000000074ba00000, 0x000000074ba00000|100%|HC|  |TAMS 0x000000074b800000, 0x000000074b800000| Complete 
| 605|0x000000074ba00000, 0x000000074bc00000, 0x000000074bc00000|100%|HC|  |TAMS 0x000000074ba00000, 0x000000074ba00000| Complete 
| 606|0x000000074bc00000, 0x000000074be00000, 0x000000074be00000|100%|HC|  |TAMS 0x000000074bc00000, 0x000000074bc00000| Complete 
| 607|0x000000074be00000, 0x000000074c000000, 0x000000074c000000|100%|HC|  |TAMS 0x000000074be00000, 0x000000074be00000| Complete 
| 608|0x000000074c000000, 0x000000074c200000, 0x000000074c200000|100%|HC|  |TAMS 0x000000074c000000, 0x000000074c000000| Complete 
| 609|0x000000074c200000, 0x000000074c400000, 0x000000074c400000|100%|HC|  |TAMS 0x000000074c200000, 0x000000074c200000| Complete 
| 610|0x000000074c400000, 0x000000074c600000, 0x000000074c600000|100%|HC|  |TAMS 0x000000074c400000, 0x000000074c400000| Complete 
| 611|0x000000074c600000, 0x000000074c800000, 0x000000074c800000|100%|HC|  |TAMS 0x000000074c600000, 0x000000074c600000| Complete 
| 612|0x000000074c800000, 0x000000074ca00000, 0x000000074ca00000|100%|HC|  |TAMS 0x000000074c800000, 0x000000074c800000| Complete 
| 613|0x000000074ca00000, 0x000000074cc00000, 0x000000074cc00000|100%|HC|  |TAMS 0x000000074ca00000, 0x000000074ca00000| Complete 
| 614|0x000000074cc00000, 0x000000074ce00000, 0x000000074ce00000|100%|HC|  |TAMS 0x000000074cc00000, 0x000000074cc00000| Complete 
| 615|0x000000074ce00000, 0x000000074d000000, 0x000000074d000000|100%|HC|  |TAMS 0x000000074ce00000, 0x000000074ce00000| Complete 
| 616|0x000000074d000000, 0x000000074d200000, 0x000000074d200000|100%|HC|  |TAMS 0x000000074d000000, 0x000000074d000000| Complete 
| 617|0x000000074d200000, 0x000000074d400000, 0x000000074d400000|100%|HC|  |TAMS 0x000000074d200000, 0x000000074d200000| Complete 
| 618|0x000000074d400000, 0x000000074d600000, 0x000000074d600000|100%|HC|  |TAMS 0x000000074d400000, 0x000000074d400000| Complete 
| 619|0x000000074d600000, 0x000000074d800000, 0x000000074d800000|100%|HC|  |TAMS 0x000000074d600000, 0x000000074d600000| Complete 
| 620|0x000000074d800000, 0x000000074da00000, 0x000000074da00000|100%|HC|  |TAMS 0x000000074d800000, 0x000000074d800000| Complete 
| 621|0x000000074da00000, 0x000000074dc00000, 0x000000074dc00000|100%|HC|  |TAMS 0x000000074da00000, 0x000000074da00000| Complete 
| 622|0x000000074dc00000, 0x000000074de00000, 0x000000074de00000|100%|HC|  |TAMS 0x000000074dc00000, 0x000000074dc00000| Complete 
| 623|0x000000074de00000, 0x000000074e000000, 0x000000074e000000|100%|HC|  |TAMS 0x000000074de00000, 0x000000074de00000| Complete 
| 624|0x000000074e000000, 0x000000074e200000, 0x000000074e200000|100%|HC|  |TAMS 0x000000074e000000, 0x000000074e000000| Complete 
| 625|0x000000074e200000, 0x000000074e400000, 0x000000074e400000|100%|HC|  |TAMS 0x000000074e200000, 0x000000074e200000| Complete 
| 626|0x000000074e400000, 0x000000074e600000, 0x000000074e600000|100%|HC|  |TAMS 0x000000074e400000, 0x000000074e400000| Complete 
| 627|0x000000074e600000, 0x000000074e800000, 0x000000074e800000|100%|HC|  |TAMS 0x000000074e600000, 0x000000074e600000| Complete 
| 628|0x000000074e800000, 0x000000074ea00000, 0x000000074ea00000|100%|HC|  |TAMS 0x000000074e800000, 0x000000074e800000| Complete 
| 629|0x000000074ea00000, 0x000000074ec00000, 0x000000074ec00000|100%|HC|  |TAMS 0x000000074ea00000, 0x000000074ea00000| Complete 
| 630|0x000000074ec00000, 0x000000074ee00000, 0x000000074ee00000|100%|HC|  |TAMS 0x000000074ec00000, 0x000000074ec00000| Complete 
| 631|0x000000074ee00000, 0x000000074f000000, 0x000000074f000000|100%|HC|  |TAMS 0x000000074ee00000, 0x000000074ee00000| Complete 
| 632|0x000000074f000000, 0x000000074f200000, 0x000000074f200000|100%|HC|  |TAMS 0x000000074f000000, 0x000000074f000000| Complete 
| 633|0x000000074f200000, 0x000000074f400000, 0x000000074f400000|100%|HC|  |TAMS 0x000000074f200000, 0x000000074f200000| Complete 
| 634|0x000000074f400000, 0x000000074f600000, 0x000000074f600000|100%|HC|  |TAMS 0x000000074f400000, 0x000000074f400000| Complete 
| 635|0x000000074f600000, 0x000000074f800000, 0x000000074f800000|100%|HC|  |TAMS 0x000000074f600000, 0x000000074f600000| Complete 
| 636|0x000000074f800000, 0x000000074fa00000, 0x000000074fa00000|100%|HC|  |TAMS 0x000000074f800000, 0x000000074f800000| Complete 
| 637|0x000000074fa00000, 0x000000074fc00000, 0x000000074fc00000|100%|HC|  |TAMS 0x000000074fa00000, 0x000000074fa00000| Complete 
| 638|0x000000074fc00000, 0x000000074fe00000, 0x000000074fe00000|100%|HC|  |TAMS 0x000000074fc00000, 0x000000074fc00000| Complete 
| 639|0x000000074fe00000, 0x0000000750000000, 0x0000000750000000|100%|HC|  |TAMS 0x000000074fe00000, 0x000000074fe00000| Complete 
| 640|0x0000000750000000, 0x0000000750200000, 0x0000000750200000|100%|HC|  |TAMS 0x0000000750000000, 0x0000000750000000| Complete 
| 641|0x0000000750200000, 0x0000000750400000, 0x0000000750400000|100%|HS|  |TAMS 0x0000000750200000, 0x0000000750200000| Complete 
| 642|0x0000000750400000, 0x0000000750600000, 0x0000000750600000|100%|HC|  |TAMS 0x0000000750400000, 0x0000000750400000| Complete 
| 643|0x0000000750600000, 0x0000000750800000, 0x0000000750800000|100%|HC|  |TAMS 0x0000000750600000, 0x0000000750600000| Complete 
| 644|0x0000000750800000, 0x0000000750a00000, 0x0000000750a00000|100%|HC|  |TAMS 0x0000000750800000, 0x0000000750800000| Complete 
| 645|0x0000000750a00000, 0x0000000750c00000, 0x0000000750c00000|100%|HC|  |TAMS 0x0000000750a00000, 0x0000000750a00000| Complete 
| 646|0x0000000750c00000, 0x0000000750e00000, 0x0000000750e00000|100%|HC|  |TAMS 0x0000000750c00000, 0x0000000750c00000| Complete 
| 647|0x0000000750e00000, 0x0000000751000000, 0x0000000751000000|100%|HC|  |TAMS 0x0000000750e00000, 0x0000000750e00000| Complete 
| 648|0x0000000751000000, 0x0000000751200000, 0x0000000751200000|100%|HC|  |TAMS 0x0000000751000000, 0x0000000751000000| Complete 
| 649|0x0000000751200000, 0x0000000751400000, 0x0000000751400000|100%|HC|  |TAMS 0x0000000751200000, 0x0000000751200000| Complete 
| 650|0x0000000751400000, 0x0000000751600000, 0x0000000751600000|100%|HC|  |TAMS 0x0000000751400000, 0x0000000751400000| Complete 
| 651|0x0000000751600000, 0x0000000751800000, 0x0000000751800000|100%|HC|  |TAMS 0x0000000751600000, 0x0000000751600000| Complete 
| 652|0x0000000751800000, 0x0000000751a00000, 0x0000000751a00000|100%|HC|  |TAMS 0x0000000751800000, 0x0000000751800000| Complete 
| 653|0x0000000751a00000, 0x0000000751c00000, 0x0000000751c00000|100%|HC|  |TAMS 0x0000000751a00000, 0x0000000751a00000| Complete 
| 654|0x0000000751c00000, 0x0000000751e00000, 0x0000000751e00000|100%|HC|  |TAMS 0x0000000751c00000, 0x0000000751c00000| Complete 
| 655|0x0000000751e00000, 0x0000000752000000, 0x0000000752000000|100%|HC|  |TAMS 0x0000000751e00000, 0x0000000751e00000| Complete 
| 656|0x0000000752000000, 0x0000000752200000, 0x0000000752200000|100%|HC|  |TAMS 0x0000000752000000, 0x0000000752000000| Complete 
| 657|0x0000000752200000, 0x0000000752400000, 0x0000000752400000|100%|HC|  |TAMS 0x0000000752200000, 0x0000000752200000| Complete 
| 658|0x0000000752400000, 0x0000000752600000, 0x0000000752600000|100%|HC|  |TAMS 0x0000000752400000, 0x0000000752400000| Complete 
| 659|0x0000000752600000, 0x0000000752800000, 0x0000000752800000|100%|HC|  |TAMS 0x0000000752600000, 0x0000000752600000| Complete 
| 660|0x0000000752800000, 0x0000000752a00000, 0x0000000752a00000|100%|HC|  |TAMS 0x0000000752800000, 0x0000000752800000| Complete 
| 661|0x0000000752a00000, 0x0000000752c00000, 0x0000000752c00000|100%|HC|  |TAMS 0x0000000752a00000, 0x0000000752a00000| Complete 
| 662|0x0000000752c00000, 0x0000000752e00000, 0x0000000752e00000|100%|HC|  |TAMS 0x0000000752c00000, 0x0000000752c00000| Complete 
| 663|0x0000000752e00000, 0x0000000753000000, 0x0000000753000000|100%|HC|  |TAMS 0x0000000752e00000, 0x0000000752e00000| Complete 
| 664|0x0000000753000000, 0x0000000753200000, 0x0000000753200000|100%|HC|  |TAMS 0x0000000753000000, 0x0000000753000000| Complete 
| 665|0x0000000753200000, 0x0000000753400000, 0x0000000753400000|100%|HC|  |TAMS 0x0000000753200000, 0x0000000753200000| Complete 
| 666|0x0000000753400000, 0x0000000753600000, 0x0000000753600000|100%|HC|  |TAMS 0x0000000753400000, 0x0000000753400000| Complete 
| 667|0x0000000753600000, 0x0000000753800000, 0x0000000753800000|100%|HC|  |TAMS 0x0000000753600000, 0x0000000753600000| Complete 
| 668|0x0000000753800000, 0x0000000753a00000, 0x0000000753a00000|100%|HC|  |TAMS 0x0000000753800000, 0x0000000753800000| Complete 
| 669|0x0000000753a00000, 0x0000000753c00000, 0x0000000753c00000|100%|HC|  |TAMS 0x0000000753a00000, 0x0000000753a00000| Complete 
| 670|0x0000000753c00000, 0x0000000753e00000, 0x0000000753e00000|100%|HC|  |TAMS 0x0000000753c00000, 0x0000000753c00000| Complete 
| 671|0x0000000753e00000, 0x0000000754000000, 0x0000000754000000|100%|HC|  |TAMS 0x0000000753e00000, 0x0000000753e00000| Complete 
| 672|0x0000000754000000, 0x0000000754200000, 0x0000000754200000|100%|HC|  |TAMS 0x0000000754000000, 0x0000000754000000| Complete 
| 673|0x0000000754200000, 0x0000000754400000, 0x0000000754400000|100%|HC|  |TAMS 0x0000000754200000, 0x0000000754200000| Complete 
| 674|0x0000000754400000, 0x0000000754600000, 0x0000000754600000|100%|HC|  |TAMS 0x0000000754400000, 0x0000000754400000| Complete 
| 675|0x0000000754600000, 0x0000000754800000, 0x0000000754800000|100%|HC|  |TAMS 0x0000000754600000, 0x0000000754600000| Complete 
| 676|0x0000000754800000, 0x0000000754a00000, 0x0000000754a00000|100%|HC|  |TAMS 0x0000000754800000, 0x0000000754800000| Complete 
| 677|0x0000000754a00000, 0x0000000754c00000, 0x0000000754c00000|100%|HC|  |TAMS 0x0000000754a00000, 0x0000000754a00000| Complete 
| 678|0x0000000754c00000, 0x0000000754e00000, 0x0000000754e00000|100%|HC|  |TAMS 0x0000000754c00000, 0x0000000754c00000| Complete 
| 679|0x0000000754e00000, 0x0000000755000000, 0x0000000755000000|100%|HC|  |TAMS 0x0000000754e00000, 0x0000000754e00000| Complete 
| 680|0x0000000755000000, 0x0000000755200000, 0x0000000755200000|100%|HC|  |TAMS 0x0000000755000000, 0x0000000755000000| Complete 
| 681|0x0000000755200000, 0x0000000755400000, 0x0000000755400000|100%|HC|  |TAMS 0x0000000755200000, 0x0000000755200000| Complete 
| 682|0x0000000755400000, 0x0000000755600000, 0x0000000755600000|100%|HC|  |TAMS 0x0000000755400000, 0x0000000755400000| Complete 
| 683|0x0000000755600000, 0x0000000755800000, 0x0000000755800000|100%|HC|  |TAMS 0x0000000755600000, 0x0000000755600000| Complete 
| 684|0x0000000755800000, 0x0000000755a00000, 0x0000000755a00000|100%|HC|  |TAMS 0x0000000755800000, 0x0000000755800000| Complete 
| 685|0x0000000755a00000, 0x0000000755c00000, 0x0000000755c00000|100%|HC|  |TAMS 0x0000000755a00000, 0x0000000755a00000| Complete 
| 686|0x0000000755c00000, 0x0000000755e00000, 0x0000000755e00000|100%|HC|  |TAMS 0x0000000755c00000, 0x0000000755c00000| Complete 
| 687|0x0000000755e00000, 0x0000000756000000, 0x0000000756000000|100%|HC|  |TAMS 0x0000000755e00000, 0x0000000755e00000| Complete 
| 688|0x0000000756000000, 0x0000000756200000, 0x0000000756200000|100%|HC|  |TAMS 0x0000000756000000, 0x0000000756000000| Complete 
| 689|0x0000000756200000, 0x0000000756400000, 0x0000000756400000|100%|HC|  |TAMS 0x0000000756200000, 0x0000000756200000| Complete 
| 690|0x0000000756400000, 0x0000000756600000, 0x0000000756600000|100%|HC|  |TAMS 0x0000000756400000, 0x0000000756400000| Complete 
| 691|0x0000000756600000, 0x0000000756800000, 0x0000000756800000|100%|HC|  |TAMS 0x0000000756600000, 0x0000000756600000| Complete 
| 692|0x0000000756800000, 0x0000000756a00000, 0x0000000756a00000|100%|HC|  |TAMS 0x0000000756800000, 0x0000000756800000| Complete 
| 693|0x0000000756a00000, 0x0000000756c00000, 0x0000000756c00000|100%|HC|  |TAMS 0x0000000756a00000, 0x0000000756a00000| Complete 
| 694|0x0000000756c00000, 0x0000000756e00000, 0x0000000756e00000|100%|HC|  |TAMS 0x0000000756c00000, 0x0000000756c00000| Complete 
| 695|0x0000000756e00000, 0x0000000757000000, 0x0000000757000000|100%|HC|  |TAMS 0x0000000756e00000, 0x0000000756e00000| Complete 
| 696|0x0000000757000000, 0x0000000757200000, 0x0000000757200000|100%|HC|  |TAMS 0x0000000757000000, 0x0000000757000000| Complete 
| 697|0x0000000757200000, 0x0000000757400000, 0x0000000757400000|100%|HC|  |TAMS 0x0000000757200000, 0x0000000757200000| Complete 
| 698|0x0000000757400000, 0x0000000757600000, 0x0000000757600000|100%|HC|  |TAMS 0x0000000757400000, 0x0000000757400000| Complete 
| 699|0x0000000757600000, 0x0000000757800000, 0x0000000757800000|100%|HC|  |TAMS 0x0000000757600000, 0x0000000757600000| Complete 
| 700|0x0000000757800000, 0x0000000757a00000, 0x0000000757a00000|100%|HC|  |TAMS 0x0000000757800000, 0x0000000757800000| Complete 
| 701|0x0000000757a00000, 0x0000000757c00000, 0x0000000757c00000|100%|HC|  |TAMS 0x0000000757a00000, 0x0000000757a00000| Complete 
| 702|0x0000000757c00000, 0x0000000757e00000, 0x0000000757e00000|100%|HC|  |TAMS 0x0000000757c00000, 0x0000000757c00000| Complete 
| 703|0x0000000757e00000, 0x0000000758000000, 0x0000000758000000|100%|HC|  |TAMS 0x0000000757e00000, 0x0000000757e00000| Complete 
| 704|0x0000000758000000, 0x0000000758200000, 0x0000000758200000|100%|HC|  |TAMS 0x0000000758000000, 0x0000000758000000| Complete 
| 705|0x0000000758200000, 0x0000000758400000, 0x0000000758400000|100%|HC|  |TAMS 0x0000000758200000, 0x0000000758200000| Complete 
| 706|0x0000000758400000, 0x0000000758600000, 0x0000000758600000|100%|HS|  |TAMS 0x0000000758400000, 0x0000000758400000| Complete 
| 707|0x0000000758600000, 0x0000000758800000, 0x0000000758800000|100%|HC|  |TAMS 0x0000000758600000, 0x0000000758600000| Complete 
| 708|0x0000000758800000, 0x0000000758a00000, 0x0000000758a00000|100%|HC|  |TAMS 0x0000000758800000, 0x0000000758800000| Complete 
| 709|0x0000000758a00000, 0x0000000758c00000, 0x0000000758c00000|100%|HC|  |TAMS 0x0000000758a00000, 0x0000000758a00000| Complete 
| 710|0x0000000758c00000, 0x0000000758e00000, 0x0000000758e00000|100%|HC|  |TAMS 0x0000000758c00000, 0x0000000758c00000| Complete 
| 711|0x0000000758e00000, 0x0000000759000000, 0x0000000759000000|100%|HC|  |TAMS 0x0000000758e00000, 0x0000000758e00000| Complete 
| 712|0x0000000759000000, 0x0000000759200000, 0x0000000759200000|100%|HC|  |TAMS 0x0000000759000000, 0x0000000759000000| Complete 
| 713|0x0000000759200000, 0x0000000759400000, 0x0000000759400000|100%|HC|  |TAMS 0x0000000759200000, 0x0000000759200000| Complete 
| 714|0x0000000759400000, 0x0000000759600000, 0x0000000759600000|100%|HC|  |TAMS 0x0000000759400000, 0x0000000759400000| Complete 
| 715|0x0000000759600000, 0x0000000759800000, 0x0000000759800000|100%|HC|  |TAMS 0x0000000759600000, 0x0000000759600000| Complete 
| 716|0x0000000759800000, 0x0000000759a00000, 0x0000000759a00000|100%|HC|  |TAMS 0x0000000759800000, 0x0000000759800000| Complete 
| 717|0x0000000759a00000, 0x0000000759c00000, 0x0000000759c00000|100%|HC|  |TAMS 0x0000000759a00000, 0x0000000759a00000| Complete 
| 718|0x0000000759c00000, 0x0000000759e00000, 0x0000000759e00000|100%|HC|  |TAMS 0x0000000759c00000, 0x0000000759c00000| Complete 
| 719|0x0000000759e00000, 0x000000075a000000, 0x000000075a000000|100%|HC|  |TAMS 0x0000000759e00000, 0x0000000759e00000| Complete 
| 720|0x000000075a000000, 0x000000075a200000, 0x000000075a200000|100%|HC|  |TAMS 0x000000075a000000, 0x000000075a000000| Complete 
| 721|0x000000075a200000, 0x000000075a400000, 0x000000075a400000|100%|HC|  |TAMS 0x000000075a200000, 0x000000075a200000| Complete 
| 722|0x000000075a400000, 0x000000075a600000, 0x000000075a600000|100%|HC|  |TAMS 0x000000075a400000, 0x000000075a400000| Complete 
| 723|0x000000075a600000, 0x000000075a800000, 0x000000075a800000|100%|HS|  |TAMS 0x000000075a600000, 0x000000075a600000| Complete 
| 724|0x000000075a800000, 0x000000075aa00000, 0x000000075aa00000|100%|HC|  |TAMS 0x000000075a800000, 0x000000075a800000| Complete 
| 725|0x000000075aa00000, 0x000000075ac00000, 0x000000075ac00000|100%|HC|  |TAMS 0x000000075aa00000, 0x000000075aa00000| Complete 
| 726|0x000000075ac00000, 0x000000075ae00000, 0x000000075ae00000|100%|HC|  |TAMS 0x000000075ac00000, 0x000000075ac00000| Complete 
| 727|0x000000075ae00000, 0x000000075b000000, 0x000000075b000000|100%|HC|  |TAMS 0x000000075ae00000, 0x000000075ae00000| Complete 
| 728|0x000000075b000000, 0x000000075b200000, 0x000000075b200000|100%|HC|  |TAMS 0x000000075b000000, 0x000000075b000000| Complete 
| 729|0x000000075b200000, 0x000000075b400000, 0x000000075b400000|100%|HC|  |TAMS 0x000000075b200000, 0x000000075b200000| Complete 
| 730|0x000000075b400000, 0x000000075b600000, 0x000000075b600000|100%|HC|  |TAMS 0x000000075b400000, 0x000000075b400000| Complete 
| 731|0x000000075b600000, 0x000000075b800000, 0x000000075b800000|100%|HC|  |TAMS 0x000000075b600000, 0x000000075b600000| Complete 
| 732|0x000000075b800000, 0x000000075ba00000, 0x000000075ba00000|100%|HC|  |TAMS 0x000000075b800000, 0x000000075b800000| Complete 
| 733|0x000000075ba00000, 0x000000075bc00000, 0x000000075bc00000|100%|HC|  |TAMS 0x000000075ba00000, 0x000000075ba00000| Complete 
| 734|0x000000075bc00000, 0x000000075be00000, 0x000000075be00000|100%|HC|  |TAMS 0x000000075bc00000, 0x000000075bc00000| Complete 
| 735|0x000000075be00000, 0x000000075c000000, 0x000000075c000000|100%|HC|  |TAMS 0x000000075be00000, 0x000000075be00000| Complete 
| 736|0x000000075c000000, 0x000000075c200000, 0x000000075c200000|100%|HC|  |TAMS 0x000000075c000000, 0x000000075c000000| Complete 
| 737|0x000000075c200000, 0x000000075c400000, 0x000000075c400000|100%|HC|  |TAMS 0x000000075c200000, 0x000000075c200000| Complete 
| 738|0x000000075c400000, 0x000000075c600000, 0x000000075c600000|100%|HC|  |TAMS 0x000000075c400000, 0x000000075c400000| Complete 
| 739|0x000000075c600000, 0x000000075c800000, 0x000000075c800000|100%|HC|  |TAMS 0x000000075c600000, 0x000000075c600000| Complete 
| 740|0x000000075c800000, 0x000000075ca00000, 0x000000075ca00000|100%| O|  |TAMS 0x000000075c800000, 0x000000075c800000| Untracked 
| 741|0x000000075ca00000, 0x000000075cc00000, 0x000000075cc00000|100%| O|  |TAMS 0x000000075ca00000, 0x000000075ca00000| Untracked 
| 742|0x000000075cc00000, 0x000000075ce00000, 0x000000075ce00000|100%| O|  |TAMS 0x000000075cc00000, 0x000000075cc00000| Untracked 
| 743|0x000000075ce00000, 0x000000075d000000, 0x000000075d000000|100%| O|  |TAMS 0x000000075ce00000, 0x000000075ce00000| Untracked 
| 744|0x000000075d000000, 0x000000075d200000, 0x000000075d200000|100%| O|  |TAMS 0x000000075d000000, 0x000000075d000000| Untracked 
| 745|0x000000075d200000, 0x000000075d32d400, 0x000000075d400000| 58%| O|  |TAMS 0x000000075d200000, 0x000000075d200000| Untracked 
| 746|0x000000075d400000, 0x000000075d5827e0, 0x000000075d600000| 75%| S|CS|TAMS 0x000000075d400000, 0x000000075d400000| Complete 
| 747|0x000000075d600000, 0x000000075d800000, 0x000000075d800000|100%|HS|  |TAMS 0x000000075d600000, 0x000000075d600000| Complete 
| 748|0x000000075d800000, 0x000000075da00000, 0x000000075da00000|100%|HC|  |TAMS 0x000000075d800000, 0x000000075d800000| Complete 
| 749|0x000000075da00000, 0x000000075dc00000, 0x000000075dc00000|100%|HC|  |TAMS 0x000000075da00000, 0x000000075da00000| Complete 
| 750|0x000000075dc00000, 0x000000075de00000, 0x000000075de00000|100%|HC|  |TAMS 0x000000075dc00000, 0x000000075dc00000| Complete 
| 751|0x000000075de00000, 0x000000075e000000, 0x000000075e000000|100%|HC|  |TAMS 0x000000075de00000, 0x000000075de00000| Complete 
| 752|0x000000075e000000, 0x000000075e200000, 0x000000075e200000|100%|HC|  |TAMS 0x000000075e000000, 0x000000075e000000| Complete 
| 753|0x000000075e200000, 0x000000075e400000, 0x000000075e400000|100%|HC|  |TAMS 0x000000075e200000, 0x000000075e200000| Complete 
| 754|0x000000075e400000, 0x000000075e600000, 0x000000075e600000|100%|HC|  |TAMS 0x000000075e400000, 0x000000075e400000| Complete 
| 755|0x000000075e600000, 0x000000075e800000, 0x000000075e800000|100%|HC|  |TAMS 0x000000075e600000, 0x000000075e600000| Complete 
| 756|0x000000075e800000, 0x000000075ea00000, 0x000000075ea00000|100%|HC|  |TAMS 0x000000075e800000, 0x000000075e800000| Complete 
| 757|0x000000075ea00000, 0x000000075ec00000, 0x000000075ec00000|100%|HC|  |TAMS 0x000000075ea00000, 0x000000075ea00000| Complete 
| 758|0x000000075ec00000, 0x000000075ee00000, 0x000000075ee00000|100%|HC|  |TAMS 0x000000075ec00000, 0x000000075ec00000| Complete 
| 759|0x000000075ee00000, 0x000000075f000000, 0x000000075f000000|100%|HC|  |TAMS 0x000000075ee00000, 0x000000075ee00000| Complete 
| 760|0x000000075f000000, 0x000000075f200000, 0x000000075f200000|100%|HC|  |TAMS 0x000000075f000000, 0x000000075f000000| Complete 
| 761|0x000000075f200000, 0x000000075f400000, 0x000000075f400000|100%|HC|  |TAMS 0x000000075f200000, 0x000000075f200000| Complete 
| 762|0x000000075f400000, 0x000000075f600000, 0x000000075f600000|100%|HC|  |TAMS 0x000000075f400000, 0x000000075f400000| Complete 
| 763|0x000000075f600000, 0x000000075f800000, 0x000000075f800000|100%|HC|  |TAMS 0x000000075f600000, 0x000000075f600000| Complete 
| 764|0x000000075f800000, 0x000000075fa00000, 0x000000075fa00000|100%|HC|  |TAMS 0x000000075f800000, 0x000000075f800000| Complete 
| 765|0x000000075fa00000, 0x000000075fc00000, 0x000000075fc00000|100%|HC|  |TAMS 0x000000075fa00000, 0x000000075fa00000| Complete 
| 766|0x000000075fc00000, 0x000000075fe00000, 0x000000075fe00000|100%|HC|  |TAMS 0x000000075fc00000, 0x000000075fc00000| Complete 
| 767|0x000000075fe00000, 0x0000000760000000, 0x0000000760000000|100%|HC|  |TAMS 0x000000075fe00000, 0x000000075fe00000| Complete 
| 768|0x0000000760000000, 0x0000000760200000, 0x0000000760200000|100%|HC|  |TAMS 0x0000000760000000, 0x0000000760000000| Complete 
| 769|0x0000000760200000, 0x0000000760400000, 0x0000000760400000|100%|HC|  |TAMS 0x0000000760200000, 0x0000000760200000| Complete 
| 770|0x0000000760400000, 0x0000000760600000, 0x0000000760600000|100%|HC|  |TAMS 0x0000000760400000, 0x0000000760400000| Complete 
| 771|0x0000000760600000, 0x0000000760800000, 0x0000000760800000|100%|HC|  |TAMS 0x0000000760600000, 0x0000000760600000| Complete 
| 772|0x0000000760800000, 0x0000000760a00000, 0x0000000760a00000|100%|HC|  |TAMS 0x0000000760800000, 0x0000000760800000| Complete 
| 773|0x0000000760a00000, 0x0000000760c00000, 0x0000000760c00000|100%|HC|  |TAMS 0x0000000760a00000, 0x0000000760a00000| Complete 
| 774|0x0000000760c00000, 0x0000000760e00000, 0x0000000760e00000|100%|HC|  |TAMS 0x0000000760c00000, 0x0000000760c00000| Complete 
| 775|0x0000000760e00000, 0x0000000761000000, 0x0000000761000000|100%|HC|  |TAMS 0x0000000760e00000, 0x0000000760e00000| Complete 
| 776|0x0000000761000000, 0x0000000761200000, 0x0000000761200000|100%|HC|  |TAMS 0x0000000761000000, 0x0000000761000000| Complete 
| 777|0x0000000761200000, 0x0000000761400000, 0x0000000761400000|100%|HC|  |TAMS 0x0000000761200000, 0x0000000761200000| Complete 
| 778|0x0000000761400000, 0x0000000761600000, 0x0000000761600000|100%|HC|  |TAMS 0x0000000761400000, 0x0000000761400000| Complete 
| 779|0x0000000761600000, 0x0000000761800000, 0x0000000761800000|100%|HC|  |TAMS 0x0000000761600000, 0x0000000761600000| Complete 
| 780|0x0000000761800000, 0x0000000761a00000, 0x0000000761a00000|100%|HC|  |TAMS 0x0000000761800000, 0x0000000761800000| Complete 
| 781|0x0000000761a00000, 0x0000000761c00000, 0x0000000761c00000|100%|HC|  |TAMS 0x0000000761a00000, 0x0000000761a00000| Complete 
| 782|0x0000000761c00000, 0x0000000761e00000, 0x0000000761e00000|100%|HC|  |TAMS 0x0000000761c00000, 0x0000000761c00000| Complete 
| 783|0x0000000761e00000, 0x0000000762000000, 0x0000000762000000|100%|HC|  |TAMS 0x0000000761e00000, 0x0000000761e00000| Complete 
| 784|0x0000000762000000, 0x0000000762200000, 0x0000000762200000|100%|HC|  |TAMS 0x0000000762000000, 0x0000000762000000| Complete 
| 785|0x0000000762200000, 0x0000000762400000, 0x0000000762400000|100%|HC|  |TAMS 0x0000000762200000, 0x0000000762200000| Complete 
| 786|0x0000000762400000, 0x0000000762600000, 0x0000000762600000|100%|HC|  |TAMS 0x0000000762400000, 0x0000000762400000| Complete 
| 787|0x0000000762600000, 0x0000000762800000, 0x0000000762800000|100%|HC|  |TAMS 0x0000000762600000, 0x0000000762600000| Complete 
| 788|0x0000000762800000, 0x0000000762a00000, 0x0000000762a00000|100%|HC|  |TAMS 0x0000000762800000, 0x0000000762800000| Complete 
| 789|0x0000000762a00000, 0x0000000762c00000, 0x0000000762c00000|100%|HC|  |TAMS 0x0000000762a00000, 0x0000000762a00000| Complete 
| 790|0x0000000762c00000, 0x0000000762e00000, 0x0000000762e00000|100%|HC|  |TAMS 0x0000000762c00000, 0x0000000762c00000| Complete 
| 791|0x0000000762e00000, 0x0000000763000000, 0x0000000763000000|100%|HC|  |TAMS 0x0000000762e00000, 0x0000000762e00000| Complete 
| 792|0x0000000763000000, 0x0000000763200000, 0x0000000763200000|100%|HC|  |TAMS 0x0000000763000000, 0x0000000763000000| Complete 
| 793|0x0000000763200000, 0x0000000763400000, 0x0000000763400000|100%|HC|  |TAMS 0x0000000763200000, 0x0000000763200000| Complete 
| 794|0x0000000763400000, 0x0000000763600000, 0x0000000763600000|100%|HC|  |TAMS 0x0000000763400000, 0x0000000763400000| Complete 
| 795|0x0000000763600000, 0x0000000763800000, 0x0000000763800000|100%|HC|  |TAMS 0x0000000763600000, 0x0000000763600000| Complete 
| 796|0x0000000763800000, 0x0000000763a00000, 0x0000000763a00000|100%|HC|  |TAMS 0x0000000763800000, 0x0000000763800000| Complete 
| 797|0x0000000763a00000, 0x0000000763c00000, 0x0000000763c00000|100%|HC|  |TAMS 0x0000000763a00000, 0x0000000763a00000| Complete 
| 798|0x0000000763c00000, 0x0000000763e00000, 0x0000000763e00000|100%|HC|  |TAMS 0x0000000763c00000, 0x0000000763c00000| Complete 
| 799|0x0000000763e00000, 0x0000000764000000, 0x0000000764000000|100%|HC|  |TAMS 0x0000000763e00000, 0x0000000763e00000| Complete 
| 800|0x0000000764000000, 0x0000000764200000, 0x0000000764200000|100%|HC|  |TAMS 0x0000000764000000, 0x0000000764000000| Complete 
| 801|0x0000000764200000, 0x0000000764400000, 0x0000000764400000|100%|HC|  |TAMS 0x0000000764200000, 0x0000000764200000| Complete 
| 802|0x0000000764400000, 0x0000000764600000, 0x0000000764600000|100%|HC|  |TAMS 0x0000000764400000, 0x0000000764400000| Complete 
| 803|0x0000000764600000, 0x0000000764800000, 0x0000000764800000|100%|HC|  |TAMS 0x0000000764600000, 0x0000000764600000| Complete 
| 804|0x0000000764800000, 0x0000000764a00000, 0x0000000764a00000|100%|HC|  |TAMS 0x0000000764800000, 0x0000000764800000| Complete 
| 805|0x0000000764a00000, 0x0000000764c00000, 0x0000000764c00000|100%|HC|  |TAMS 0x0000000764a00000, 0x0000000764a00000| Complete 
| 806|0x0000000764c00000, 0x0000000764e00000, 0x0000000764e00000|100%|HC|  |TAMS 0x0000000764c00000, 0x0000000764c00000| Complete 
| 807|0x0000000764e00000, 0x0000000765000000, 0x0000000765000000|100%|HC|  |TAMS 0x0000000764e00000, 0x0000000764e00000| Complete 
| 808|0x0000000765000000, 0x0000000765200000, 0x0000000765200000|100%|HC|  |TAMS 0x0000000765000000, 0x0000000765000000| Complete 
| 809|0x0000000765200000, 0x0000000765400000, 0x0000000765400000|100%|HC|  |TAMS 0x0000000765200000, 0x0000000765200000| Complete 
| 810|0x0000000765400000, 0x0000000765600000, 0x0000000765600000|100%|HC|  |TAMS 0x0000000765400000, 0x0000000765400000| Complete 
| 811|0x0000000765600000, 0x0000000765800000, 0x0000000765800000|100%|HC|  |TAMS 0x0000000765600000, 0x0000000765600000| Complete 
| 812|0x0000000765800000, 0x0000000765a00000, 0x0000000765a00000|100%|HC|  |TAMS 0x0000000765800000, 0x0000000765800000| Complete 
| 813|0x0000000765a00000, 0x0000000765c00000, 0x0000000765c00000|100%|HC|  |TAMS 0x0000000765a00000, 0x0000000765a00000| Complete 
| 814|0x0000000765c00000, 0x0000000765e00000, 0x0000000765e00000|100%|HC|  |TAMS 0x0000000765c00000, 0x0000000765c00000| Complete 
| 815|0x0000000765e00000, 0x0000000766000000, 0x0000000766000000|100%|HC|  |TAMS 0x0000000765e00000, 0x0000000765e00000| Complete 
| 816|0x0000000766000000, 0x0000000766200000, 0x0000000766200000|100%|HC|  |TAMS 0x0000000766000000, 0x0000000766000000| Complete 
| 817|0x0000000766200000, 0x0000000766400000, 0x0000000766400000|100%|HC|  |TAMS 0x0000000766200000, 0x0000000766200000| Complete 
| 818|0x0000000766400000, 0x0000000766600000, 0x0000000766600000|100%|HC|  |TAMS 0x0000000766400000, 0x0000000766400000| Complete 
| 819|0x0000000766600000, 0x0000000766800000, 0x0000000766800000|100%|HC|  |TAMS 0x0000000766600000, 0x0000000766600000| Complete 
| 820|0x0000000766800000, 0x0000000766a00000, 0x0000000766a00000|100%|HC|  |TAMS 0x0000000766800000, 0x0000000766800000| Complete 
| 821|0x0000000766a00000, 0x0000000766c00000, 0x0000000766c00000|100%|HC|  |TAMS 0x0000000766a00000, 0x0000000766a00000| Complete 
| 822|0x0000000766c00000, 0x0000000766e00000, 0x0000000766e00000|100%|HC|  |TAMS 0x0000000766c00000, 0x0000000766c00000| Complete 
| 823|0x0000000766e00000, 0x0000000767000000, 0x0000000767000000|100%|HC|  |TAMS 0x0000000766e00000, 0x0000000766e00000| Complete 
| 824|0x0000000767000000, 0x0000000767200000, 0x0000000767200000|100%|HC|  |TAMS 0x0000000767000000, 0x0000000767000000| Complete 
| 825|0x0000000767200000, 0x0000000767400000, 0x0000000767400000|100%|HC|  |TAMS 0x0000000767200000, 0x0000000767200000| Complete 
| 826|0x0000000767400000, 0x0000000767600000, 0x0000000767600000|100%|HC|  |TAMS 0x0000000767400000, 0x0000000767400000| Complete 
| 827|0x0000000767600000, 0x0000000767800000, 0x0000000767800000|100%|HC|  |TAMS 0x0000000767600000, 0x0000000767600000| Complete 
| 828|0x0000000767800000, 0x0000000767a00000, 0x0000000767a00000|100%|HC|  |TAMS 0x0000000767800000, 0x0000000767800000| Complete 
| 829|0x0000000767a00000, 0x0000000767c00000, 0x0000000767c00000|100%|HC|  |TAMS 0x0000000767a00000, 0x0000000767a00000| Complete 
| 830|0x0000000767c00000, 0x0000000767e00000, 0x0000000767e00000|100%|HC|  |TAMS 0x0000000767c00000, 0x0000000767c00000| Complete 
| 831|0x0000000767e00000, 0x0000000768000000, 0x0000000768000000|100%|HC|  |TAMS 0x0000000767e00000, 0x0000000767e00000| Complete 
| 832|0x0000000768000000, 0x0000000768200000, 0x0000000768200000|100%|HC|  |TAMS 0x0000000768000000, 0x0000000768000000| Complete 
| 833|0x0000000768200000, 0x0000000768400000, 0x0000000768400000|100%|HC|  |TAMS 0x0000000768200000, 0x0000000768200000| Complete 
| 834|0x0000000768400000, 0x0000000768600000, 0x0000000768600000|100%|HC|  |TAMS 0x0000000768400000, 0x0000000768400000| Complete 
| 835|0x0000000768600000, 0x0000000768800000, 0x0000000768800000|100%|HC|  |TAMS 0x0000000768600000, 0x0000000768600000| Complete 
| 836|0x0000000768800000, 0x0000000768a00000, 0x0000000768a00000|100%|HC|  |TAMS 0x0000000768800000, 0x0000000768800000| Complete 
| 837|0x0000000768a00000, 0x0000000768c00000, 0x0000000768c00000|100%|HC|  |TAMS 0x0000000768a00000, 0x0000000768a00000| Complete 
| 838|0x0000000768c00000, 0x0000000768e00000, 0x0000000768e00000|100%|HC|  |TAMS 0x0000000768c00000, 0x0000000768c00000| Complete 
| 839|0x0000000768e00000, 0x0000000769000000, 0x0000000769000000|100%|HC|  |TAMS 0x0000000768e00000, 0x0000000768e00000| Complete 
| 840|0x0000000769000000, 0x0000000769200000, 0x0000000769200000|100%|HC|  |TAMS 0x0000000769000000, 0x0000000769000000| Complete 
| 841|0x0000000769200000, 0x0000000769400000, 0x0000000769400000|100%|HC|  |TAMS 0x0000000769200000, 0x0000000769200000| Complete 
| 842|0x0000000769400000, 0x0000000769600000, 0x0000000769600000|100%|HC|  |TAMS 0x0000000769400000, 0x0000000769400000| Complete 
| 843|0x0000000769600000, 0x0000000769800000, 0x0000000769800000|100%|HC|  |TAMS 0x0000000769600000, 0x0000000769600000| Complete 
| 844|0x0000000769800000, 0x0000000769a00000, 0x0000000769a00000|100%|HC|  |TAMS 0x0000000769800000, 0x0000000769800000| Complete 
| 845|0x0000000769a00000, 0x0000000769c00000, 0x0000000769c00000|100%|HC|  |TAMS 0x0000000769a00000, 0x0000000769a00000| Complete 
| 846|0x0000000769c00000, 0x0000000769e00000, 0x0000000769e00000|100%|HC|  |TAMS 0x0000000769c00000, 0x0000000769c00000| Complete 
| 847|0x0000000769e00000, 0x000000076a000000, 0x000000076a000000|100%|HC|  |TAMS 0x0000000769e00000, 0x0000000769e00000| Complete 
| 848|0x000000076a000000, 0x000000076a200000, 0x000000076a200000|100%|HC|  |TAMS 0x000000076a000000, 0x000000076a000000| Complete 
| 849|0x000000076a200000, 0x000000076a400000, 0x000000076a400000|100%|HC|  |TAMS 0x000000076a200000, 0x000000076a200000| Complete 
| 850|0x000000076a400000, 0x000000076a600000, 0x000000076a600000|100%|HC|  |TAMS 0x000000076a400000, 0x000000076a400000| Complete 
| 851|0x000000076a600000, 0x000000076a800000, 0x000000076a800000|100%|HC|  |TAMS 0x000000076a600000, 0x000000076a600000| Complete 
| 852|0x000000076a800000, 0x000000076aa00000, 0x000000076aa00000|100%|HC|  |TAMS 0x000000076a800000, 0x000000076a800000| Complete 
| 853|0x000000076aa00000, 0x000000076ac00000, 0x000000076ac00000|100%|HC|  |TAMS 0x000000076aa00000, 0x000000076aa00000| Complete 
| 854|0x000000076ac00000, 0x000000076ae00000, 0x000000076ae00000|100%|HC|  |TAMS 0x000000076ac00000, 0x000000076ac00000| Complete 
| 855|0x000000076ae00000, 0x000000076b000000, 0x000000076b000000|100%|HC|  |TAMS 0x000000076ae00000, 0x000000076ae00000| Complete 
| 856|0x000000076b000000, 0x000000076b200000, 0x000000076b200000|100%|HC|  |TAMS 0x000000076b000000, 0x000000076b000000| Complete 
| 857|0x000000076b200000, 0x000000076b400000, 0x000000076b400000|100%|HC|  |TAMS 0x000000076b200000, 0x000000076b200000| Complete 
| 858|0x000000076b400000, 0x000000076b600000, 0x000000076b600000|100%|HC|  |TAMS 0x000000076b400000, 0x000000076b400000| Complete 
| 859|0x000000076b600000, 0x000000076b800000, 0x000000076b800000|100%|HC|  |TAMS 0x000000076b600000, 0x000000076b600000| Complete 
| 860|0x000000076b800000, 0x000000076ba00000, 0x000000076ba00000|100%|HC|  |TAMS 0x000000076b800000, 0x000000076b800000| Complete 
| 861|0x000000076ba00000, 0x000000076bc00000, 0x000000076bc00000|100%|HC|  |TAMS 0x000000076ba00000, 0x000000076ba00000| Complete 
| 862|0x000000076bc00000, 0x000000076be00000, 0x000000076be00000|100%|HC|  |TAMS 0x000000076bc00000, 0x000000076bc00000| Complete 
| 863|0x000000076be00000, 0x000000076c000000, 0x000000076c000000|100%|HC|  |TAMS 0x000000076be00000, 0x000000076be00000| Complete 
| 864|0x000000076c000000, 0x000000076c200000, 0x000000076c200000|100%|HC|  |TAMS 0x000000076c000000, 0x000000076c000000| Complete 
| 865|0x000000076c200000, 0x000000076c400000, 0x000000076c400000|100%|HC|  |TAMS 0x000000076c200000, 0x000000076c200000| Complete 
| 866|0x000000076c400000, 0x000000076c600000, 0x000000076c600000|100%|HC|  |TAMS 0x000000076c400000, 0x000000076c400000| Complete 
| 867|0x000000076c600000, 0x000000076c800000, 0x000000076c800000|100%|HC|  |TAMS 0x000000076c600000, 0x000000076c600000| Complete 
| 868|0x000000076c800000, 0x000000076ca00000, 0x000000076ca00000|100%|HC|  |TAMS 0x000000076c800000, 0x000000076c800000| Complete 
| 869|0x000000076ca00000, 0x000000076cc00000, 0x000000076cc00000|100%|HC|  |TAMS 0x000000076ca00000, 0x000000076ca00000| Complete 
| 870|0x000000076cc00000, 0x000000076ce00000, 0x000000076ce00000|100%|HC|  |TAMS 0x000000076cc00000, 0x000000076cc00000| Complete 
| 871|0x000000076ce00000, 0x000000076d000000, 0x000000076d000000|100%|HC|  |TAMS 0x000000076ce00000, 0x000000076ce00000| Complete 
| 872|0x000000076d000000, 0x000000076d200000, 0x000000076d200000|100%|HC|  |TAMS 0x000000076d000000, 0x000000076d000000| Complete 
| 873|0x000000076d200000, 0x000000076d400000, 0x000000076d400000|100%|HC|  |TAMS 0x000000076d200000, 0x000000076d200000| Complete 
| 874|0x000000076d400000, 0x000000076d600000, 0x000000076d600000|100%|HC|  |TAMS 0x000000076d400000, 0x000000076d400000| Complete 
| 875|0x000000076d600000, 0x000000076d800000, 0x000000076d800000|100%|HC|  |TAMS 0x000000076d600000, 0x000000076d600000| Complete 
| 876|0x000000076d800000, 0x000000076da00000, 0x000000076da00000|100%|HS|  |TAMS 0x000000076d800000, 0x000000076d800000| Complete 
| 877|0x000000076da00000, 0x000000076dc00000, 0x000000076dc00000|100%|HC|  |TAMS 0x000000076da00000, 0x000000076da00000| Complete 
| 878|0x000000076dc00000, 0x000000076de00000, 0x000000076de00000|100%|HC|  |TAMS 0x000000076dc00000, 0x000000076dc00000| Complete 
| 879|0x000000076de00000, 0x000000076e000000, 0x000000076e000000|100%|HC|  |TAMS 0x000000076de00000, 0x000000076de00000| Complete 
| 880|0x000000076e000000, 0x000000076e200000, 0x000000076e200000|100%|HC|  |TAMS 0x000000076e000000, 0x000000076e000000| Complete 
| 881|0x000000076e200000, 0x000000076e200000, 0x000000076e400000|  0%| F|  |TAMS 0x000000076e200000, 0x000000076e200000| Untracked 
| 882|0x000000076e400000, 0x000000076e400000, 0x000000076e600000|  0%| F|  |TAMS 0x000000076e400000, 0x000000076e400000| Untracked 
| 883|0x000000076e600000, 0x000000076e800000, 0x000000076e800000|100%|HS|  |TAMS 0x000000076e600000, 0x000000076e600000| Complete 
| 884|0x000000076e800000, 0x000000076ea00000, 0x000000076ea00000|100%|HC|  |TAMS 0x000000076e800000, 0x000000076e800000| Complete 
| 885|0x000000076ea00000, 0x000000076ec00000, 0x000000076ec00000|100%|HC|  |TAMS 0x000000076ea00000, 0x000000076ea00000| Complete 
| 886|0x000000076ec00000, 0x000000076ee00000, 0x000000076ee00000|100%|HC|  |TAMS 0x000000076ec00000, 0x000000076ec00000| Complete 
| 887|0x000000076ee00000, 0x000000076f000000, 0x000000076f000000|100%|HC|  |TAMS 0x000000076ee00000, 0x000000076ee00000| Complete 
| 888|0x000000076f000000, 0x000000076f200000, 0x000000076f200000|100%|HC|  |TAMS 0x000000076f000000, 0x000000076f000000| Complete 
| 889|0x000000076f200000, 0x000000076f400000, 0x000000076f400000|100%|HC|  |TAMS 0x000000076f200000, 0x000000076f200000| Complete 
| 890|0x000000076f400000, 0x000000076f600000, 0x000000076f600000|100%|HC|  |TAMS 0x000000076f400000, 0x000000076f400000| Complete 
| 891|0x000000076f600000, 0x000000076f800000, 0x000000076f800000|100%|HC|  |TAMS 0x000000076f600000, 0x000000076f600000| Complete 
| 892|0x000000076f800000, 0x000000076fa00000, 0x000000076fa00000|100%|HC|  |TAMS 0x000000076f800000, 0x000000076f800000| Complete 
| 893|0x000000076fa00000, 0x000000076fc00000, 0x000000076fc00000|100%|HC|  |TAMS 0x000000076fa00000, 0x000000076fa00000| Complete 
| 894|0x000000076fc00000, 0x000000076fe00000, 0x000000076fe00000|100%|HC|  |TAMS 0x000000076fc00000, 0x000000076fc00000| Complete 
| 895|0x000000076fe00000, 0x0000000770000000, 0x0000000770000000|100%|HC|  |TAMS 0x000000076fe00000, 0x000000076fe00000| Complete 
| 896|0x0000000770000000, 0x0000000770200000, 0x0000000770200000|100%|HC|  |TAMS 0x0000000770000000, 0x0000000770000000| Complete 
| 897|0x0000000770200000, 0x0000000770400000, 0x0000000770400000|100%|HC|  |TAMS 0x0000000770200000, 0x0000000770200000| Complete 
| 898|0x0000000770400000, 0x0000000770600000, 0x0000000770600000|100%|HC|  |TAMS 0x0000000770400000, 0x0000000770400000| Complete 
| 899|0x0000000770600000, 0x0000000770800000, 0x0000000770800000|100%|HC|  |TAMS 0x0000000770600000, 0x0000000770600000| Complete 
| 900|0x0000000770800000, 0x0000000770a00000, 0x0000000770a00000|100%|HC|  |TAMS 0x0000000770800000, 0x0000000770800000| Complete 
| 901|0x0000000770a00000, 0x0000000770c00000, 0x0000000770c00000|100%|HC|  |TAMS 0x0000000770a00000, 0x0000000770a00000| Complete 
| 902|0x0000000770c00000, 0x0000000770e00000, 0x0000000770e00000|100%|HC|  |TAMS 0x0000000770c00000, 0x0000000770c00000| Complete 
| 903|0x0000000770e00000, 0x0000000771000000, 0x0000000771000000|100%|HC|  |TAMS 0x0000000770e00000, 0x0000000770e00000| Complete 
| 904|0x0000000771000000, 0x0000000771200000, 0x0000000771200000|100%|HC|  |TAMS 0x0000000771000000, 0x0000000771000000| Complete 
| 905|0x0000000771200000, 0x0000000771400000, 0x0000000771400000|100%|HC|  |TAMS 0x0000000771200000, 0x0000000771200000| Complete 
| 906|0x0000000771400000, 0x0000000771600000, 0x0000000771600000|100%|HC|  |TAMS 0x0000000771400000, 0x0000000771400000| Complete 
| 907|0x0000000771600000, 0x0000000771800000, 0x0000000771800000|100%|HC|  |TAMS 0x0000000771600000, 0x0000000771600000| Complete 
| 908|0x0000000771800000, 0x0000000771a00000, 0x0000000771a00000|100%|HC|  |TAMS 0x0000000771800000, 0x0000000771800000| Complete 
| 909|0x0000000771a00000, 0x0000000771c00000, 0x0000000771c00000|100%|HC|  |TAMS 0x0000000771a00000, 0x0000000771a00000| Complete 
| 910|0x0000000771c00000, 0x0000000771e00000, 0x0000000771e00000|100%|HC|  |TAMS 0x0000000771c00000, 0x0000000771c00000| Complete 
| 911|0x0000000771e00000, 0x0000000772000000, 0x0000000772000000|100%|HC|  |TAMS 0x0000000771e00000, 0x0000000771e00000| Complete 
| 912|0x0000000772000000, 0x0000000772200000, 0x0000000772200000|100%|HC|  |TAMS 0x0000000772000000, 0x0000000772000000| Complete 
| 913|0x0000000772200000, 0x0000000772400000, 0x0000000772400000|100%|HC|  |TAMS 0x0000000772200000, 0x0000000772200000| Complete 
| 914|0x0000000772400000, 0x0000000772600000, 0x0000000772600000|100%|HC|  |TAMS 0x0000000772400000, 0x0000000772400000| Complete 
| 915|0x0000000772600000, 0x0000000772800000, 0x0000000772800000|100%|HC|  |TAMS 0x0000000772600000, 0x0000000772600000| Complete 
| 916|0x0000000772800000, 0x0000000772a00000, 0x0000000772a00000|100%|HC|  |TAMS 0x0000000772800000, 0x0000000772800000| Complete 
| 917|0x0000000772a00000, 0x0000000772c00000, 0x0000000772c00000|100%|HC|  |TAMS 0x0000000772a00000, 0x0000000772a00000| Complete 
| 918|0x0000000772c00000, 0x0000000772e00000, 0x0000000772e00000|100%|HC|  |TAMS 0x0000000772c00000, 0x0000000772c00000| Complete 
| 919|0x0000000772e00000, 0x0000000773000000, 0x0000000773000000|100%|HC|  |TAMS 0x0000000772e00000, 0x0000000772e00000| Complete 
| 920|0x0000000773000000, 0x0000000773200000, 0x0000000773200000|100%|HC|  |TAMS 0x0000000773000000, 0x0000000773000000| Complete 
| 921|0x0000000773200000, 0x0000000773400000, 0x0000000773400000|100%|HC|  |TAMS 0x0000000773200000, 0x0000000773200000| Complete 
| 922|0x0000000773400000, 0x0000000773600000, 0x0000000773600000|100%|HC|  |TAMS 0x0000000773400000, 0x0000000773400000| Complete 
| 923|0x0000000773600000, 0x0000000773800000, 0x0000000773800000|100%|HC|  |TAMS 0x0000000773600000, 0x0000000773600000| Complete 
| 924|0x0000000773800000, 0x0000000773a00000, 0x0000000773a00000|100%|HC|  |TAMS 0x0000000773800000, 0x0000000773800000| Complete 
| 925|0x0000000773a00000, 0x0000000773c00000, 0x0000000773c00000|100%|HC|  |TAMS 0x0000000773a00000, 0x0000000773a00000| Complete 
| 926|0x0000000773c00000, 0x0000000773e00000, 0x0000000773e00000|100%|HC|  |TAMS 0x0000000773c00000, 0x0000000773c00000| Complete 
| 927|0x0000000773e00000, 0x0000000774000000, 0x0000000774000000|100%|HC|  |TAMS 0x0000000773e00000, 0x0000000773e00000| Complete 
| 928|0x0000000774000000, 0x0000000774200000, 0x0000000774200000|100%|HC|  |TAMS 0x0000000774000000, 0x0000000774000000| Complete 
| 929|0x0000000774200000, 0x0000000774400000, 0x0000000774400000|100%|HC|  |TAMS 0x0000000774200000, 0x0000000774200000| Complete 
| 930|0x0000000774400000, 0x0000000774600000, 0x0000000774600000|100%|HC|  |TAMS 0x0000000774400000, 0x0000000774400000| Complete 
| 931|0x0000000774600000, 0x0000000774800000, 0x0000000774800000|100%|HC|  |TAMS 0x0000000774600000, 0x0000000774600000| Complete 
| 932|0x0000000774800000, 0x0000000774a00000, 0x0000000774a00000|100%|HC|  |TAMS 0x0000000774800000, 0x0000000774800000| Complete 
| 933|0x0000000774a00000, 0x0000000774c00000, 0x0000000774c00000|100%|HC|  |TAMS 0x0000000774a00000, 0x0000000774a00000| Complete 
| 934|0x0000000774c00000, 0x0000000774e00000, 0x0000000774e00000|100%|HC|  |TAMS 0x0000000774c00000, 0x0000000774c00000| Complete 
| 935|0x0000000774e00000, 0x0000000775000000, 0x0000000775000000|100%|HC|  |TAMS 0x0000000774e00000, 0x0000000774e00000| Complete 
| 936|0x0000000775000000, 0x0000000775200000, 0x0000000775200000|100%|HC|  |TAMS 0x0000000775000000, 0x0000000775000000| Complete 
| 937|0x0000000775200000, 0x0000000775400000, 0x0000000775400000|100%|HC|  |TAMS 0x0000000775200000, 0x0000000775200000| Complete 
| 938|0x0000000775400000, 0x0000000775600000, 0x0000000775600000|100%|HC|  |TAMS 0x0000000775400000, 0x0000000775400000| Complete 
| 939|0x0000000775600000, 0x0000000775800000, 0x0000000775800000|100%|HC|  |TAMS 0x0000000775600000, 0x0000000775600000| Complete 
| 940|0x0000000775800000, 0x0000000775a00000, 0x0000000775a00000|100%|HC|  |TAMS 0x0000000775800000, 0x0000000775800000| Complete 
| 941|0x0000000775a00000, 0x0000000775c00000, 0x0000000775c00000|100%|HC|  |TAMS 0x0000000775a00000, 0x0000000775a00000| Complete 
| 942|0x0000000775c00000, 0x0000000775e00000, 0x0000000775e00000|100%|HC|  |TAMS 0x0000000775c00000, 0x0000000775c00000| Complete 
| 943|0x0000000775e00000, 0x0000000776000000, 0x0000000776000000|100%|HC|  |TAMS 0x0000000775e00000, 0x0000000775e00000| Complete 
| 944|0x0000000776000000, 0x0000000776200000, 0x0000000776200000|100%|HC|  |TAMS 0x0000000776000000, 0x0000000776000000| Complete 
| 945|0x0000000776200000, 0x0000000776400000, 0x0000000776400000|100%|HC|  |TAMS 0x0000000776200000, 0x0000000776200000| Complete 
| 946|0x0000000776400000, 0x0000000776600000, 0x0000000776600000|100%|HC|  |TAMS 0x0000000776400000, 0x0000000776400000| Complete 
| 947|0x0000000776600000, 0x0000000776800000, 0x0000000776800000|100%|HC|  |TAMS 0x0000000776600000, 0x0000000776600000| Complete 
| 948|0x0000000776800000, 0x0000000776a00000, 0x0000000776a00000|100%|HC|  |TAMS 0x0000000776800000, 0x0000000776800000| Complete 
| 949|0x0000000776a00000, 0x0000000776c00000, 0x0000000776c00000|100%|HC|  |TAMS 0x0000000776a00000, 0x0000000776a00000| Complete 
| 950|0x0000000776c00000, 0x0000000776e00000, 0x0000000776e00000|100%|HC|  |TAMS 0x0000000776c00000, 0x0000000776c00000| Complete 
| 951|0x0000000776e00000, 0x0000000777000000, 0x0000000777000000|100%|HC|  |TAMS 0x0000000776e00000, 0x0000000776e00000| Complete 
| 952|0x0000000777000000, 0x0000000777200000, 0x0000000777200000|100%|HC|  |TAMS 0x0000000777000000, 0x0000000777000000| Complete 
| 953|0x0000000777200000, 0x0000000777400000, 0x0000000777400000|100%|HC|  |TAMS 0x0000000777200000, 0x0000000777200000| Complete 
| 954|0x0000000777400000, 0x0000000777600000, 0x0000000777600000|100%|HC|  |TAMS 0x0000000777400000, 0x0000000777400000| Complete 
| 955|0x0000000777600000, 0x0000000777800000, 0x0000000777800000|100%|HC|  |TAMS 0x0000000777600000, 0x0000000777600000| Complete 
| 956|0x0000000777800000, 0x0000000777a00000, 0x0000000777a00000|100%|HC|  |TAMS 0x0000000777800000, 0x0000000777800000| Complete 
| 957|0x0000000777a00000, 0x0000000777c00000, 0x0000000777c00000|100%|HC|  |TAMS 0x0000000777a00000, 0x0000000777a00000| Complete 
| 958|0x0000000777c00000, 0x0000000777e00000, 0x0000000777e00000|100%|HC|  |TAMS 0x0000000777c00000, 0x0000000777c00000| Complete 
| 959|0x0000000777e00000, 0x0000000778000000, 0x0000000778000000|100%|HC|  |TAMS 0x0000000777e00000, 0x0000000777e00000| Complete 
| 960|0x0000000778000000, 0x0000000778200000, 0x0000000778200000|100%|HC|  |TAMS 0x0000000778000000, 0x0000000778000000| Complete 
| 961|0x0000000778200000, 0x0000000778400000, 0x0000000778400000|100%|HC|  |TAMS 0x0000000778200000, 0x0000000778200000| Complete 
| 962|0x0000000778400000, 0x0000000778600000, 0x0000000778600000|100%|HS|  |TAMS 0x0000000778400000, 0x0000000778400000| Complete 
| 963|0x0000000778600000, 0x0000000778800000, 0x0000000778800000|100%|HC|  |TAMS 0x0000000778600000, 0x0000000778600000| Complete 
| 964|0x0000000778800000, 0x0000000778a00000, 0x0000000778a00000|100%|HC|  |TAMS 0x0000000778800000, 0x0000000778800000| Complete 
| 965|0x0000000778a00000, 0x0000000778c00000, 0x0000000778c00000|100%|HC|  |TAMS 0x0000000778a00000, 0x0000000778a00000| Complete 
| 966|0x0000000778c00000, 0x0000000778e00000, 0x0000000778e00000|100%|HC|  |TAMS 0x0000000778c00000, 0x0000000778c00000| Complete 
| 967|0x0000000778e00000, 0x0000000779000000, 0x0000000779000000|100%|HC|  |TAMS 0x0000000778e00000, 0x0000000778e00000| Complete 
| 968|0x0000000779000000, 0x0000000779200000, 0x0000000779200000|100%|HC|  |TAMS 0x0000000779000000, 0x0000000779000000| Complete 
| 969|0x0000000779200000, 0x0000000779400000, 0x0000000779400000|100%|HC|  |TAMS 0x0000000779200000, 0x0000000779200000| Complete 
| 970|0x0000000779400000, 0x0000000779600000, 0x0000000779600000|100%|HC|  |TAMS 0x0000000779400000, 0x0000000779400000| Complete 
| 971|0x0000000779600000, 0x0000000779800000, 0x0000000779800000|100%|HC|  |TAMS 0x0000000779600000, 0x0000000779600000| Complete 
| 972|0x0000000779800000, 0x0000000779a00000, 0x0000000779a00000|100%|HC|  |TAMS 0x0000000779800000, 0x0000000779800000| Complete 
| 973|0x0000000779a00000, 0x0000000779c00000, 0x0000000779c00000|100%|HC|  |TAMS 0x0000000779a00000, 0x0000000779a00000| Complete 
| 974|0x0000000779c00000, 0x0000000779e00000, 0x0000000779e00000|100%|HC|  |TAMS 0x0000000779c00000, 0x0000000779c00000| Complete 
| 975|0x0000000779e00000, 0x000000077a000000, 0x000000077a000000|100%|HC|  |TAMS 0x0000000779e00000, 0x0000000779e00000| Complete 
| 976|0x000000077a000000, 0x000000077a200000, 0x000000077a200000|100%|HC|  |TAMS 0x000000077a000000, 0x000000077a000000| Complete 
| 977|0x000000077a200000, 0x000000077a400000, 0x000000077a400000|100%|HC|  |TAMS 0x000000077a200000, 0x000000077a200000| Complete 
| 978|0x000000077a400000, 0x000000077a600000, 0x000000077a600000|100%|HC|  |TAMS 0x000000077a400000, 0x000000077a400000| Complete 
| 979|0x000000077a600000, 0x000000077a800000, 0x000000077a800000|100%|HC|  |TAMS 0x000000077a600000, 0x000000077a600000| Complete 
| 980|0x000000077a800000, 0x000000077aa00000, 0x000000077aa00000|100%|HC|  |TAMS 0x000000077a800000, 0x000000077a800000| Complete 
| 981|0x000000077aa00000, 0x000000077ac00000, 0x000000077ac00000|100%|HC|  |TAMS 0x000000077aa00000, 0x000000077aa00000| Complete 
| 982|0x000000077ac00000, 0x000000077ae00000, 0x000000077ae00000|100%|HC|  |TAMS 0x000000077ac00000, 0x000000077ac00000| Complete 
| 983|0x000000077ae00000, 0x000000077b000000, 0x000000077b000000|100%|HC|  |TAMS 0x000000077ae00000, 0x000000077ae00000| Complete 
| 984|0x000000077b000000, 0x000000077b200000, 0x000000077b200000|100%|HC|  |TAMS 0x000000077b000000, 0x000000077b000000| Complete 
| 985|0x000000077b200000, 0x000000077b400000, 0x000000077b400000|100%|HC|  |TAMS 0x000000077b200000, 0x000000077b200000| Complete 
| 986|0x000000077b400000, 0x000000077b600000, 0x000000077b600000|100%|HC|  |TAMS 0x000000077b400000, 0x000000077b400000| Complete 
| 987|0x000000077b600000, 0x000000077b800000, 0x000000077b800000|100%|HC|  |TAMS 0x000000077b600000, 0x000000077b600000| Complete 
| 988|0x000000077b800000, 0x000000077ba00000, 0x000000077ba00000|100%|HC|  |TAMS 0x000000077b800000, 0x000000077b800000| Complete 
| 989|0x000000077ba00000, 0x000000077bc00000, 0x000000077bc00000|100%|HC|  |TAMS 0x000000077ba00000, 0x000000077ba00000| Complete 
| 990|0x000000077bc00000, 0x000000077be00000, 0x000000077be00000|100%|HC|  |TAMS 0x000000077bc00000, 0x000000077bc00000| Complete 
| 991|0x000000077be00000, 0x000000077c000000, 0x000000077c000000|100%|HC|  |TAMS 0x000000077be00000, 0x000000077be00000| Complete 
| 992|0x000000077c000000, 0x000000077c200000, 0x000000077c200000|100%|HC|  |TAMS 0x000000077c000000, 0x000000077c000000| Complete 
| 993|0x000000077c200000, 0x000000077c400000, 0x000000077c400000|100%|HC|  |TAMS 0x000000077c200000, 0x000000077c200000| Complete 
| 994|0x000000077c400000, 0x000000077c600000, 0x000000077c600000|100%|HC|  |TAMS 0x000000077c400000, 0x000000077c400000| Complete 
| 995|0x000000077c600000, 0x000000077c800000, 0x000000077c800000|100%|HS|  |TAMS 0x000000077c600000, 0x000000077c600000| Complete 
| 996|0x000000077c800000, 0x000000077ca00000, 0x000000077ca00000|100%|HC|  |TAMS 0x000000077c800000, 0x000000077c800000| Complete 
| 997|0x000000077ca00000, 0x000000077cc00000, 0x000000077cc00000|100%|HC|  |TAMS 0x000000077ca00000, 0x000000077ca00000| Complete 
| 998|0x000000077cc00000, 0x000000077ce00000, 0x000000077ce00000|100%|HC|  |TAMS 0x000000077cc00000, 0x000000077cc00000| Complete 
| 999|0x000000077ce00000, 0x000000077d000000, 0x000000077d000000|100%|HC|  |TAMS 0x000000077ce00000, 0x000000077ce00000| Complete 
|1000|0x000000077d000000, 0x000000077d200000, 0x000000077d200000|100%|HC|  |TAMS 0x000000077d000000, 0x000000077d000000| Complete 
|1001|0x000000077d200000, 0x000000077d400000, 0x000000077d400000|100%|HC|  |TAMS 0x000000077d200000, 0x000000077d200000| Complete 
|1002|0x000000077d400000, 0x000000077d600000, 0x000000077d600000|100%|HC|  |TAMS 0x000000077d400000, 0x000000077d400000| Complete 
|1003|0x000000077d600000, 0x000000077d800000, 0x000000077d800000|100%|HC|  |TAMS 0x000000077d600000, 0x000000077d600000| Complete 
|1004|0x000000077d800000, 0x000000077da00000, 0x000000077da00000|100%|HC|  |TAMS 0x000000077d800000, 0x000000077d800000| Complete 
|1005|0x000000077da00000, 0x000000077dc00000, 0x000000077dc00000|100%|HC|  |TAMS 0x000000077da00000, 0x000000077da00000| Complete 
|1006|0x000000077dc00000, 0x000000077de00000, 0x000000077de00000|100%|HC|  |TAMS 0x000000077dc00000, 0x000000077dc00000| Complete 
|1007|0x000000077de00000, 0x000000077e000000, 0x000000077e000000|100%|HC|  |TAMS 0x000000077de00000, 0x000000077de00000| Complete 
|1008|0x000000077e000000, 0x000000077e200000, 0x000000077e200000|100%|HC|  |TAMS 0x000000077e000000, 0x000000077e000000| Complete 
|1009|0x000000077e200000, 0x000000077e400000, 0x000000077e400000|100%|HC|  |TAMS 0x000000077e200000, 0x000000077e200000| Complete 
|1010|0x000000077e400000, 0x000000077e600000, 0x000000077e600000|100%|HC|  |TAMS 0x000000077e400000, 0x000000077e400000| Complete 
|1011|0x000000077e600000, 0x000000077e800000, 0x000000077e800000|100%|HC|  |TAMS 0x000000077e600000, 0x000000077e600000| Complete 
|1012|0x000000077e800000, 0x000000077e800000, 0x000000077ea00000|  0%| F|  |TAMS 0x000000077e800000, 0x000000077e800000| Untracked 
|1013|0x000000077ea00000, 0x000000077ea00000, 0x000000077ec00000|  0%| F|  |TAMS 0x000000077ea00000, 0x000000077ea00000| Untracked 
|1014|0x000000077ec00000, 0x000000077ec00000, 0x000000077ee00000|  0%| F|  |TAMS 0x000000077ec00000, 0x000000077ec00000| Untracked 
|1015|0x000000077ee00000, 0x000000077ee00000, 0x000000077f000000|  0%| F|  |TAMS 0x000000077ee00000, 0x000000077ee00000| Untracked 
|1016|0x000000077f000000, 0x000000077f000000, 0x000000077f200000|  0%| F|  |TAMS 0x000000077f000000, 0x000000077f000000| Untracked 
|1017|0x000000077f200000, 0x000000077f200000, 0x000000077f400000|  0%| F|  |TAMS 0x000000077f200000, 0x000000077f200000| Untracked 
|1018|0x000000077f400000, 0x000000077f400000, 0x000000077f600000|  0%| F|  |TAMS 0x000000077f400000, 0x000000077f400000| Untracked 
|1019|0x000000077f600000, 0x000000077f600000, 0x000000077f800000|  0%| F|  |TAMS 0x000000077f600000, 0x000000077f600000| Untracked 
|1020|0x000000077f800000, 0x000000077f9fd4e8, 0x000000077fa00000| 99%| E|  |TAMS 0x000000077f800000, 0x000000077f800000| Complete 
|1021|0x000000077fa00000, 0x000000077fc00000, 0x000000077fc00000|100%| E|CS|TAMS 0x000000077fa00000, 0x000000077fa00000| Complete 
|1022|0x000000077fc00000, 0x000000077fe00000, 0x000000077fe00000|100%| E|CS|TAMS 0x000000077fc00000, 0x000000077fc00000| Complete 
|1023|0x000000077fe00000, 0x0000000780000000, 0x0000000780000000|100%| E|CS|TAMS 0x000000077fe00000, 0x000000077fe00000| Complete 
|1024|0x0000000780000000, 0x0000000780200000, 0x0000000780200000|100%| E|CS|TAMS 0x0000000780000000, 0x0000000780000000| Complete 
|1025|0x0000000780200000, 0x0000000780400000, 0x0000000780400000|100%| E|  |TAMS 0x0000000780200000, 0x0000000780200000| Complete 
|1026|0x0000000780400000, 0x0000000780600000, 0x0000000780600000|100%| E|CS|TAMS 0x0000000780400000, 0x0000000780400000| Complete 
|1027|0x0000000780600000, 0x0000000780800000, 0x0000000780800000|100%|HS|  |TAMS 0x0000000780600000, 0x0000000780600000| Complete 
|1028|0x0000000780800000, 0x0000000780a00000, 0x0000000780a00000|100%|HC|  |TAMS 0x0000000780800000, 0x0000000780800000| Complete 
|1029|0x0000000780a00000, 0x0000000780c00000, 0x0000000780c00000|100%|HC|  |TAMS 0x0000000780a00000, 0x0000000780a00000| Complete 
|1030|0x0000000780c00000, 0x0000000780e00000, 0x0000000780e00000|100%|HC|  |TAMS 0x0000000780c00000, 0x0000000780c00000| Complete 
|1031|0x0000000780e00000, 0x0000000781000000, 0x0000000781000000|100%|HC|  |TAMS 0x0000000780e00000, 0x0000000780e00000| Complete 
|1032|0x0000000781000000, 0x0000000781200000, 0x0000000781200000|100%|HC|  |TAMS 0x0000000781000000, 0x0000000781000000| Complete 
|1033|0x0000000781200000, 0x0000000781400000, 0x0000000781400000|100%|HC|  |TAMS 0x0000000781200000, 0x0000000781200000| Complete 
|1034|0x0000000781400000, 0x0000000781600000, 0x0000000781600000|100%|HC|  |TAMS 0x0000000781400000, 0x0000000781400000| Complete 
|1035|0x0000000781600000, 0x0000000781800000, 0x0000000781800000|100%|HC|  |TAMS 0x0000000781600000, 0x0000000781600000| Complete 
|1036|0x0000000781800000, 0x0000000781a00000, 0x0000000781a00000|100%|HC|  |TAMS 0x0000000781800000, 0x0000000781800000| Complete 
|1037|0x0000000781a00000, 0x0000000781c00000, 0x0000000781c00000|100%|HC|  |TAMS 0x0000000781a00000, 0x0000000781a00000| Complete 
|1038|0x0000000781c00000, 0x0000000781e00000, 0x0000000781e00000|100%|HC|  |TAMS 0x0000000781c00000, 0x0000000781c00000| Complete 
|1039|0x0000000781e00000, 0x0000000782000000, 0x0000000782000000|100%|HC|  |TAMS 0x0000000781e00000, 0x0000000781e00000| Complete 
|1040|0x0000000782000000, 0x0000000782200000, 0x0000000782200000|100%|HC|  |TAMS 0x0000000782000000, 0x0000000782000000| Complete 
|1041|0x0000000782200000, 0x0000000782400000, 0x0000000782400000|100%|HC|  |TAMS 0x0000000782200000, 0x0000000782200000| Complete 
|1042|0x0000000782400000, 0x0000000782600000, 0x0000000782600000|100%|HC|  |TAMS 0x0000000782400000, 0x0000000782400000| Complete 
|1043|0x0000000782600000, 0x0000000782800000, 0x0000000782800000|100%|HC|  |TAMS 0x0000000782600000, 0x0000000782600000| Complete 
|1044|0x0000000782800000, 0x0000000782a00000, 0x0000000782a00000|100%|HC|  |TAMS 0x0000000782800000, 0x0000000782800000| Complete 
|1045|0x0000000782a00000, 0x0000000782c00000, 0x0000000782c00000|100%|HC|  |TAMS 0x0000000782a00000, 0x0000000782a00000| Complete 
|1046|0x0000000782c00000, 0x0000000782e00000, 0x0000000782e00000|100%|HC|  |TAMS 0x0000000782c00000, 0x0000000782c00000| Complete 
|1047|0x0000000782e00000, 0x0000000783000000, 0x0000000783000000|100%|HC|  |TAMS 0x0000000782e00000, 0x0000000782e00000| Complete 
|1048|0x0000000783000000, 0x0000000783200000, 0x0000000783200000|100%|HC|  |TAMS 0x0000000783000000, 0x0000000783000000| Complete 
|1049|0x0000000783200000, 0x0000000783400000, 0x0000000783400000|100%|HC|  |TAMS 0x0000000783200000, 0x0000000783200000| Complete 
|1050|0x0000000783400000, 0x0000000783600000, 0x0000000783600000|100%|HC|  |TAMS 0x0000000783400000, 0x0000000783400000| Complete 
|1051|0x0000000783600000, 0x0000000783800000, 0x0000000783800000|100%|HC|  |TAMS 0x0000000783600000, 0x0000000783600000| Complete 
|1052|0x0000000783800000, 0x0000000783a00000, 0x0000000783a00000|100%|HC|  |TAMS 0x0000000783800000, 0x0000000783800000| Complete 
|1053|0x0000000783a00000, 0x0000000783c00000, 0x0000000783c00000|100%|HC|  |TAMS 0x0000000783a00000, 0x0000000783a00000| Complete 
|1054|0x0000000783c00000, 0x0000000783e00000, 0x0000000783e00000|100%|HC|  |TAMS 0x0000000783c00000, 0x0000000783c00000| Complete 
|1055|0x0000000783e00000, 0x0000000784000000, 0x0000000784000000|100%|HC|  |TAMS 0x0000000783e00000, 0x0000000783e00000| Complete 
|1056|0x0000000784000000, 0x0000000784200000, 0x0000000784200000|100%|HC|  |TAMS 0x0000000784000000, 0x0000000784000000| Complete 
|1057|0x0000000784200000, 0x0000000784400000, 0x0000000784400000|100%|HC|  |TAMS 0x0000000784200000, 0x0000000784200000| Complete 
|1058|0x0000000784400000, 0x0000000784600000, 0x0000000784600000|100%|HC|  |TAMS 0x0000000784400000, 0x0000000784400000| Complete 
|1059|0x0000000784600000, 0x0000000784800000, 0x0000000784800000|100%|HC|  |TAMS 0x0000000784600000, 0x0000000784600000| Complete 
|1060|0x0000000784800000, 0x0000000784a00000, 0x0000000784a00000|100%|HC|  |TAMS 0x0000000784800000, 0x0000000784800000| Complete 
|1061|0x0000000784a00000, 0x0000000784c00000, 0x0000000784c00000|100%|HC|  |TAMS 0x0000000784a00000, 0x0000000784a00000| Complete 
|1062|0x0000000784c00000, 0x0000000784e00000, 0x0000000784e00000|100%|HC|  |TAMS 0x0000000784c00000, 0x0000000784c00000| Complete 
|1063|0x0000000784e00000, 0x0000000785000000, 0x0000000785000000|100%|HC|  |TAMS 0x0000000784e00000, 0x0000000784e00000| Complete 
|1064|0x0000000785000000, 0x0000000785200000, 0x0000000785200000|100%|HC|  |TAMS 0x0000000785000000, 0x0000000785000000| Complete 
|1065|0x0000000785200000, 0x0000000785400000, 0x0000000785400000|100%|HC|  |TAMS 0x0000000785200000, 0x0000000785200000| Complete 
|1066|0x0000000785400000, 0x0000000785600000, 0x0000000785600000|100%|HC|  |TAMS 0x0000000785400000, 0x0000000785400000| Complete 
|1067|0x0000000785600000, 0x0000000785800000, 0x0000000785800000|100%|HC|  |TAMS 0x0000000785600000, 0x0000000785600000| Complete 
|1068|0x0000000785800000, 0x0000000785a00000, 0x0000000785a00000|100%|HC|  |TAMS 0x0000000785800000, 0x0000000785800000| Complete 
|1069|0x0000000785a00000, 0x0000000785c00000, 0x0000000785c00000|100%|HC|  |TAMS 0x0000000785a00000, 0x0000000785a00000| Complete 
|1070|0x0000000785c00000, 0x0000000785e00000, 0x0000000785e00000|100%|HC|  |TAMS 0x0000000785c00000, 0x0000000785c00000| Complete 
|1071|0x0000000785e00000, 0x0000000786000000, 0x0000000786000000|100%|HC|  |TAMS 0x0000000785e00000, 0x0000000785e00000| Complete 
|1072|0x0000000786000000, 0x0000000786200000, 0x0000000786200000|100%|HS|  |TAMS 0x0000000786000000, 0x0000000786000000| Complete 
|1073|0x0000000786200000, 0x0000000786400000, 0x0000000786400000|100%|HC|  |TAMS 0x0000000786200000, 0x0000000786200000| Complete 
|1074|0x0000000786400000, 0x0000000786600000, 0x0000000786600000|100%|HC|  |TAMS 0x0000000786400000, 0x0000000786400000| Complete 
|1075|0x0000000786600000, 0x0000000786800000, 0x0000000786800000|100%|HC|  |TAMS 0x0000000786600000, 0x0000000786600000| Complete 
|1076|0x0000000786800000, 0x0000000786a00000, 0x0000000786a00000|100%|HC|  |TAMS 0x0000000786800000, 0x0000000786800000| Complete 
|1077|0x0000000786a00000, 0x0000000786c00000, 0x0000000786c00000|100%|HC|  |TAMS 0x0000000786a00000, 0x0000000786a00000| Complete 
|1078|0x0000000786c00000, 0x0000000786e00000, 0x0000000786e00000|100%|HC|  |TAMS 0x0000000786c00000, 0x0000000786c00000| Complete 
|1079|0x0000000786e00000, 0x0000000787000000, 0x0000000787000000|100%|HC|  |TAMS 0x0000000786e00000, 0x0000000786e00000| Complete 
|1080|0x0000000787000000, 0x0000000787200000, 0x0000000787200000|100%|HC|  |TAMS 0x0000000787000000, 0x0000000787000000| Complete 
|1081|0x0000000787200000, 0x0000000787400000, 0x0000000787400000|100%|HC|  |TAMS 0x0000000787200000, 0x0000000787200000| Complete 
|1082|0x0000000787400000, 0x0000000787600000, 0x0000000787600000|100%|HC|  |TAMS 0x0000000787400000, 0x0000000787400000| Complete 
|1083|0x0000000787600000, 0x0000000787800000, 0x0000000787800000|100%|HC|  |TAMS 0x0000000787600000, 0x0000000787600000| Complete 
|1084|0x0000000787800000, 0x0000000787a00000, 0x0000000787a00000|100%|HC|  |TAMS 0x0000000787800000, 0x0000000787800000| Complete 
|1085|0x0000000787a00000, 0x0000000787c00000, 0x0000000787c00000|100%|HC|  |TAMS 0x0000000787a00000, 0x0000000787a00000| Complete 
|1086|0x0000000787c00000, 0x0000000787e00000, 0x0000000787e00000|100%|HC|  |TAMS 0x0000000787c00000, 0x0000000787c00000| Complete 
|1087|0x0000000787e00000, 0x0000000788000000, 0x0000000788000000|100%|HC|  |TAMS 0x0000000787e00000, 0x0000000787e00000| Complete 
|1088|0x0000000788000000, 0x0000000788200000, 0x0000000788200000|100%|HC|  |TAMS 0x0000000788000000, 0x0000000788000000| Complete 
|1089|0x0000000788200000, 0x0000000788400000, 0x0000000788400000|100%|HC|  |TAMS 0x0000000788200000, 0x0000000788200000| Complete 
|1090|0x0000000788400000, 0x0000000788600000, 0x0000000788600000|100%|HC|  |TAMS 0x0000000788400000, 0x0000000788400000| Complete 
|1091|0x0000000788600000, 0x0000000788800000, 0x0000000788800000|100%|HC|  |TAMS 0x0000000788600000, 0x0000000788600000| Complete 
|1092|0x0000000788800000, 0x0000000788a00000, 0x0000000788a00000|100%|HC|  |TAMS 0x0000000788800000, 0x0000000788800000| Complete 
|1093|0x0000000788a00000, 0x0000000788c00000, 0x0000000788c00000|100%|HC|  |TAMS 0x0000000788a00000, 0x0000000788a00000| Complete 
|1094|0x0000000788c00000, 0x0000000788e00000, 0x0000000788e00000|100%|HC|  |TAMS 0x0000000788c00000, 0x0000000788c00000| Complete 
|1095|0x0000000788e00000, 0x0000000789000000, 0x0000000789000000|100%|HC|  |TAMS 0x0000000788e00000, 0x0000000788e00000| Complete 
|1096|0x0000000789000000, 0x0000000789200000, 0x0000000789200000|100%|HC|  |TAMS 0x0000000789000000, 0x0000000789000000| Complete 
|1097|0x0000000789200000, 0x0000000789400000, 0x0000000789400000|100%|HC|  |TAMS 0x0000000789200000, 0x0000000789200000| Complete 
|1098|0x0000000789400000, 0x0000000789600000, 0x0000000789600000|100%|HC|  |TAMS 0x0000000789400000, 0x0000000789400000| Complete 
|1099|0x0000000789600000, 0x0000000789800000, 0x0000000789800000|100%|HC|  |TAMS 0x0000000789600000, 0x0000000789600000| Complete 
|1100|0x0000000789800000, 0x0000000789a00000, 0x0000000789a00000|100%|HC|  |TAMS 0x0000000789800000, 0x0000000789800000| Complete 
|1101|0x0000000789a00000, 0x0000000789c00000, 0x0000000789c00000|100%|HC|  |TAMS 0x0000000789a00000, 0x0000000789a00000| Complete 
|1102|0x0000000789c00000, 0x0000000789e00000, 0x0000000789e00000|100%|HC|  |TAMS 0x0000000789c00000, 0x0000000789c00000| Complete 
|1103|0x0000000789e00000, 0x000000078a000000, 0x000000078a000000|100%|HC|  |TAMS 0x0000000789e00000, 0x0000000789e00000| Complete 
|1104|0x000000078a000000, 0x000000078a200000, 0x000000078a200000|100%|HC|  |TAMS 0x000000078a000000, 0x000000078a000000| Complete 
|1105|0x000000078a200000, 0x000000078a400000, 0x000000078a400000|100%|HS|  |TAMS 0x000000078a200000, 0x000000078a200000| Complete 
|1106|0x000000078a400000, 0x000000078a600000, 0x000000078a600000|100%|HC|  |TAMS 0x000000078a400000, 0x000000078a400000| Complete 
|1107|0x000000078a600000, 0x000000078a800000, 0x000000078a800000|100%|HC|  |TAMS 0x000000078a600000, 0x000000078a600000| Complete 
|1108|0x000000078a800000, 0x000000078aa00000, 0x000000078aa00000|100%|HC|  |TAMS 0x000000078a800000, 0x000000078a800000| Complete 
|1109|0x000000078aa00000, 0x000000078ac00000, 0x000000078ac00000|100%|HC|  |TAMS 0x000000078aa00000, 0x000000078aa00000| Complete 
|1110|0x000000078ac00000, 0x000000078ae00000, 0x000000078ae00000|100%|HC|  |TAMS 0x000000078ac00000, 0x000000078ac00000| Complete 
|1111|0x000000078ae00000, 0x000000078b000000, 0x000000078b000000|100%|HC|  |TAMS 0x000000078ae00000, 0x000000078ae00000| Complete 
|1112|0x000000078b000000, 0x000000078b200000, 0x000000078b200000|100%|HC|  |TAMS 0x000000078b000000, 0x000000078b000000| Complete 
|1113|0x000000078b200000, 0x000000078b400000, 0x000000078b400000|100%|HC|  |TAMS 0x000000078b200000, 0x000000078b200000| Complete 
|1114|0x000000078b400000, 0x000000078b600000, 0x000000078b600000|100%|HC|  |TAMS 0x000000078b400000, 0x000000078b400000| Complete 
|1115|0x000000078b600000, 0x000000078b800000, 0x000000078b800000|100%|HC|  |TAMS 0x000000078b600000, 0x000000078b600000| Complete 
|1116|0x000000078b800000, 0x000000078ba00000, 0x000000078ba00000|100%|HC|  |TAMS 0x000000078b800000, 0x000000078b800000| Complete 
|1117|0x000000078ba00000, 0x000000078bc00000, 0x000000078bc00000|100%|HC|  |TAMS 0x000000078ba00000, 0x000000078ba00000| Complete 
|1118|0x000000078bc00000, 0x000000078be00000, 0x000000078be00000|100%|HC|  |TAMS 0x000000078bc00000, 0x000000078bc00000| Complete 
|1119|0x000000078be00000, 0x000000078c000000, 0x000000078c000000|100%|HC|  |TAMS 0x000000078be00000, 0x000000078be00000| Complete 
|1120|0x000000078c000000, 0x000000078c200000, 0x000000078c200000|100%|HC|  |TAMS 0x000000078c000000, 0x000000078c000000| Complete 
|1121|0x000000078c200000, 0x000000078c400000, 0x000000078c400000|100%|HC|  |TAMS 0x000000078c200000, 0x000000078c200000| Complete 
|1122|0x000000078c400000, 0x000000078c600000, 0x000000078c600000|100%|HC|  |TAMS 0x000000078c400000, 0x000000078c400000| Complete 
|1123|0x000000078c600000, 0x000000078c800000, 0x000000078c800000|100%|HC|  |TAMS 0x000000078c600000, 0x000000078c600000| Complete 
|1124|0x000000078c800000, 0x000000078ca00000, 0x000000078ca00000|100%|HC|  |TAMS 0x000000078c800000, 0x000000078c800000| Complete 
|1125|0x000000078ca00000, 0x000000078cc00000, 0x000000078cc00000|100%|HC|  |TAMS 0x000000078ca00000, 0x000000078ca00000| Complete 
|1126|0x000000078cc00000, 0x000000078ce00000, 0x000000078ce00000|100%|HC|  |TAMS 0x000000078cc00000, 0x000000078cc00000| Complete 
|1127|0x000000078ce00000, 0x000000078d000000, 0x000000078d000000|100%|HC|  |TAMS 0x000000078ce00000, 0x000000078ce00000| Complete 
|1128|0x000000078d000000, 0x000000078d200000, 0x000000078d200000|100%|HC|  |TAMS 0x000000078d000000, 0x000000078d000000| Complete 
|1129|0x000000078d200000, 0x000000078d400000, 0x000000078d400000|100%|HC|  |TAMS 0x000000078d200000, 0x000000078d200000| Complete 
|1130|0x000000078d400000, 0x000000078d600000, 0x000000078d600000|100%|HC|  |TAMS 0x000000078d400000, 0x000000078d400000| Complete 
|1131|0x000000078d600000, 0x000000078d800000, 0x000000078d800000|100%|HC|  |TAMS 0x000000078d600000, 0x000000078d600000| Complete 
|1132|0x000000078d800000, 0x000000078da00000, 0x000000078da00000|100%|HC|  |TAMS 0x000000078d800000, 0x000000078d800000| Complete 
|1133|0x000000078da00000, 0x000000078dc00000, 0x000000078dc00000|100%|HC|  |TAMS 0x000000078da00000, 0x000000078da00000| Complete 
|1134|0x000000078dc00000, 0x000000078de00000, 0x000000078de00000|100%|HC|  |TAMS 0x000000078dc00000, 0x000000078dc00000| Complete 
|1135|0x000000078de00000, 0x000000078e000000, 0x000000078e000000|100%|HC|  |TAMS 0x000000078de00000, 0x000000078de00000| Complete 
|1136|0x000000078e000000, 0x000000078e200000, 0x000000078e200000|100%|HC|  |TAMS 0x000000078e000000, 0x000000078e000000| Complete 
|1137|0x000000078e200000, 0x000000078e400000, 0x000000078e400000|100%|HC|  |TAMS 0x000000078e200000, 0x000000078e200000| Complete 
|1138|0x000000078e400000, 0x000000078e600000, 0x000000078e600000|100%|HC|  |TAMS 0x000000078e400000, 0x000000078e400000| Complete 
|1139|0x000000078e600000, 0x000000078e800000, 0x000000078e800000|100%|HC|  |TAMS 0x000000078e600000, 0x000000078e600000| Complete 
|1140|0x000000078e800000, 0x000000078ea00000, 0x000000078ea00000|100%|HC|  |TAMS 0x000000078e800000, 0x000000078e800000| Complete 
|1141|0x000000078ea00000, 0x000000078ec00000, 0x000000078ec00000|100%|HC|  |TAMS 0x000000078ea00000, 0x000000078ea00000| Complete 
|1142|0x000000078ec00000, 0x000000078ee00000, 0x000000078ee00000|100%|HC|  |TAMS 0x000000078ec00000, 0x000000078ec00000| Complete 
|1143|0x000000078ee00000, 0x000000078f000000, 0x000000078f000000|100%|HC|  |TAMS 0x000000078ee00000, 0x000000078ee00000| Complete 
|1144|0x000000078f000000, 0x000000078f200000, 0x000000078f200000|100%|HC|  |TAMS 0x000000078f000000, 0x000000078f000000| Complete 
|1145|0x000000078f200000, 0x000000078f400000, 0x000000078f400000|100%|HC|  |TAMS 0x000000078f200000, 0x000000078f200000| Complete 
|1146|0x000000078f400000, 0x000000078f600000, 0x000000078f600000|100%|HC|  |TAMS 0x000000078f400000, 0x000000078f400000| Complete 
|1147|0x000000078f600000, 0x000000078f800000, 0x000000078f800000|100%|HC|  |TAMS 0x000000078f600000, 0x000000078f600000| Complete 
|1148|0x000000078f800000, 0x000000078fa00000, 0x000000078fa00000|100%|HC|  |TAMS 0x000000078f800000, 0x000000078f800000| Complete 
|1149|0x000000078fa00000, 0x000000078fc00000, 0x000000078fc00000|100%|HC|  |TAMS 0x000000078fa00000, 0x000000078fa00000| Complete 
|1150|0x000000078fc00000, 0x000000078fe00000, 0x000000078fe00000|100%|HC|  |TAMS 0x000000078fc00000, 0x000000078fc00000| Complete 
|1151|0x000000078fe00000, 0x0000000790000000, 0x0000000790000000|100%|HC|  |TAMS 0x000000078fe00000, 0x000000078fe00000| Complete 
|1152|0x0000000790000000, 0x0000000790200000, 0x0000000790200000|100%|HC|  |TAMS 0x0000000790000000, 0x0000000790000000| Complete 
|1153|0x0000000790200000, 0x0000000790400000, 0x0000000790400000|100%|HC|  |TAMS 0x0000000790200000, 0x0000000790200000| Complete 
|1154|0x0000000790400000, 0x0000000790600000, 0x0000000790600000|100%|HC|  |TAMS 0x0000000790400000, 0x0000000790400000| Complete 
|1155|0x0000000790600000, 0x0000000790800000, 0x0000000790800000|100%|HC|  |TAMS 0x0000000790600000, 0x0000000790600000| Complete 
|1156|0x0000000790800000, 0x0000000790a00000, 0x0000000790a00000|100%|HC|  |TAMS 0x0000000790800000, 0x0000000790800000| Complete 
|1157|0x0000000790a00000, 0x0000000790c00000, 0x0000000790c00000|100%|HC|  |TAMS 0x0000000790a00000, 0x0000000790a00000| Complete 
|1158|0x0000000790c00000, 0x0000000790e00000, 0x0000000790e00000|100%|HC|  |TAMS 0x0000000790c00000, 0x0000000790c00000| Complete 
|1159|0x0000000790e00000, 0x0000000791000000, 0x0000000791000000|100%|HC|  |TAMS 0x0000000790e00000, 0x0000000790e00000| Complete 
|1160|0x0000000791000000, 0x0000000791200000, 0x0000000791200000|100%|HC|  |TAMS 0x0000000791000000, 0x0000000791000000| Complete 
|1161|0x0000000791200000, 0x0000000791400000, 0x0000000791400000|100%|HC|  |TAMS 0x0000000791200000, 0x0000000791200000| Complete 
|1162|0x0000000791400000, 0x0000000791600000, 0x0000000791600000|100%|HC|  |TAMS 0x0000000791400000, 0x0000000791400000| Complete 
|1163|0x0000000791600000, 0x0000000791800000, 0x0000000791800000|100%|HC|  |TAMS 0x0000000791600000, 0x0000000791600000| Complete 
|1164|0x0000000791800000, 0x0000000791a00000, 0x0000000791a00000|100%|HC|  |TAMS 0x0000000791800000, 0x0000000791800000| Complete 
|1165|0x0000000791a00000, 0x0000000791c00000, 0x0000000791c00000|100%|HC|  |TAMS 0x0000000791a00000, 0x0000000791a00000| Complete 
|1166|0x0000000791c00000, 0x0000000791e00000, 0x0000000791e00000|100%|HC|  |TAMS 0x0000000791c00000, 0x0000000791c00000| Complete 
|1167|0x0000000791e00000, 0x0000000792000000, 0x0000000792000000|100%|HC|  |TAMS 0x0000000791e00000, 0x0000000791e00000| Complete 
|1168|0x0000000792000000, 0x0000000792200000, 0x0000000792200000|100%|HC|  |TAMS 0x0000000792000000, 0x0000000792000000| Complete 
|1169|0x0000000792200000, 0x0000000792400000, 0x0000000792400000|100%|HC|  |TAMS 0x0000000792200000, 0x0000000792200000| Complete 
|1170|0x0000000792400000, 0x0000000792600000, 0x0000000792600000|100%|HC|  |TAMS 0x0000000792400000, 0x0000000792400000| Complete 
|1171|0x0000000792600000, 0x0000000792800000, 0x0000000792800000|100%|HC|  |TAMS 0x0000000792600000, 0x0000000792600000| Complete 
|1172|0x0000000792800000, 0x0000000792a00000, 0x0000000792a00000|100%|HC|  |TAMS 0x0000000792800000, 0x0000000792800000| Complete 
|1173|0x0000000792a00000, 0x0000000792c00000, 0x0000000792c00000|100%|HC|  |TAMS 0x0000000792a00000, 0x0000000792a00000| Complete 
|1174|0x0000000792c00000, 0x0000000792e00000, 0x0000000792e00000|100%|HC|  |TAMS 0x0000000792c00000, 0x0000000792c00000| Complete 
|1175|0x0000000792e00000, 0x0000000793000000, 0x0000000793000000|100%|HC|  |TAMS 0x0000000792e00000, 0x0000000792e00000| Complete 
|1176|0x0000000793000000, 0x0000000793200000, 0x0000000793200000|100%|HC|  |TAMS 0x0000000793000000, 0x0000000793000000| Complete 
|1177|0x0000000793200000, 0x0000000793400000, 0x0000000793400000|100%|HC|  |TAMS 0x0000000793200000, 0x0000000793200000| Complete 
|1178|0x0000000793400000, 0x0000000793600000, 0x0000000793600000|100%|HC|  |TAMS 0x0000000793400000, 0x0000000793400000| Complete 
|1179|0x0000000793600000, 0x0000000793800000, 0x0000000793800000|100%|HC|  |TAMS 0x0000000793600000, 0x0000000793600000| Complete 
|1180|0x0000000793800000, 0x0000000793a00000, 0x0000000793a00000|100%|HS|  |TAMS 0x0000000793800000, 0x0000000793800000| Complete 
|1181|0x0000000793a00000, 0x0000000793c00000, 0x0000000793c00000|100%|HC|  |TAMS 0x0000000793a00000, 0x0000000793a00000| Complete 
|1182|0x0000000793c00000, 0x0000000793e00000, 0x0000000793e00000|100%|HC|  |TAMS 0x0000000793c00000, 0x0000000793c00000| Complete 
|1183|0x0000000793e00000, 0x0000000794000000, 0x0000000794000000|100%|HC|  |TAMS 0x0000000793e00000, 0x0000000793e00000| Complete 
|1184|0x0000000794000000, 0x0000000794200000, 0x0000000794200000|100%|HC|  |TAMS 0x0000000794000000, 0x0000000794000000| Complete 
|1185|0x0000000794200000, 0x0000000794400000, 0x0000000794400000|100%|HC|  |TAMS 0x0000000794200000, 0x0000000794200000| Complete 
|1186|0x0000000794400000, 0x0000000794600000, 0x0000000794600000|100%|HC|  |TAMS 0x0000000794400000, 0x0000000794400000| Complete 
|1187|0x0000000794600000, 0x0000000794800000, 0x0000000794800000|100%|HC|  |TAMS 0x0000000794600000, 0x0000000794600000| Complete 
|1188|0x0000000794800000, 0x0000000794a00000, 0x0000000794a00000|100%|HC|  |TAMS 0x0000000794800000, 0x0000000794800000| Complete 
|1189|0x0000000794a00000, 0x0000000794c00000, 0x0000000794c00000|100%|HC|  |TAMS 0x0000000794a00000, 0x0000000794a00000| Complete 
|1190|0x0000000794c00000, 0x0000000794e00000, 0x0000000794e00000|100%|HC|  |TAMS 0x0000000794c00000, 0x0000000794c00000| Complete 
|1191|0x0000000794e00000, 0x0000000795000000, 0x0000000795000000|100%|HC|  |TAMS 0x0000000794e00000, 0x0000000794e00000| Complete 
|1192|0x0000000795000000, 0x0000000795200000, 0x0000000795200000|100%|HC|  |TAMS 0x0000000795000000, 0x0000000795000000| Complete 
|1193|0x0000000795200000, 0x0000000795400000, 0x0000000795400000|100%|HC|  |TAMS 0x0000000795200000, 0x0000000795200000| Complete 
|1194|0x0000000795400000, 0x0000000795600000, 0x0000000795600000|100%|HC|  |TAMS 0x0000000795400000, 0x0000000795400000| Complete 
|1195|0x0000000795600000, 0x0000000795800000, 0x0000000795800000|100%|HC|  |TAMS 0x0000000795600000, 0x0000000795600000| Complete 
|1196|0x0000000795800000, 0x0000000795a00000, 0x0000000795a00000|100%|HC|  |TAMS 0x0000000795800000, 0x0000000795800000| Complete 
|1197|0x0000000795a00000, 0x0000000795c00000, 0x0000000795c00000|100%|HC|  |TAMS 0x0000000795a00000, 0x0000000795a00000| Complete 
|1198|0x0000000795c00000, 0x0000000795e00000, 0x0000000795e00000|100%|HC|  |TAMS 0x0000000795c00000, 0x0000000795c00000| Complete 
|1199|0x0000000795e00000, 0x0000000796000000, 0x0000000796000000|100%|HC|  |TAMS 0x0000000795e00000, 0x0000000795e00000| Complete 
|1200|0x0000000796000000, 0x0000000796200000, 0x0000000796200000|100%|HC|  |TAMS 0x0000000796000000, 0x0000000796000000| Complete 
|1201|0x0000000796200000, 0x0000000796400000, 0x0000000796400000|100%|HC|  |TAMS 0x0000000796200000, 0x0000000796200000| Complete 
|1202|0x0000000796400000, 0x0000000796600000, 0x0000000796600000|100%|HC|  |TAMS 0x0000000796400000, 0x0000000796400000| Complete 
|1203|0x0000000796600000, 0x0000000796800000, 0x0000000796800000|100%|HC|  |TAMS 0x0000000796600000, 0x0000000796600000| Complete 
|1204|0x0000000796800000, 0x0000000796a00000, 0x0000000796a00000|100%|HC|  |TAMS 0x0000000796800000, 0x0000000796800000| Complete 
|1205|0x0000000796a00000, 0x0000000796c00000, 0x0000000796c00000|100%|HC|  |TAMS 0x0000000796a00000, 0x0000000796a00000| Complete 
|1206|0x0000000796c00000, 0x0000000796e00000, 0x0000000796e00000|100%|HC|  |TAMS 0x0000000796c00000, 0x0000000796c00000| Complete 
|1207|0x0000000796e00000, 0x0000000797000000, 0x0000000797000000|100%|HC|  |TAMS 0x0000000796e00000, 0x0000000796e00000| Complete 
|1208|0x0000000797000000, 0x0000000797200000, 0x0000000797200000|100%|HC|  |TAMS 0x0000000797000000, 0x0000000797000000| Complete 
|1209|0x0000000797200000, 0x0000000797400000, 0x0000000797400000|100%|HC|  |TAMS 0x0000000797200000, 0x0000000797200000| Complete 
|1210|0x0000000797400000, 0x0000000797600000, 0x0000000797600000|100%|HC|  |TAMS 0x0000000797400000, 0x0000000797400000| Complete 
|1211|0x0000000797600000, 0x0000000797800000, 0x0000000797800000|100%|HC|  |TAMS 0x0000000797600000, 0x0000000797600000| Complete 
|1212|0x0000000797800000, 0x0000000797a00000, 0x0000000797a00000|100%|HC|  |TAMS 0x0000000797800000, 0x0000000797800000| Complete 
|1213|0x0000000797a00000, 0x0000000797c00000, 0x0000000797c00000|100%|HS|  |TAMS 0x0000000797a00000, 0x0000000797a00000| Complete 
|1214|0x0000000797c00000, 0x0000000797e00000, 0x0000000797e00000|100%|HC|  |TAMS 0x0000000797c00000, 0x0000000797c00000| Complete 
|1215|0x0000000797e00000, 0x0000000798000000, 0x0000000798000000|100%|HC|  |TAMS 0x0000000797e00000, 0x0000000797e00000| Complete 
|1216|0x0000000798000000, 0x0000000798200000, 0x0000000798200000|100%|HC|  |TAMS 0x0000000798000000, 0x0000000798000000| Complete 
|1217|0x0000000798200000, 0x0000000798400000, 0x0000000798400000|100%|HC|  |TAMS 0x0000000798200000, 0x0000000798200000| Complete 
|1218|0x0000000798400000, 0x0000000798600000, 0x0000000798600000|100%|HC|  |TAMS 0x0000000798400000, 0x0000000798400000| Complete 
|1219|0x0000000798600000, 0x0000000798800000, 0x0000000798800000|100%|HC|  |TAMS 0x0000000798600000, 0x0000000798600000| Complete 
|1220|0x0000000798800000, 0x0000000798a00000, 0x0000000798a00000|100%|HC|  |TAMS 0x0000000798800000, 0x0000000798800000| Complete 
|1221|0x0000000798a00000, 0x0000000798c00000, 0x0000000798c00000|100%|HC|  |TAMS 0x0000000798a00000, 0x0000000798a00000| Complete 
|1222|0x0000000798c00000, 0x0000000798e00000, 0x0000000798e00000|100%|HC|  |TAMS 0x0000000798c00000, 0x0000000798c00000| Complete 
|1223|0x0000000798e00000, 0x0000000799000000, 0x0000000799000000|100%|HC|  |TAMS 0x0000000798e00000, 0x0000000798e00000| Complete 
|1224|0x0000000799000000, 0x0000000799200000, 0x0000000799200000|100%|HC|  |TAMS 0x0000000799000000, 0x0000000799000000| Complete 
|1225|0x0000000799200000, 0x0000000799400000, 0x0000000799400000|100%|HC|  |TAMS 0x0000000799200000, 0x0000000799200000| Complete 
|1226|0x0000000799400000, 0x0000000799600000, 0x0000000799600000|100%|HC|  |TAMS 0x0000000799400000, 0x0000000799400000| Complete 
|1227|0x0000000799600000, 0x0000000799800000, 0x0000000799800000|100%|HC|  |TAMS 0x0000000799600000, 0x0000000799600000| Complete 
|1228|0x0000000799800000, 0x0000000799a00000, 0x0000000799a00000|100%|HC|  |TAMS 0x0000000799800000, 0x0000000799800000| Complete 
|1229|0x0000000799a00000, 0x0000000799c00000, 0x0000000799c00000|100%|HC|  |TAMS 0x0000000799a00000, 0x0000000799a00000| Complete 
|1230|0x0000000799c00000, 0x0000000799e00000, 0x0000000799e00000|100%|HC|  |TAMS 0x0000000799c00000, 0x0000000799c00000| Complete 
|1231|0x0000000799e00000, 0x000000079a000000, 0x000000079a000000|100%|HC|  |TAMS 0x0000000799e00000, 0x0000000799e00000| Complete 
|1232|0x000000079a000000, 0x000000079a200000, 0x000000079a200000|100%|HC|  |TAMS 0x000000079a000000, 0x000000079a000000| Complete 
|1233|0x000000079a200000, 0x000000079a400000, 0x000000079a400000|100%|HC|  |TAMS 0x000000079a200000, 0x000000079a200000| Complete 
|1234|0x000000079a400000, 0x000000079a600000, 0x000000079a600000|100%|HC|  |TAMS 0x000000079a400000, 0x000000079a400000| Complete 
|1235|0x000000079a600000, 0x000000079a800000, 0x000000079a800000|100%|HC|  |TAMS 0x000000079a600000, 0x000000079a600000| Complete 
|1236|0x000000079a800000, 0x000000079aa00000, 0x000000079aa00000|100%|HC|  |TAMS 0x000000079a800000, 0x000000079a800000| Complete 
|1237|0x000000079aa00000, 0x000000079ac00000, 0x000000079ac00000|100%|HC|  |TAMS 0x000000079aa00000, 0x000000079aa00000| Complete 
|1238|0x000000079ac00000, 0x000000079ae00000, 0x000000079ae00000|100%|HC|  |TAMS 0x000000079ac00000, 0x000000079ac00000| Complete 
|1239|0x000000079ae00000, 0x000000079b000000, 0x000000079b000000|100%|HC|  |TAMS 0x000000079ae00000, 0x000000079ae00000| Complete 
|1240|0x000000079b000000, 0x000000079b200000, 0x000000079b200000|100%|HC|  |TAMS 0x000000079b000000, 0x000000079b000000| Complete 
|1241|0x000000079b200000, 0x000000079b400000, 0x000000079b400000|100%|HC|  |TAMS 0x000000079b200000, 0x000000079b200000| Complete 
|1242|0x000000079b400000, 0x000000079b600000, 0x000000079b600000|100%|HC|  |TAMS 0x000000079b400000, 0x000000079b400000| Complete 
|1243|0x000000079b600000, 0x000000079b800000, 0x000000079b800000|100%|HC|  |TAMS 0x000000079b600000, 0x000000079b600000| Complete 
|1244|0x000000079b800000, 0x000000079ba00000, 0x000000079ba00000|100%|HC|  |TAMS 0x000000079b800000, 0x000000079b800000| Complete 
|1245|0x000000079ba00000, 0x000000079bc00000, 0x000000079bc00000|100%|HC|  |TAMS 0x000000079ba00000, 0x000000079ba00000| Complete 
|1246|0x000000079bc00000, 0x000000079be00000, 0x000000079be00000|100%|HC|  |TAMS 0x000000079bc00000, 0x000000079bc00000| Complete 
|1247|0x000000079be00000, 0x000000079c000000, 0x000000079c000000|100%|HC|  |TAMS 0x000000079be00000, 0x000000079be00000| Complete 
|1248|0x000000079c000000, 0x000000079c200000, 0x000000079c200000|100%|HC|  |TAMS 0x000000079c000000, 0x000000079c000000| Complete 
|1249|0x000000079c200000, 0x000000079c400000, 0x000000079c400000|100%|HC|  |TAMS 0x000000079c200000, 0x000000079c200000| Complete 
|1250|0x000000079c400000, 0x000000079c600000, 0x000000079c600000|100%|HC|  |TAMS 0x000000079c400000, 0x000000079c400000| Complete 
|1251|0x000000079c600000, 0x000000079c800000, 0x000000079c800000|100%|HC|  |TAMS 0x000000079c600000, 0x000000079c600000| Complete 
|1252|0x000000079c800000, 0x000000079ca00000, 0x000000079ca00000|100%|HC|  |TAMS 0x000000079c800000, 0x000000079c800000| Complete 
|1253|0x000000079ca00000, 0x000000079cc00000, 0x000000079cc00000|100%|HC|  |TAMS 0x000000079ca00000, 0x000000079ca00000| Complete 
|1254|0x000000079cc00000, 0x000000079ce00000, 0x000000079ce00000|100%|HC|  |TAMS 0x000000079cc00000, 0x000000079cc00000| Complete 
|1255|0x000000079ce00000, 0x000000079d000000, 0x000000079d000000|100%|HC|  |TAMS 0x000000079ce00000, 0x000000079ce00000| Complete 
|1256|0x000000079d000000, 0x000000079d200000, 0x000000079d200000|100%|HC|  |TAMS 0x000000079d000000, 0x000000079d000000| Complete 
|1257|0x000000079d200000, 0x000000079d400000, 0x000000079d400000|100%|HC|  |TAMS 0x000000079d200000, 0x000000079d200000| Complete 
|1258|0x000000079d400000, 0x000000079d600000, 0x000000079d600000|100%|HC|  |TAMS 0x000000079d400000, 0x000000079d400000| Complete 
|1259|0x000000079d600000, 0x000000079d800000, 0x000000079d800000|100%|HC|  |TAMS 0x000000079d600000, 0x000000079d600000| Complete 
|1260|0x000000079d800000, 0x000000079da00000, 0x000000079da00000|100%|HC|  |TAMS 0x000000079d800000, 0x000000079d800000| Complete 
|1261|0x000000079da00000, 0x000000079dc00000, 0x000000079dc00000|100%|HC|  |TAMS 0x000000079da00000, 0x000000079da00000| Complete 
|1262|0x000000079dc00000, 0x000000079de00000, 0x000000079de00000|100%|HC|  |TAMS 0x000000079dc00000, 0x000000079dc00000| Complete 
|1263|0x000000079de00000, 0x000000079e000000, 0x000000079e000000|100%|HC|  |TAMS 0x000000079de00000, 0x000000079de00000| Complete 
|1264|0x000000079e000000, 0x000000079e200000, 0x000000079e200000|100%|HC|  |TAMS 0x000000079e000000, 0x000000079e000000| Complete 
|1265|0x000000079e200000, 0x000000079e400000, 0x000000079e400000|100%|HC|  |TAMS 0x000000079e200000, 0x000000079e200000| Complete 
|1266|0x000000079e400000, 0x000000079e600000, 0x000000079e600000|100%|HC|  |TAMS 0x000000079e400000, 0x000000079e400000| Complete 
|1267|0x000000079e600000, 0x000000079e800000, 0x000000079e800000|100%|HC|  |TAMS 0x000000079e600000, 0x000000079e600000| Complete 
|1268|0x000000079e800000, 0x000000079ea00000, 0x000000079ea00000|100%|HC|  |TAMS 0x000000079e800000, 0x000000079e800000| Complete 
|1269|0x000000079ea00000, 0x000000079ec00000, 0x000000079ec00000|100%|HC|  |TAMS 0x000000079ea00000, 0x000000079ea00000| Complete 
|1270|0x000000079ec00000, 0x000000079ee00000, 0x000000079ee00000|100%|HC|  |TAMS 0x000000079ec00000, 0x000000079ec00000| Complete 
|1271|0x000000079ee00000, 0x000000079f000000, 0x000000079f000000|100%|HC|  |TAMS 0x000000079ee00000, 0x000000079ee00000| Complete 
|1272|0x000000079f000000, 0x000000079f200000, 0x000000079f200000|100%|HC|  |TAMS 0x000000079f000000, 0x000000079f000000| Complete 
|1273|0x000000079f200000, 0x000000079f400000, 0x000000079f400000|100%|HC|  |TAMS 0x000000079f200000, 0x000000079f200000| Complete 
|1274|0x000000079f400000, 0x000000079f600000, 0x000000079f600000|100%|HC|  |TAMS 0x000000079f400000, 0x000000079f400000| Complete 
|1275|0x000000079f600000, 0x000000079f800000, 0x000000079f800000|100%|HC|  |TAMS 0x000000079f600000, 0x000000079f600000| Complete 
|1276|0x000000079f800000, 0x000000079fa00000, 0x000000079fa00000|100%|HC|  |TAMS 0x000000079f800000, 0x000000079f800000| Complete 
|1277|0x000000079fa00000, 0x000000079fc00000, 0x000000079fc00000|100%|HC|  |TAMS 0x000000079fa00000, 0x000000079fa00000| Complete 
|1278|0x000000079fc00000, 0x000000079fe00000, 0x000000079fe00000|100%|HS|  |TAMS 0x000000079fc00000, 0x000000079fc00000| Complete 
|1279|0x000000079fe00000, 0x00000007a0000000, 0x00000007a0000000|100%|HC|  |TAMS 0x000000079fe00000, 0x000000079fe00000| Complete 
|1280|0x00000007a0000000, 0x00000007a0200000, 0x00000007a0200000|100%|HC|  |TAMS 0x00000007a0000000, 0x00000007a0000000| Complete 
|1281|0x00000007a0200000, 0x00000007a0400000, 0x00000007a0400000|100%|HC|  |TAMS 0x00000007a0200000, 0x00000007a0200000| Complete 
|1282|0x00000007a0400000, 0x00000007a0600000, 0x00000007a0600000|100%|HC|  |TAMS 0x00000007a0400000, 0x00000007a0400000| Complete 
|1283|0x00000007a0600000, 0x00000007a0800000, 0x00000007a0800000|100%|HC|  |TAMS 0x00000007a0600000, 0x00000007a0600000| Complete 
|1284|0x00000007a0800000, 0x00000007a0a00000, 0x00000007a0a00000|100%|HC|  |TAMS 0x00000007a0800000, 0x00000007a0800000| Complete 
|1285|0x00000007a0a00000, 0x00000007a0c00000, 0x00000007a0c00000|100%|HC|  |TAMS 0x00000007a0a00000, 0x00000007a0a00000| Complete 
|1286|0x00000007a0c00000, 0x00000007a0e00000, 0x00000007a0e00000|100%|HC|  |TAMS 0x00000007a0c00000, 0x00000007a0c00000| Complete 
|1287|0x00000007a0e00000, 0x00000007a1000000, 0x00000007a1000000|100%|HC|  |TAMS 0x00000007a0e00000, 0x00000007a0e00000| Complete 
|1288|0x00000007a1000000, 0x00000007a1200000, 0x00000007a1200000|100%|HC|  |TAMS 0x00000007a1000000, 0x00000007a1000000| Complete 
|1289|0x00000007a1200000, 0x00000007a1400000, 0x00000007a1400000|100%|HC|  |TAMS 0x00000007a1200000, 0x00000007a1200000| Complete 
|1290|0x00000007a1400000, 0x00000007a1600000, 0x00000007a1600000|100%|HC|  |TAMS 0x00000007a1400000, 0x00000007a1400000| Complete 
|1291|0x00000007a1600000, 0x00000007a1800000, 0x00000007a1800000|100%|HC|  |TAMS 0x00000007a1600000, 0x00000007a1600000| Complete 
|1292|0x00000007a1800000, 0x00000007a1a00000, 0x00000007a1a00000|100%|HC|  |TAMS 0x00000007a1800000, 0x00000007a1800000| Complete 
|1293|0x00000007a1a00000, 0x00000007a1c00000, 0x00000007a1c00000|100%|HC|  |TAMS 0x00000007a1a00000, 0x00000007a1a00000| Complete 
|1294|0x00000007a1c00000, 0x00000007a1e00000, 0x00000007a1e00000|100%|HC|  |TAMS 0x00000007a1c00000, 0x00000007a1c00000| Complete 
|1295|0x00000007a1e00000, 0x00000007a2000000, 0x00000007a2000000|100%|HC|  |TAMS 0x00000007a1e00000, 0x00000007a1e00000| Complete 
|1296|0x00000007a2000000, 0x00000007a2200000, 0x00000007a2200000|100%|HC|  |TAMS 0x00000007a2000000, 0x00000007a2000000| Complete 
|1297|0x00000007a2200000, 0x00000007a2400000, 0x00000007a2400000|100%|HC|  |TAMS 0x00000007a2200000, 0x00000007a2200000| Complete 
|1298|0x00000007a2400000, 0x00000007a2600000, 0x00000007a2600000|100%|HC|  |TAMS 0x00000007a2400000, 0x00000007a2400000| Complete 
|1299|0x00000007a2600000, 0x00000007a2800000, 0x00000007a2800000|100%|HC|  |TAMS 0x00000007a2600000, 0x00000007a2600000| Complete 
|1300|0x00000007a2800000, 0x00000007a2a00000, 0x00000007a2a00000|100%|HC|  |TAMS 0x00000007a2800000, 0x00000007a2800000| Complete 
|1301|0x00000007a2a00000, 0x00000007a2c00000, 0x00000007a2c00000|100%|HC|  |TAMS 0x00000007a2a00000, 0x00000007a2a00000| Complete 
|1302|0x00000007a2c00000, 0x00000007a2e00000, 0x00000007a2e00000|100%|HC|  |TAMS 0x00000007a2c00000, 0x00000007a2c00000| Complete 
|1303|0x00000007a2e00000, 0x00000007a3000000, 0x00000007a3000000|100%|HC|  |TAMS 0x00000007a2e00000, 0x00000007a2e00000| Complete 
|1304|0x00000007a3000000, 0x00000007a3200000, 0x00000007a3200000|100%|HC|  |TAMS 0x00000007a3000000, 0x00000007a3000000| Complete 
|1305|0x00000007a3200000, 0x00000007a3400000, 0x00000007a3400000|100%|HC|  |TAMS 0x00000007a3200000, 0x00000007a3200000| Complete 
|1306|0x00000007a3400000, 0x00000007a3600000, 0x00000007a3600000|100%|HC|  |TAMS 0x00000007a3400000, 0x00000007a3400000| Complete 
|1307|0x00000007a3600000, 0x00000007a3800000, 0x00000007a3800000|100%|HC|  |TAMS 0x00000007a3600000, 0x00000007a3600000| Complete 
|1308|0x00000007a3800000, 0x00000007a3a00000, 0x00000007a3a00000|100%|HC|  |TAMS 0x00000007a3800000, 0x00000007a3800000| Complete 
|1309|0x00000007a3a00000, 0x00000007a3c00000, 0x00000007a3c00000|100%|HC|  |TAMS 0x00000007a3a00000, 0x00000007a3a00000| Complete 
|1310|0x00000007a3c00000, 0x00000007a3e00000, 0x00000007a3e00000|100%|HC|  |TAMS 0x00000007a3c00000, 0x00000007a3c00000| Complete 
|1311|0x00000007a3e00000, 0x00000007a4000000, 0x00000007a4000000|100%|HC|  |TAMS 0x00000007a3e00000, 0x00000007a3e00000| Complete 
|1312|0x00000007a4000000, 0x00000007a4200000, 0x00000007a4200000|100%|HC|  |TAMS 0x00000007a4000000, 0x00000007a4000000| Complete 
|1313|0x00000007a4200000, 0x00000007a4400000, 0x00000007a4400000|100%|HC|  |TAMS 0x00000007a4200000, 0x00000007a4200000| Complete 
|1314|0x00000007a4400000, 0x00000007a4600000, 0x00000007a4600000|100%|HC|  |TAMS 0x00000007a4400000, 0x00000007a4400000| Complete 
|1315|0x00000007a4600000, 0x00000007a4800000, 0x00000007a4800000|100%|HC|  |TAMS 0x00000007a4600000, 0x00000007a4600000| Complete 
|1316|0x00000007a4800000, 0x00000007a4a00000, 0x00000007a4a00000|100%|HS|  |TAMS 0x00000007a4800000, 0x00000007a4800000| Complete 
|1317|0x00000007a4a00000, 0x00000007a4c00000, 0x00000007a4c00000|100%|HC|  |TAMS 0x00000007a4a00000, 0x00000007a4a00000| Complete 
|1318|0x00000007a4c00000, 0x00000007a4e00000, 0x00000007a4e00000|100%|HC|  |TAMS 0x00000007a4c00000, 0x00000007a4c00000| Complete 
|1319|0x00000007a4e00000, 0x00000007a5000000, 0x00000007a5000000|100%|HC|  |TAMS 0x00000007a4e00000, 0x00000007a4e00000| Complete 
|1320|0x00000007a5000000, 0x00000007a5200000, 0x00000007a5200000|100%|HC|  |TAMS 0x00000007a5000000, 0x00000007a5000000| Complete 
|1321|0x00000007a5200000, 0x00000007a5400000, 0x00000007a5400000|100%|HC|  |TAMS 0x00000007a5200000, 0x00000007a5200000| Complete 
|1322|0x00000007a5400000, 0x00000007a5600000, 0x00000007a5600000|100%|HC|  |TAMS 0x00000007a5400000, 0x00000007a5400000| Complete 
|1323|0x00000007a5600000, 0x00000007a5800000, 0x00000007a5800000|100%|HC|  |TAMS 0x00000007a5600000, 0x00000007a5600000| Complete 
|1324|0x00000007a5800000, 0x00000007a5a00000, 0x00000007a5a00000|100%|HC|  |TAMS 0x00000007a5800000, 0x00000007a5800000| Complete 
|1325|0x00000007a5a00000, 0x00000007a5c00000, 0x00000007a5c00000|100%|HC|  |TAMS 0x00000007a5a00000, 0x00000007a5a00000| Complete 
|1326|0x00000007a5c00000, 0x00000007a5e00000, 0x00000007a5e00000|100%|HC|  |TAMS 0x00000007a5c00000, 0x00000007a5c00000| Complete 
|1327|0x00000007a5e00000, 0x00000007a6000000, 0x00000007a6000000|100%|HC|  |TAMS 0x00000007a5e00000, 0x00000007a5e00000| Complete 
|1328|0x00000007a6000000, 0x00000007a6200000, 0x00000007a6200000|100%|HC|  |TAMS 0x00000007a6000000, 0x00000007a6000000| Complete 
|1329|0x00000007a6200000, 0x00000007a6400000, 0x00000007a6400000|100%|HC|  |TAMS 0x00000007a6200000, 0x00000007a6200000| Complete 
|1330|0x00000007a6400000, 0x00000007a6600000, 0x00000007a6600000|100%|HC|  |TAMS 0x00000007a6400000, 0x00000007a6400000| Complete 
|1331|0x00000007a6600000, 0x00000007a6800000, 0x00000007a6800000|100%|HC|  |TAMS 0x00000007a6600000, 0x00000007a6600000| Complete 
|1332|0x00000007a6800000, 0x00000007a6a00000, 0x00000007a6a00000|100%|HC|  |TAMS 0x00000007a6800000, 0x00000007a6800000| Complete 
|1333|0x00000007a6a00000, 0x00000007a6c00000, 0x00000007a6c00000|100%|HC|  |TAMS 0x00000007a6a00000, 0x00000007a6a00000| Complete 
|1334|0x00000007a6c00000, 0x00000007a6e00000, 0x00000007a6e00000|100%|HC|  |TAMS 0x00000007a6c00000, 0x00000007a6c00000| Complete 
|1335|0x00000007a6e00000, 0x00000007a7000000, 0x00000007a7000000|100%|HC|  |TAMS 0x00000007a6e00000, 0x00000007a6e00000| Complete 
|1336|0x00000007a7000000, 0x00000007a7200000, 0x00000007a7200000|100%|HC|  |TAMS 0x00000007a7000000, 0x00000007a7000000| Complete 
|1337|0x00000007a7200000, 0x00000007a7400000, 0x00000007a7400000|100%|HC|  |TAMS 0x00000007a7200000, 0x00000007a7200000| Complete 
|1338|0x00000007a7400000, 0x00000007a7600000, 0x00000007a7600000|100%|HC|  |TAMS 0x00000007a7400000, 0x00000007a7400000| Complete 
|1339|0x00000007a7600000, 0x00000007a7800000, 0x00000007a7800000|100%|HC|  |TAMS 0x00000007a7600000, 0x00000007a7600000| Complete 
|1340|0x00000007a7800000, 0x00000007a7a00000, 0x00000007a7a00000|100%|HC|  |TAMS 0x00000007a7800000, 0x00000007a7800000| Complete 
|1341|0x00000007a7a00000, 0x00000007a7c00000, 0x00000007a7c00000|100%|HC|  |TAMS 0x00000007a7a00000, 0x00000007a7a00000| Complete 
|1342|0x00000007a7c00000, 0x00000007a7e00000, 0x00000007a7e00000|100%|HC|  |TAMS 0x00000007a7c00000, 0x00000007a7c00000| Complete 
|1343|0x00000007a7e00000, 0x00000007a8000000, 0x00000007a8000000|100%|HC|  |TAMS 0x00000007a7e00000, 0x00000007a7e00000| Complete 
|1344|0x00000007a8000000, 0x00000007a8200000, 0x00000007a8200000|100%|HC|  |TAMS 0x00000007a8000000, 0x00000007a8000000| Complete 
|1345|0x00000007a8200000, 0x00000007a8400000, 0x00000007a8400000|100%|HC|  |TAMS 0x00000007a8200000, 0x00000007a8200000| Complete 
|1346|0x00000007a8400000, 0x00000007a8600000, 0x00000007a8600000|100%|HC|  |TAMS 0x00000007a8400000, 0x00000007a8400000| Complete 
|1347|0x00000007a8600000, 0x00000007a8800000, 0x00000007a8800000|100%|HC|  |TAMS 0x00000007a8600000, 0x00000007a8600000| Complete 
|1348|0x00000007a8800000, 0x00000007a8a00000, 0x00000007a8a00000|100%|HC|  |TAMS 0x00000007a8800000, 0x00000007a8800000| Complete 
|1349|0x00000007a8a00000, 0x00000007a8c00000, 0x00000007a8c00000|100%|HC|  |TAMS 0x00000007a8a00000, 0x00000007a8a00000| Complete 
|1350|0x00000007a8c00000, 0x00000007a8e00000, 0x00000007a8e00000|100%|HC|  |TAMS 0x00000007a8c00000, 0x00000007a8c00000| Complete 
|1351|0x00000007a8e00000, 0x00000007a9000000, 0x00000007a9000000|100%|HC|  |TAMS 0x00000007a8e00000, 0x00000007a8e00000| Complete 
|1352|0x00000007a9000000, 0x00000007a9200000, 0x00000007a9200000|100%|HC|  |TAMS 0x00000007a9000000, 0x00000007a9000000| Complete 
|1353|0x00000007a9200000, 0x00000007a9400000, 0x00000007a9400000|100%|HC|  |TAMS 0x00000007a9200000, 0x00000007a9200000| Complete 
|1354|0x00000007a9400000, 0x00000007a9600000, 0x00000007a9600000|100%|HC|  |TAMS 0x00000007a9400000, 0x00000007a9400000| Complete 
|1355|0x00000007a9600000, 0x00000007a9800000, 0x00000007a9800000|100%|HC|  |TAMS 0x00000007a9600000, 0x00000007a9600000| Complete 
|1356|0x00000007a9800000, 0x00000007a9a00000, 0x00000007a9a00000|100%|HC|  |TAMS 0x00000007a9800000, 0x00000007a9800000| Complete 
|1357|0x00000007a9a00000, 0x00000007a9c00000, 0x00000007a9c00000|100%|HC|  |TAMS 0x00000007a9a00000, 0x00000007a9a00000| Complete 
|1358|0x00000007a9c00000, 0x00000007a9e00000, 0x00000007a9e00000|100%|HC|  |TAMS 0x00000007a9c00000, 0x00000007a9c00000| Complete 
|1359|0x00000007a9e00000, 0x00000007aa000000, 0x00000007aa000000|100%|HC|  |TAMS 0x00000007a9e00000, 0x00000007a9e00000| Complete 
|1360|0x00000007aa000000, 0x00000007aa200000, 0x00000007aa200000|100%|HC|  |TAMS 0x00000007aa000000, 0x00000007aa000000| Complete 
|1361|0x00000007aa200000, 0x00000007aa400000, 0x00000007aa400000|100%|HC|  |TAMS 0x00000007aa200000, 0x00000007aa200000| Complete 
|1362|0x00000007aa400000, 0x00000007aa600000, 0x00000007aa600000|100%|HC|  |TAMS 0x00000007aa400000, 0x00000007aa400000| Complete 
|1363|0x00000007aa600000, 0x00000007aa800000, 0x00000007aa800000|100%|HC|  |TAMS 0x00000007aa600000, 0x00000007aa600000| Complete 
|1364|0x00000007aa800000, 0x00000007aaa00000, 0x00000007aaa00000|100%|HC|  |TAMS 0x00000007aa800000, 0x00000007aa800000| Complete 
|1365|0x00000007aaa00000, 0x00000007aac00000, 0x00000007aac00000|100%|HC|  |TAMS 0x00000007aaa00000, 0x00000007aaa00000| Complete 
|1366|0x00000007aac00000, 0x00000007aae00000, 0x00000007aae00000|100%|HC|  |TAMS 0x00000007aac00000, 0x00000007aac00000| Complete 
|1367|0x00000007aae00000, 0x00000007ab000000, 0x00000007ab000000|100%|HC|  |TAMS 0x00000007aae00000, 0x00000007aae00000| Complete 
|1368|0x00000007ab000000, 0x00000007ab200000, 0x00000007ab200000|100%|HC|  |TAMS 0x00000007ab000000, 0x00000007ab000000| Complete 
|1369|0x00000007ab200000, 0x00000007ab400000, 0x00000007ab400000|100%|HC|  |TAMS 0x00000007ab200000, 0x00000007ab200000| Complete 
|1370|0x00000007ab400000, 0x00000007ab600000, 0x00000007ab600000|100%|HC|  |TAMS 0x00000007ab400000, 0x00000007ab400000| Complete 
|1371|0x00000007ab600000, 0x00000007ab800000, 0x00000007ab800000|100%|HC|  |TAMS 0x00000007ab600000, 0x00000007ab600000| Complete 
|1372|0x00000007ab800000, 0x00000007aba00000, 0x00000007aba00000|100%|HC|  |TAMS 0x00000007ab800000, 0x00000007ab800000| Complete 
|1373|0x00000007aba00000, 0x00000007abc00000, 0x00000007abc00000|100%|HC|  |TAMS 0x00000007aba00000, 0x00000007aba00000| Complete 
|1374|0x00000007abc00000, 0x00000007abe00000, 0x00000007abe00000|100%|HC|  |TAMS 0x00000007abc00000, 0x00000007abc00000| Complete 
|1375|0x00000007abe00000, 0x00000007ac000000, 0x00000007ac000000|100%|HC|  |TAMS 0x00000007abe00000, 0x00000007abe00000| Complete 
|1376|0x00000007ac000000, 0x00000007ac200000, 0x00000007ac200000|100%|HC|  |TAMS 0x00000007ac000000, 0x00000007ac000000| Complete 
|1377|0x00000007ac200000, 0x00000007ac400000, 0x00000007ac400000|100%|HC|  |TAMS 0x00000007ac200000, 0x00000007ac200000| Complete 
|1378|0x00000007ac400000, 0x00000007ac600000, 0x00000007ac600000|100%|HC|  |TAMS 0x00000007ac400000, 0x00000007ac400000| Complete 
|1379|0x00000007ac600000, 0x00000007ac800000, 0x00000007ac800000|100%|HC|  |TAMS 0x00000007ac600000, 0x00000007ac600000| Complete 
|1380|0x00000007ac800000, 0x00000007aca00000, 0x00000007aca00000|100%|HC|  |TAMS 0x00000007ac800000, 0x00000007ac800000| Complete 
|1381|0x00000007aca00000, 0x00000007acc00000, 0x00000007acc00000|100%|HS|  |TAMS 0x00000007aca00000, 0x00000007aca00000| Complete 
|1382|0x00000007acc00000, 0x00000007ace00000, 0x00000007ace00000|100%|HC|  |TAMS 0x00000007acc00000, 0x00000007acc00000| Complete 
|1383|0x00000007ace00000, 0x00000007ad000000, 0x00000007ad000000|100%|HC|  |TAMS 0x00000007ace00000, 0x00000007ace00000| Complete 
|1384|0x00000007ad000000, 0x00000007ad200000, 0x00000007ad200000|100%|HC|  |TAMS 0x00000007ad000000, 0x00000007ad000000| Complete 
|1385|0x00000007ad200000, 0x00000007ad400000, 0x00000007ad400000|100%|HC|  |TAMS 0x00000007ad200000, 0x00000007ad200000| Complete 
|1386|0x00000007ad400000, 0x00000007ad600000, 0x00000007ad600000|100%|HC|  |TAMS 0x00000007ad400000, 0x00000007ad400000| Complete 
|1387|0x00000007ad600000, 0x00000007ad800000, 0x00000007ad800000|100%|HC|  |TAMS 0x00000007ad600000, 0x00000007ad600000| Complete 
|1388|0x00000007ad800000, 0x00000007ada00000, 0x00000007ada00000|100%|HC|  |TAMS 0x00000007ad800000, 0x00000007ad800000| Complete 
|1389|0x00000007ada00000, 0x00000007adc00000, 0x00000007adc00000|100%|HC|  |TAMS 0x00000007ada00000, 0x00000007ada00000| Complete 
|1390|0x00000007adc00000, 0x00000007ade00000, 0x00000007ade00000|100%|HC|  |TAMS 0x00000007adc00000, 0x00000007adc00000| Complete 
|1391|0x00000007ade00000, 0x00000007ae000000, 0x00000007ae000000|100%|HC|  |TAMS 0x00000007ade00000, 0x00000007ade00000| Complete 
|1392|0x00000007ae000000, 0x00000007ae200000, 0x00000007ae200000|100%|HC|  |TAMS 0x00000007ae000000, 0x00000007ae000000| Complete 
|1393|0x00000007ae200000, 0x00000007ae400000, 0x00000007ae400000|100%|HC|  |TAMS 0x00000007ae200000, 0x00000007ae200000| Complete 
|1394|0x00000007ae400000, 0x00000007ae600000, 0x00000007ae600000|100%|HC|  |TAMS 0x00000007ae400000, 0x00000007ae400000| Complete 
|1395|0x00000007ae600000, 0x00000007ae800000, 0x00000007ae800000|100%|HC|  |TAMS 0x00000007ae600000, 0x00000007ae600000| Complete 
|1396|0x00000007ae800000, 0x00000007aea00000, 0x00000007aea00000|100%|HC|  |TAMS 0x00000007ae800000, 0x00000007ae800000| Complete 
|1397|0x00000007aea00000, 0x00000007aec00000, 0x00000007aec00000|100%|HC|  |TAMS 0x00000007aea00000, 0x00000007aea00000| Complete 
|1398|0x00000007aec00000, 0x00000007aee00000, 0x00000007aee00000|100%|HC|  |TAMS 0x00000007aec00000, 0x00000007aec00000| Complete 
|1399|0x00000007aee00000, 0x00000007af000000, 0x00000007af000000|100%|HC|  |TAMS 0x00000007aee00000, 0x00000007aee00000| Complete 
|1400|0x00000007af000000, 0x00000007af200000, 0x00000007af200000|100%|HC|  |TAMS 0x00000007af000000, 0x00000007af000000| Complete 
|1401|0x00000007af200000, 0x00000007af400000, 0x00000007af400000|100%|HC|  |TAMS 0x00000007af200000, 0x00000007af200000| Complete 
|1402|0x00000007af400000, 0x00000007af600000, 0x00000007af600000|100%|HC|  |TAMS 0x00000007af400000, 0x00000007af400000| Complete 
|1403|0x00000007af600000, 0x00000007af800000, 0x00000007af800000|100%|HC|  |TAMS 0x00000007af600000, 0x00000007af600000| Complete 
|1404|0x00000007af800000, 0x00000007afa00000, 0x00000007afa00000|100%|HC|  |TAMS 0x00000007af800000, 0x00000007af800000| Complete 
|1405|0x00000007afa00000, 0x00000007afc00000, 0x00000007afc00000|100%|HC|  |TAMS 0x00000007afa00000, 0x00000007afa00000| Complete 
|1406|0x00000007afc00000, 0x00000007afe00000, 0x00000007afe00000|100%|HC|  |TAMS 0x00000007afc00000, 0x00000007afc00000| Complete 
|1407|0x00000007afe00000, 0x00000007b0000000, 0x00000007b0000000|100%|HC|  |TAMS 0x00000007afe00000, 0x00000007afe00000| Complete 
|1408|0x00000007b0000000, 0x00000007b0200000, 0x00000007b0200000|100%|HC|  |TAMS 0x00000007b0000000, 0x00000007b0000000| Complete 
|1409|0x00000007b0200000, 0x00000007b0400000, 0x00000007b0400000|100%|HC|  |TAMS 0x00000007b0200000, 0x00000007b0200000| Complete 
|1410|0x00000007b0400000, 0x00000007b0600000, 0x00000007b0600000|100%|HC|  |TAMS 0x00000007b0400000, 0x00000007b0400000| Complete 
|1411|0x00000007b0600000, 0x00000007b0800000, 0x00000007b0800000|100%|HC|  |TAMS 0x00000007b0600000, 0x00000007b0600000| Complete 
|1412|0x00000007b0800000, 0x00000007b0a00000, 0x00000007b0a00000|100%|HC|  |TAMS 0x00000007b0800000, 0x00000007b0800000| Complete 
|1413|0x00000007b0a00000, 0x00000007b0c00000, 0x00000007b0c00000|100%|HC|  |TAMS 0x00000007b0a00000, 0x00000007b0a00000| Complete 
|1414|0x00000007b0c00000, 0x00000007b0e00000, 0x00000007b0e00000|100%|HS|  |TAMS 0x00000007b0c00000, 0x00000007b0c00000| Complete 
|1415|0x00000007b0e00000, 0x00000007b1000000, 0x00000007b1000000|100%|HC|  |TAMS 0x00000007b0e00000, 0x00000007b0e00000| Complete 
|1416|0x00000007b1000000, 0x00000007b1200000, 0x00000007b1200000|100%|HC|  |TAMS 0x00000007b1000000, 0x00000007b1000000| Complete 
|1417|0x00000007b1200000, 0x00000007b1400000, 0x00000007b1400000|100%|HC|  |TAMS 0x00000007b1200000, 0x00000007b1200000| Complete 
|1418|0x00000007b1400000, 0x00000007b1600000, 0x00000007b1600000|100%|HC|  |TAMS 0x00000007b1400000, 0x00000007b1400000| Complete 
|1419|0x00000007b1600000, 0x00000007b1800000, 0x00000007b1800000|100%|HC|  |TAMS 0x00000007b1600000, 0x00000007b1600000| Complete 
|1420|0x00000007b1800000, 0x00000007b1a00000, 0x00000007b1a00000|100%|HC|  |TAMS 0x00000007b1800000, 0x00000007b1800000| Complete 
|1421|0x00000007b1a00000, 0x00000007b1c00000, 0x00000007b1c00000|100%|HC|  |TAMS 0x00000007b1a00000, 0x00000007b1a00000| Complete 
|1422|0x00000007b1c00000, 0x00000007b1e00000, 0x00000007b1e00000|100%|HC|  |TAMS 0x00000007b1c00000, 0x00000007b1c00000| Complete 
|1423|0x00000007b1e00000, 0x00000007b2000000, 0x00000007b2000000|100%|HC|  |TAMS 0x00000007b1e00000, 0x00000007b1e00000| Complete 
|1424|0x00000007b2000000, 0x00000007b2200000, 0x00000007b2200000|100%|HC|  |TAMS 0x00000007b2000000, 0x00000007b2000000| Complete 
|1425|0x00000007b2200000, 0x00000007b2400000, 0x00000007b2400000|100%|HC|  |TAMS 0x00000007b2200000, 0x00000007b2200000| Complete 
|1426|0x00000007b2400000, 0x00000007b2600000, 0x00000007b2600000|100%|HC|  |TAMS 0x00000007b2400000, 0x00000007b2400000| Complete 
|1427|0x00000007b2600000, 0x00000007b2800000, 0x00000007b2800000|100%|HC|  |TAMS 0x00000007b2600000, 0x00000007b2600000| Complete 
|1428|0x00000007b2800000, 0x00000007b2a00000, 0x00000007b2a00000|100%|HC|  |TAMS 0x00000007b2800000, 0x00000007b2800000| Complete 
|1429|0x00000007b2a00000, 0x00000007b2c00000, 0x00000007b2c00000|100%|HC|  |TAMS 0x00000007b2a00000, 0x00000007b2a00000| Complete 
|1430|0x00000007b2c00000, 0x00000007b2e00000, 0x00000007b2e00000|100%|HC|  |TAMS 0x00000007b2c00000, 0x00000007b2c00000| Complete 
|1431|0x00000007b2e00000, 0x00000007b3000000, 0x00000007b3000000|100%|HC|  |TAMS 0x00000007b2e00000, 0x00000007b2e00000| Complete 
|1432|0x00000007b3000000, 0x00000007b3200000, 0x00000007b3200000|100%|HC|  |TAMS 0x00000007b3000000, 0x00000007b3000000| Complete 
|1433|0x00000007b3200000, 0x00000007b3400000, 0x00000007b3400000|100%|HC|  |TAMS 0x00000007b3200000, 0x00000007b3200000| Complete 
|1434|0x00000007b3400000, 0x00000007b3600000, 0x00000007b3600000|100%|HC|  |TAMS 0x00000007b3400000, 0x00000007b3400000| Complete 
|1435|0x00000007b3600000, 0x00000007b3800000, 0x00000007b3800000|100%|HC|  |TAMS 0x00000007b3600000, 0x00000007b3600000| Complete 
|1436|0x00000007b3800000, 0x00000007b3a00000, 0x00000007b3a00000|100%|HC|  |TAMS 0x00000007b3800000, 0x00000007b3800000| Complete 
|1437|0x00000007b3a00000, 0x00000007b3c00000, 0x00000007b3c00000|100%|HC|  |TAMS 0x00000007b3a00000, 0x00000007b3a00000| Complete 
|1438|0x00000007b3c00000, 0x00000007b3e00000, 0x00000007b3e00000|100%|HC|  |TAMS 0x00000007b3c00000, 0x00000007b3c00000| Complete 
|1439|0x00000007b3e00000, 0x00000007b4000000, 0x00000007b4000000|100%|HC|  |TAMS 0x00000007b3e00000, 0x00000007b3e00000| Complete 
|1440|0x00000007b4000000, 0x00000007b4200000, 0x00000007b4200000|100%|HC|  |TAMS 0x00000007b4000000, 0x00000007b4000000| Complete 
|1441|0x00000007b4200000, 0x00000007b4400000, 0x00000007b4400000|100%|HC|  |TAMS 0x00000007b4200000, 0x00000007b4200000| Complete 
|1442|0x00000007b4400000, 0x00000007b4600000, 0x00000007b4600000|100%|HC|  |TAMS 0x00000007b4400000, 0x00000007b4400000| Complete 
|1443|0x00000007b4600000, 0x00000007b4800000, 0x00000007b4800000|100%|HC|  |TAMS 0x00000007b4600000, 0x00000007b4600000| Complete 
|1444|0x00000007b4800000, 0x00000007b4a00000, 0x00000007b4a00000|100%|HC|  |TAMS 0x00000007b4800000, 0x00000007b4800000| Complete 
|1445|0x00000007b4a00000, 0x00000007b4c00000, 0x00000007b4c00000|100%|HC|  |TAMS 0x00000007b4a00000, 0x00000007b4a00000| Complete 
|1446|0x00000007b4c00000, 0x00000007b4e00000, 0x00000007b4e00000|100%|HC|  |TAMS 0x00000007b4c00000, 0x00000007b4c00000| Complete 
|1447|0x00000007b4e00000, 0x00000007b5000000, 0x00000007b5000000|100%|HC|  |TAMS 0x00000007b4e00000, 0x00000007b4e00000| Complete 
|1448|0x00000007b5000000, 0x00000007b5200000, 0x00000007b5200000|100%|HC|  |TAMS 0x00000007b5000000, 0x00000007b5000000| Complete 
|1449|0x00000007b5200000, 0x00000007b5400000, 0x00000007b5400000|100%|HC|  |TAMS 0x00000007b5200000, 0x00000007b5200000| Complete 
|1450|0x00000007b5400000, 0x00000007b5600000, 0x00000007b5600000|100%|HC|  |TAMS 0x00000007b5400000, 0x00000007b5400000| Complete 
|1451|0x00000007b5600000, 0x00000007b5800000, 0x00000007b5800000|100%|HC|  |TAMS 0x00000007b5600000, 0x00000007b5600000| Complete 
|1452|0x00000007b5800000, 0x00000007b5a00000, 0x00000007b5a00000|100%|HC|  |TAMS 0x00000007b5800000, 0x00000007b5800000| Complete 
|1453|0x00000007b5a00000, 0x00000007b5c00000, 0x00000007b5c00000|100%|HC|  |TAMS 0x00000007b5a00000, 0x00000007b5a00000| Complete 
|1454|0x00000007b5c00000, 0x00000007b5e00000, 0x00000007b5e00000|100%|HC|  |TAMS 0x00000007b5c00000, 0x00000007b5c00000| Complete 
|1455|0x00000007b5e00000, 0x00000007b6000000, 0x00000007b6000000|100%|HC|  |TAMS 0x00000007b5e00000, 0x00000007b5e00000| Complete 
|1456|0x00000007b6000000, 0x00000007b6200000, 0x00000007b6200000|100%|HC|  |TAMS 0x00000007b6000000, 0x00000007b6000000| Complete 
|1457|0x00000007b6200000, 0x00000007b6400000, 0x00000007b6400000|100%|HC|  |TAMS 0x00000007b6200000, 0x00000007b6200000| Complete 
|1458|0x00000007b6400000, 0x00000007b6600000, 0x00000007b6600000|100%|HC|  |TAMS 0x00000007b6400000, 0x00000007b6400000| Complete 
|1459|0x00000007b6600000, 0x00000007b6800000, 0x00000007b6800000|100%|HC|  |TAMS 0x00000007b6600000, 0x00000007b6600000| Complete 
|1460|0x00000007b6800000, 0x00000007b6a00000, 0x00000007b6a00000|100%|HC|  |TAMS 0x00000007b6800000, 0x00000007b6800000| Complete 
|1461|0x00000007b6a00000, 0x00000007b6c00000, 0x00000007b6c00000|100%|HC|  |TAMS 0x00000007b6a00000, 0x00000007b6a00000| Complete 
|1462|0x00000007b6c00000, 0x00000007b6e00000, 0x00000007b6e00000|100%|HC|  |TAMS 0x00000007b6c00000, 0x00000007b6c00000| Complete 
|1463|0x00000007b6e00000, 0x00000007b7000000, 0x00000007b7000000|100%|HC|  |TAMS 0x00000007b6e00000, 0x00000007b6e00000| Complete 
|1464|0x00000007b7000000, 0x00000007b7200000, 0x00000007b7200000|100%|HC|  |TAMS 0x00000007b7000000, 0x00000007b7000000| Complete 
|1465|0x00000007b7200000, 0x00000007b7400000, 0x00000007b7400000|100%|HC|  |TAMS 0x00000007b7200000, 0x00000007b7200000| Complete 
|1466|0x00000007b7400000, 0x00000007b7600000, 0x00000007b7600000|100%|HC|  |TAMS 0x00000007b7400000, 0x00000007b7400000| Complete 
|1467|0x00000007b7600000, 0x00000007b7800000, 0x00000007b7800000|100%|HC|  |TAMS 0x00000007b7600000, 0x00000007b7600000| Complete 
|1468|0x00000007b7800000, 0x00000007b7a00000, 0x00000007b7a00000|100%|HC|  |TAMS 0x00000007b7800000, 0x00000007b7800000| Complete 
|1469|0x00000007b7a00000, 0x00000007b7c00000, 0x00000007b7c00000|100%|HC|  |TAMS 0x00000007b7a00000, 0x00000007b7a00000| Complete 
|1470|0x00000007b7c00000, 0x00000007b7e00000, 0x00000007b7e00000|100%|HC|  |TAMS 0x00000007b7c00000, 0x00000007b7c00000| Complete 
|1471|0x00000007b7e00000, 0x00000007b8000000, 0x00000007b8000000|100%|HC|  |TAMS 0x00000007b7e00000, 0x00000007b7e00000| Complete 
|1472|0x00000007b8000000, 0x00000007b8200000, 0x00000007b8200000|100%|HC|  |TAMS 0x00000007b8000000, 0x00000007b8000000| Complete 
|1473|0x00000007b8200000, 0x00000007b8400000, 0x00000007b8400000|100%|HC|  |TAMS 0x00000007b8200000, 0x00000007b8200000| Complete 
|1474|0x00000007b8400000, 0x00000007b8600000, 0x00000007b8600000|100%|HC|  |TAMS 0x00000007b8400000, 0x00000007b8400000| Complete 
|1475|0x00000007b8600000, 0x00000007b8800000, 0x00000007b8800000|100%|HC|  |TAMS 0x00000007b8600000, 0x00000007b8600000| Complete 
|1476|0x00000007b8800000, 0x00000007b8a00000, 0x00000007b8a00000|100%|HC|  |TAMS 0x00000007b8800000, 0x00000007b8800000| Complete 
|1477|0x00000007b8a00000, 0x00000007b8c00000, 0x00000007b8c00000|100%|HC|  |TAMS 0x00000007b8a00000, 0x00000007b8a00000| Complete 
|1478|0x00000007b8c00000, 0x00000007b8e00000, 0x00000007b8e00000|100%|HC|  |TAMS 0x00000007b8c00000, 0x00000007b8c00000| Complete 
|1479|0x00000007b8e00000, 0x00000007b9000000, 0x00000007b9000000|100%|HC|  |TAMS 0x00000007b8e00000, 0x00000007b8e00000| Complete 
|1480|0x00000007b9000000, 0x00000007b9200000, 0x00000007b9200000|100%|HC|  |TAMS 0x00000007b9000000, 0x00000007b9000000| Complete 
|1481|0x00000007b9200000, 0x00000007b9400000, 0x00000007b9400000|100%|HC|  |TAMS 0x00000007b9200000, 0x00000007b9200000| Complete 
|1482|0x00000007b9400000, 0x00000007b9600000, 0x00000007b9600000|100%|HC|  |TAMS 0x00000007b9400000, 0x00000007b9400000| Complete 
|1483|0x00000007b9600000, 0x00000007b9800000, 0x00000007b9800000|100%|HC|  |TAMS 0x00000007b9600000, 0x00000007b9600000| Complete 
|1484|0x00000007b9800000, 0x00000007b9a00000, 0x00000007b9a00000|100%|HC|  |TAMS 0x00000007b9800000, 0x00000007b9800000| Complete 
|1485|0x00000007b9a00000, 0x00000007b9c00000, 0x00000007b9c00000|100%|HC|  |TAMS 0x00000007b9a00000, 0x00000007b9a00000| Complete 
|1486|0x00000007b9c00000, 0x00000007b9e00000, 0x00000007b9e00000|100%|HC|  |TAMS 0x00000007b9c00000, 0x00000007b9c00000| Complete 
|1487|0x00000007b9e00000, 0x00000007ba000000, 0x00000007ba000000|100%|HC|  |TAMS 0x00000007b9e00000, 0x00000007b9e00000| Complete 
|1488|0x00000007ba000000, 0x00000007ba200000, 0x00000007ba200000|100%|HC|  |TAMS 0x00000007ba000000, 0x00000007ba000000| Complete 
|1489|0x00000007ba200000, 0x00000007ba400000, 0x00000007ba400000|100%|HC|  |TAMS 0x00000007ba200000, 0x00000007ba200000| Complete 
|1490|0x00000007ba400000, 0x00000007ba600000, 0x00000007ba600000|100%|HC|  |TAMS 0x00000007ba400000, 0x00000007ba400000| Complete 
|1491|0x00000007ba600000, 0x00000007ba800000, 0x00000007ba800000|100%|HC|  |TAMS 0x00000007ba600000, 0x00000007ba600000| Complete 
|1492|0x00000007ba800000, 0x00000007baa00000, 0x00000007baa00000|100%|HC|  |TAMS 0x00000007ba800000, 0x00000007ba800000| Complete 
|1493|0x00000007baa00000, 0x00000007bac00000, 0x00000007bac00000|100%|HC|  |TAMS 0x00000007baa00000, 0x00000007baa00000| Complete 
|1494|0x00000007bac00000, 0x00000007bae00000, 0x00000007bae00000|100%|HC|  |TAMS 0x00000007bac00000, 0x00000007bac00000| Complete 
|1495|0x00000007bae00000, 0x00000007bb000000, 0x00000007bb000000|100%|HC|  |TAMS 0x00000007bae00000, 0x00000007bae00000| Complete 
|1496|0x00000007bb000000, 0x00000007bb200000, 0x00000007bb200000|100%|HC|  |TAMS 0x00000007bb000000, 0x00000007bb000000| Complete 
|1497|0x00000007bb200000, 0x00000007bb400000, 0x00000007bb400000|100%|HC|  |TAMS 0x00000007bb200000, 0x00000007bb200000| Complete 
|1498|0x00000007bb400000, 0x00000007bb600000, 0x00000007bb600000|100%|HC|  |TAMS 0x00000007bb400000, 0x00000007bb400000| Complete 
|1499|0x00000007bb600000, 0x00000007bb800000, 0x00000007bb800000|100%|HC|  |TAMS 0x00000007bb600000, 0x00000007bb600000| Complete 
|1500|0x00000007bb800000, 0x00000007bba00000, 0x00000007bba00000|100%|HC|  |TAMS 0x00000007bb800000, 0x00000007bb800000| Complete 
|1501|0x00000007bba00000, 0x00000007bbc00000, 0x00000007bbc00000|100%|HC|  |TAMS 0x00000007bba00000, 0x00000007bba00000| Complete 
|1502|0x00000007bbc00000, 0x00000007bbe00000, 0x00000007bbe00000|100%|HC|  |TAMS 0x00000007bbc00000, 0x00000007bbc00000| Complete 
|1503|0x00000007bbe00000, 0x00000007bc000000, 0x00000007bc000000|100%|HC|  |TAMS 0x00000007bbe00000, 0x00000007bbe00000| Complete 
|1504|0x00000007bc000000, 0x00000007bc200000, 0x00000007bc200000|100%|HC|  |TAMS 0x00000007bc000000, 0x00000007bc000000| Complete 
|1505|0x00000007bc200000, 0x00000007bc400000, 0x00000007bc400000|100%|HC|  |TAMS 0x00000007bc200000, 0x00000007bc200000| Complete 
|1506|0x00000007bc400000, 0x00000007bc600000, 0x00000007bc600000|100%|HC|  |TAMS 0x00000007bc400000, 0x00000007bc400000| Complete 
|1507|0x00000007bc600000, 0x00000007bc800000, 0x00000007bc800000|100%|HC|  |TAMS 0x00000007bc600000, 0x00000007bc600000| Complete 
|1508|0x00000007bc800000, 0x00000007bca00000, 0x00000007bca00000|100%|HC|  |TAMS 0x00000007bc800000, 0x00000007bc800000| Complete 
|1509|0x00000007bca00000, 0x00000007bcc00000, 0x00000007bcc00000|100%|HC|  |TAMS 0x00000007bca00000, 0x00000007bca00000| Complete 
|1510|0x00000007bcc00000, 0x00000007bce00000, 0x00000007bce00000|100%|HC|  |TAMS 0x00000007bcc00000, 0x00000007bcc00000| Complete 
|1511|0x00000007bce00000, 0x00000007bd000000, 0x00000007bd000000|100%|HC|  |TAMS 0x00000007bce00000, 0x00000007bce00000| Complete 
|1512|0x00000007bd000000, 0x00000007bd200000, 0x00000007bd200000|100%|HC|  |TAMS 0x00000007bd000000, 0x00000007bd000000| Complete 
|1513|0x00000007bd200000, 0x00000007bd400000, 0x00000007bd400000|100%|HC|  |TAMS 0x00000007bd200000, 0x00000007bd200000| Complete 
|1514|0x00000007bd400000, 0x00000007bd600000, 0x00000007bd600000|100%|HC|  |TAMS 0x00000007bd400000, 0x00000007bd400000| Complete 
|1515|0x00000007bd600000, 0x00000007bd800000, 0x00000007bd800000|100%|HC|  |TAMS 0x00000007bd600000, 0x00000007bd600000| Complete 
|1516|0x00000007bd800000, 0x00000007bda00000, 0x00000007bda00000|100%|HC|  |TAMS 0x00000007bd800000, 0x00000007bd800000| Complete 
|1517|0x00000007bda00000, 0x00000007bdc00000, 0x00000007bdc00000|100%|HC|  |TAMS 0x00000007bda00000, 0x00000007bda00000| Complete 
|1518|0x00000007bdc00000, 0x00000007bde00000, 0x00000007bde00000|100%|HC|  |TAMS 0x00000007bdc00000, 0x00000007bdc00000| Complete 
|1519|0x00000007bde00000, 0x00000007be000000, 0x00000007be000000|100%|HC|  |TAMS 0x00000007bde00000, 0x00000007bde00000| Complete 
|1520|0x00000007be000000, 0x00000007be200000, 0x00000007be200000|100%|HC|  |TAMS 0x00000007be000000, 0x00000007be000000| Complete 
|1521|0x00000007be200000, 0x00000007be400000, 0x00000007be400000|100%|HC|  |TAMS 0x00000007be200000, 0x00000007be200000| Complete 
|1522|0x00000007be400000, 0x00000007be600000, 0x00000007be600000|100%|HC|  |TAMS 0x00000007be400000, 0x00000007be400000| Complete 
|1523|0x00000007be600000, 0x00000007be800000, 0x00000007be800000|100%|HC|  |TAMS 0x00000007be600000, 0x00000007be600000| Complete 
|1524|0x00000007be800000, 0x00000007bea00000, 0x00000007bea00000|100%|HC|  |TAMS 0x00000007be800000, 0x00000007be800000| Complete 
|1525|0x00000007bea00000, 0x00000007bec00000, 0x00000007bec00000|100%|HC|  |TAMS 0x00000007bea00000, 0x00000007bea00000| Complete 
|1526|0x00000007bec00000, 0x00000007bee00000, 0x00000007bee00000|100%|HC|  |TAMS 0x00000007bec00000, 0x00000007bec00000| Complete 
|1527|0x00000007bee00000, 0x00000007bf000000, 0x00000007bf000000|100%|HC|  |TAMS 0x00000007bee00000, 0x00000007bee00000| Complete 
|1528|0x00000007bf000000, 0x00000007bf200000, 0x00000007bf200000|100%|HC|  |TAMS 0x00000007bf000000, 0x00000007bf000000| Complete 
|1529|0x00000007bf200000, 0x00000007bf400000, 0x00000007bf400000|100%|HC|  |TAMS 0x00000007bf200000, 0x00000007bf200000| Complete 
|1530|0x00000007bf400000, 0x00000007bf600000, 0x00000007bf600000|100%|HC|  |TAMS 0x00000007bf400000, 0x00000007bf400000| Complete 
|1531|0x00000007bf600000, 0x00000007bf800000, 0x00000007bf800000|100%|HC|  |TAMS 0x00000007bf600000, 0x00000007bf600000| Complete 
|1532|0x00000007bf800000, 0x00000007bfa00000, 0x00000007bfa00000|100%|HC|  |TAMS 0x00000007bf800000, 0x00000007bf800000| Complete 
|1533|0x00000007bfa00000, 0x00000007bfc00000, 0x00000007bfc00000|100%|HC|  |TAMS 0x00000007bfa00000, 0x00000007bfa00000| Complete 
|1534|0x00000007bfc00000, 0x00000007bfe00000, 0x00000007bfe00000|100%|HC|  |TAMS 0x00000007bfc00000, 0x00000007bfc00000| Complete 
|1535|0x00000007bfe00000, 0x00000007c0000000, 0x00000007c0000000|100%|HC|  |TAMS 0x00000007bfe00000, 0x00000007bfe00000| Complete 
|1536|0x00000007c0000000, 0x00000007c0200000, 0x00000007c0200000|100%|HC|  |TAMS 0x00000007c0000000, 0x00000007c0000000| Complete 
|1537|0x00000007c0200000, 0x00000007c0400000, 0x00000007c0400000|100%|HC|  |TAMS 0x00000007c0200000, 0x00000007c0200000| Complete 
|1538|0x00000007c0400000, 0x00000007c0600000, 0x00000007c0600000|100%|HC|  |TAMS 0x00000007c0400000, 0x00000007c0400000| Complete 
|1539|0x00000007c0600000, 0x00000007c0800000, 0x00000007c0800000|100%|HC|  |TAMS 0x00000007c0600000, 0x00000007c0600000| Complete 
|1540|0x00000007c0800000, 0x00000007c0a00000, 0x00000007c0a00000|100%|HC|  |TAMS 0x00000007c0800000, 0x00000007c0800000| Complete 
|1541|0x00000007c0a00000, 0x00000007c0c00000, 0x00000007c0c00000|100%|HC|  |TAMS 0x00000007c0a00000, 0x00000007c0a00000| Complete 
|1542|0x00000007c0c00000, 0x00000007c0e00000, 0x00000007c0e00000|100%|HC|  |TAMS 0x00000007c0c00000, 0x00000007c0c00000| Complete 
|1543|0x00000007c0e00000, 0x00000007c1000000, 0x00000007c1000000|100%|HS|  |TAMS 0x00000007c0e00000, 0x00000007c0e00000| Complete 
|1544|0x00000007c1000000, 0x00000007c1200000, 0x00000007c1200000|100%|HC|  |TAMS 0x00000007c1000000, 0x00000007c1000000| Complete 
|1545|0x00000007c1200000, 0x00000007c1400000, 0x00000007c1400000|100%|HC|  |TAMS 0x00000007c1200000, 0x00000007c1200000| Complete 
|1546|0x00000007c1400000, 0x00000007c1600000, 0x00000007c1600000|100%|HC|  |TAMS 0x00000007c1400000, 0x00000007c1400000| Complete 
|1547|0x00000007c1600000, 0x00000007c1800000, 0x00000007c1800000|100%|HC|  |TAMS 0x00000007c1600000, 0x00000007c1600000| Complete 
|1548|0x00000007c1800000, 0x00000007c1a00000, 0x00000007c1a00000|100%|HC|  |TAMS 0x00000007c1800000, 0x00000007c1800000| Complete 
|1549|0x00000007c1a00000, 0x00000007c1c00000, 0x00000007c1c00000|100%|HC|  |TAMS 0x00000007c1a00000, 0x00000007c1a00000| Complete 
|1550|0x00000007c1c00000, 0x00000007c1e00000, 0x00000007c1e00000|100%|HC|  |TAMS 0x00000007c1c00000, 0x00000007c1c00000| Complete 
|1551|0x00000007c1e00000, 0x00000007c2000000, 0x00000007c2000000|100%|HC|  |TAMS 0x00000007c1e00000, 0x00000007c1e00000| Complete 
|1552|0x00000007c2000000, 0x00000007c2200000, 0x00000007c2200000|100%|HC|  |TAMS 0x00000007c2000000, 0x00000007c2000000| Complete 
|1553|0x00000007c2200000, 0x00000007c2400000, 0x00000007c2400000|100%|HC|  |TAMS 0x00000007c2200000, 0x00000007c2200000| Complete 
|1554|0x00000007c2400000, 0x00000007c2600000, 0x00000007c2600000|100%|HC|  |TAMS 0x00000007c2400000, 0x00000007c2400000| Complete 
|1555|0x00000007c2600000, 0x00000007c2800000, 0x00000007c2800000|100%|HC|  |TAMS 0x00000007c2600000, 0x00000007c2600000| Complete 
|1556|0x00000007c2800000, 0x00000007c2a00000, 0x00000007c2a00000|100%|HC|  |TAMS 0x00000007c2800000, 0x00000007c2800000| Complete 
|1557|0x00000007c2a00000, 0x00000007c2c00000, 0x00000007c2c00000|100%|HC|  |TAMS 0x00000007c2a00000, 0x00000007c2a00000| Complete 
|1558|0x00000007c2c00000, 0x00000007c2e00000, 0x00000007c2e00000|100%|HC|  |TAMS 0x00000007c2c00000, 0x00000007c2c00000| Complete 
|1559|0x00000007c2e00000, 0x00000007c3000000, 0x00000007c3000000|100%|HC|  |TAMS 0x00000007c2e00000, 0x00000007c2e00000| Complete 
|1560|0x00000007c3000000, 0x00000007c3200000, 0x00000007c3200000|100%|HC|  |TAMS 0x00000007c3000000, 0x00000007c3000000| Complete 
|1561|0x00000007c3200000, 0x00000007c3400000, 0x00000007c3400000|100%|HC|  |TAMS 0x00000007c3200000, 0x00000007c3200000| Complete 
|1562|0x00000007c3400000, 0x00000007c3600000, 0x00000007c3600000|100%|HC|  |TAMS 0x00000007c3400000, 0x00000007c3400000| Complete 
|1563|0x00000007c3600000, 0x00000007c3800000, 0x00000007c3800000|100%|HC|  |TAMS 0x00000007c3600000, 0x00000007c3600000| Complete 
|1564|0x00000007c3800000, 0x00000007c3a00000, 0x00000007c3a00000|100%|HC|  |TAMS 0x00000007c3800000, 0x00000007c3800000| Complete 
|1565|0x00000007c3a00000, 0x00000007c3c00000, 0x00000007c3c00000|100%|HC|  |TAMS 0x00000007c3a00000, 0x00000007c3a00000| Complete 
|1566|0x00000007c3c00000, 0x00000007c3e00000, 0x00000007c3e00000|100%|HC|  |TAMS 0x00000007c3c00000, 0x00000007c3c00000| Complete 
|1567|0x00000007c3e00000, 0x00000007c4000000, 0x00000007c4000000|100%|HC|  |TAMS 0x00000007c3e00000, 0x00000007c3e00000| Complete 
|1568|0x00000007c4000000, 0x00000007c4200000, 0x00000007c4200000|100%|HC|  |TAMS 0x00000007c4000000, 0x00000007c4000000| Complete 
|1569|0x00000007c4200000, 0x00000007c4400000, 0x00000007c4400000|100%|HC|  |TAMS 0x00000007c4200000, 0x00000007c4200000| Complete 
|1570|0x00000007c4400000, 0x00000007c4600000, 0x00000007c4600000|100%|HC|  |TAMS 0x00000007c4400000, 0x00000007c4400000| Complete 
|1571|0x00000007c4600000, 0x00000007c4800000, 0x00000007c4800000|100%|HC|  |TAMS 0x00000007c4600000, 0x00000007c4600000| Complete 
|1572|0x00000007c4800000, 0x00000007c4a00000, 0x00000007c4a00000|100%|HC|  |TAMS 0x00000007c4800000, 0x00000007c4800000| Complete 
|1573|0x00000007c4a00000, 0x00000007c4c00000, 0x00000007c4c00000|100%|HC|  |TAMS 0x00000007c4a00000, 0x00000007c4a00000| Complete 
|1574|0x00000007c4c00000, 0x00000007c4e00000, 0x00000007c4e00000|100%|HC|  |TAMS 0x00000007c4c00000, 0x00000007c4c00000| Complete 
|1575|0x00000007c4e00000, 0x00000007c5000000, 0x00000007c5000000|100%|HC|  |TAMS 0x00000007c4e00000, 0x00000007c4e00000| Complete 
|1576|0x00000007c5000000, 0x00000007c5200000, 0x00000007c5200000|100%|HC|  |TAMS 0x00000007c5000000, 0x00000007c5000000| Complete 
|1577|0x00000007c5200000, 0x00000007c5400000, 0x00000007c5400000|100%|HC|  |TAMS 0x00000007c5200000, 0x00000007c5200000| Complete 
|1578|0x00000007c5400000, 0x00000007c5600000, 0x00000007c5600000|100%|HC|  |TAMS 0x00000007c5400000, 0x00000007c5400000| Complete 
|1579|0x00000007c5600000, 0x00000007c5800000, 0x00000007c5800000|100%|HC|  |TAMS 0x00000007c5600000, 0x00000007c5600000| Complete 
|1580|0x00000007c5800000, 0x00000007c5a00000, 0x00000007c5a00000|100%|HC|  |TAMS 0x00000007c5800000, 0x00000007c5800000| Complete 
|1581|0x00000007c5a00000, 0x00000007c5c00000, 0x00000007c5c00000|100%|HC|  |TAMS 0x00000007c5a00000, 0x00000007c5a00000| Complete 
|1582|0x00000007c5c00000, 0x00000007c5e00000, 0x00000007c5e00000|100%|HC|  |TAMS 0x00000007c5c00000, 0x00000007c5c00000| Complete 
|1583|0x00000007c5e00000, 0x00000007c6000000, 0x00000007c6000000|100%|HC|  |TAMS 0x00000007c5e00000, 0x00000007c5e00000| Complete 
|1584|0x00000007c6000000, 0x00000007c6200000, 0x00000007c6200000|100%|HC|  |TAMS 0x00000007c6000000, 0x00000007c6000000| Complete 
|1585|0x00000007c6200000, 0x00000007c6400000, 0x00000007c6400000|100%|HC|  |TAMS 0x00000007c6200000, 0x00000007c6200000| Complete 
|1586|0x00000007c6400000, 0x00000007c6600000, 0x00000007c6600000|100%|HC|  |TAMS 0x00000007c6400000, 0x00000007c6400000| Complete 
|1587|0x00000007c6600000, 0x00000007c6800000, 0x00000007c6800000|100%|HC|  |TAMS 0x00000007c6600000, 0x00000007c6600000| Complete 
|1588|0x00000007c6800000, 0x00000007c6a00000, 0x00000007c6a00000|100%|HC|  |TAMS 0x00000007c6800000, 0x00000007c6800000| Complete 
|1589|0x00000007c6a00000, 0x00000007c6c00000, 0x00000007c6c00000|100%|HC|  |TAMS 0x00000007c6a00000, 0x00000007c6a00000| Complete 
|1590|0x00000007c6c00000, 0x00000007c6e00000, 0x00000007c6e00000|100%|HC|  |TAMS 0x00000007c6c00000, 0x00000007c6c00000| Complete 
|1591|0x00000007c6e00000, 0x00000007c7000000, 0x00000007c7000000|100%|HC|  |TAMS 0x00000007c6e00000, 0x00000007c6e00000| Complete 
|1592|0x00000007c7000000, 0x00000007c7200000, 0x00000007c7200000|100%|HC|  |TAMS 0x00000007c7000000, 0x00000007c7000000| Complete 
|1593|0x00000007c7200000, 0x00000007c7400000, 0x00000007c7400000|100%|HC|  |TAMS 0x00000007c7200000, 0x00000007c7200000| Complete 
|1594|0x00000007c7400000, 0x00000007c7600000, 0x00000007c7600000|100%|HC|  |TAMS 0x00000007c7400000, 0x00000007c7400000| Complete 
|1595|0x00000007c7600000, 0x00000007c7800000, 0x00000007c7800000|100%|HC|  |TAMS 0x00000007c7600000, 0x00000007c7600000| Complete 
|1596|0x00000007c7800000, 0x00000007c7a00000, 0x00000007c7a00000|100%|HC|  |TAMS 0x00000007c7800000, 0x00000007c7800000| Complete 
|1597|0x00000007c7a00000, 0x00000007c7c00000, 0x00000007c7c00000|100%|HC|  |TAMS 0x00000007c7a00000, 0x00000007c7a00000| Complete 
|1598|0x00000007c7c00000, 0x00000007c7e00000, 0x00000007c7e00000|100%|HC|  |TAMS 0x00000007c7c00000, 0x00000007c7c00000| Complete 
|1599|0x00000007c7e00000, 0x00000007c8000000, 0x00000007c8000000|100%|HC|  |TAMS 0x00000007c7e00000, 0x00000007c7e00000| Complete 
|1600|0x00000007c8000000, 0x00000007c8200000, 0x00000007c8200000|100%|HC|  |TAMS 0x00000007c8000000, 0x00000007c8000000| Complete 
|1601|0x00000007c8200000, 0x00000007c8400000, 0x00000007c8400000|100%|HC|  |TAMS 0x00000007c8200000, 0x00000007c8200000| Complete 
|1602|0x00000007c8400000, 0x00000007c8600000, 0x00000007c8600000|100%|HC|  |TAMS 0x00000007c8400000, 0x00000007c8400000| Complete 
|1603|0x00000007c8600000, 0x00000007c8800000, 0x00000007c8800000|100%|HC|  |TAMS 0x00000007c8600000, 0x00000007c8600000| Complete 
|1604|0x00000007c8800000, 0x00000007c8a00000, 0x00000007c8a00000|100%|HC|  |TAMS 0x00000007c8800000, 0x00000007c8800000| Complete 
|1605|0x00000007c8a00000, 0x00000007c8c00000, 0x00000007c8c00000|100%|HC|  |TAMS 0x00000007c8a00000, 0x00000007c8a00000| Complete 
|1606|0x00000007c8c00000, 0x00000007c8e00000, 0x00000007c8e00000|100%|HC|  |TAMS 0x00000007c8c00000, 0x00000007c8c00000| Complete 
|1607|0x00000007c8e00000, 0x00000007c9000000, 0x00000007c9000000|100%|HC|  |TAMS 0x00000007c8e00000, 0x00000007c8e00000| Complete 
|1608|0x00000007c9000000, 0x00000007c9200000, 0x00000007c9200000|100%|HS|  |TAMS 0x00000007c9000000, 0x00000007c9000000| Complete 
|1609|0x00000007c9200000, 0x00000007c9400000, 0x00000007c9400000|100%|HC|  |TAMS 0x00000007c9200000, 0x00000007c9200000| Complete 
|1610|0x00000007c9400000, 0x00000007c9600000, 0x00000007c9600000|100%|HC|  |TAMS 0x00000007c9400000, 0x00000007c9400000| Complete 
|1611|0x00000007c9600000, 0x00000007c9800000, 0x00000007c9800000|100%|HC|  |TAMS 0x00000007c9600000, 0x00000007c9600000| Complete 
|1612|0x00000007c9800000, 0x00000007c9a00000, 0x00000007c9a00000|100%|HC|  |TAMS 0x00000007c9800000, 0x00000007c9800000| Complete 
|1613|0x00000007c9a00000, 0x00000007c9c00000, 0x00000007c9c00000|100%|HC|  |TAMS 0x00000007c9a00000, 0x00000007c9a00000| Complete 
|1614|0x00000007c9c00000, 0x00000007c9e00000, 0x00000007c9e00000|100%|HC|  |TAMS 0x00000007c9c00000, 0x00000007c9c00000| Complete 
|1615|0x00000007c9e00000, 0x00000007ca000000, 0x00000007ca000000|100%|HC|  |TAMS 0x00000007c9e00000, 0x00000007c9e00000| Complete 
|1616|0x00000007ca000000, 0x00000007ca200000, 0x00000007ca200000|100%|HC|  |TAMS 0x00000007ca000000, 0x00000007ca000000| Complete 
|1617|0x00000007ca200000, 0x00000007ca400000, 0x00000007ca400000|100%|HC|  |TAMS 0x00000007ca200000, 0x00000007ca200000| Complete 
|1618|0x00000007ca400000, 0x00000007ca600000, 0x00000007ca600000|100%|HC|  |TAMS 0x00000007ca400000, 0x00000007ca400000| Complete 
|1619|0x00000007ca600000, 0x00000007ca800000, 0x00000007ca800000|100%|HC|  |TAMS 0x00000007ca600000, 0x00000007ca600000| Complete 
|1620|0x00000007ca800000, 0x00000007caa00000, 0x00000007caa00000|100%|HC|  |TAMS 0x00000007ca800000, 0x00000007ca800000| Complete 
|1621|0x00000007caa00000, 0x00000007cac00000, 0x00000007cac00000|100%|HC|  |TAMS 0x00000007caa00000, 0x00000007caa00000| Complete 
|1622|0x00000007cac00000, 0x00000007cae00000, 0x00000007cae00000|100%|HC|  |TAMS 0x00000007cac00000, 0x00000007cac00000| Complete 
|1623|0x00000007cae00000, 0x00000007cb000000, 0x00000007cb000000|100%|HC|  |TAMS 0x00000007cae00000, 0x00000007cae00000| Complete 
|1624|0x00000007cb000000, 0x00000007cb200000, 0x00000007cb200000|100%|HC|  |TAMS 0x00000007cb000000, 0x00000007cb000000| Complete 
|1625|0x00000007cb200000, 0x00000007cb400000, 0x00000007cb400000|100%|HC|  |TAMS 0x00000007cb200000, 0x00000007cb200000| Complete 
|1626|0x00000007cb400000, 0x00000007cb600000, 0x00000007cb600000|100%|HC|  |TAMS 0x00000007cb400000, 0x00000007cb400000| Complete 
|1627|0x00000007cb600000, 0x00000007cb800000, 0x00000007cb800000|100%|HC|  |TAMS 0x00000007cb600000, 0x00000007cb600000| Complete 
|1628|0x00000007cb800000, 0x00000007cba00000, 0x00000007cba00000|100%|HC|  |TAMS 0x00000007cb800000, 0x00000007cb800000| Complete 
|1629|0x00000007cba00000, 0x00000007cbc00000, 0x00000007cbc00000|100%|HC|  |TAMS 0x00000007cba00000, 0x00000007cba00000| Complete 
|1630|0x00000007cbc00000, 0x00000007cbe00000, 0x00000007cbe00000|100%|HC|  |TAMS 0x00000007cbc00000, 0x00000007cbc00000| Complete 
|1631|0x00000007cbe00000, 0x00000007cc000000, 0x00000007cc000000|100%|HC|  |TAMS 0x00000007cbe00000, 0x00000007cbe00000| Complete 
|1632|0x00000007cc000000, 0x00000007cc200000, 0x00000007cc200000|100%|HC|  |TAMS 0x00000007cc000000, 0x00000007cc000000| Complete 
|1633|0x00000007cc200000, 0x00000007cc400000, 0x00000007cc400000|100%|HC|  |TAMS 0x00000007cc200000, 0x00000007cc200000| Complete 
|1634|0x00000007cc400000, 0x00000007cc600000, 0x00000007cc600000|100%|HC|  |TAMS 0x00000007cc400000, 0x00000007cc400000| Complete 
|1635|0x00000007cc600000, 0x00000007cc800000, 0x00000007cc800000|100%|HC|  |TAMS 0x00000007cc600000, 0x00000007cc600000| Complete 
|1636|0x00000007cc800000, 0x00000007cca00000, 0x00000007cca00000|100%|HC|  |TAMS 0x00000007cc800000, 0x00000007cc800000| Complete 
|1637|0x00000007cca00000, 0x00000007ccc00000, 0x00000007ccc00000|100%|HC|  |TAMS 0x00000007cca00000, 0x00000007cca00000| Complete 
|1638|0x00000007ccc00000, 0x00000007cce00000, 0x00000007cce00000|100%|HC|  |TAMS 0x00000007ccc00000, 0x00000007ccc00000| Complete 
|1639|0x00000007cce00000, 0x00000007cd000000, 0x00000007cd000000|100%|HC|  |TAMS 0x00000007cce00000, 0x00000007cce00000| Complete 
|1640|0x00000007cd000000, 0x00000007cd200000, 0x00000007cd200000|100%|HC|  |TAMS 0x00000007cd000000, 0x00000007cd000000| Complete 
|1641|0x00000007cd200000, 0x00000007cd400000, 0x00000007cd400000|100%|HC|  |TAMS 0x00000007cd200000, 0x00000007cd200000| Complete 
|1642|0x00000007cd400000, 0x00000007cd600000, 0x00000007cd600000|100%|HC|  |TAMS 0x00000007cd400000, 0x00000007cd400000| Complete 
|1643|0x00000007cd600000, 0x00000007cd800000, 0x00000007cd800000|100%|HC|  |TAMS 0x00000007cd600000, 0x00000007cd600000| Complete 
|1644|0x00000007cd800000, 0x00000007cda00000, 0x00000007cda00000|100%|HC|  |TAMS 0x00000007cd800000, 0x00000007cd800000| Complete 
|1645|0x00000007cda00000, 0x00000007cdc00000, 0x00000007cdc00000|100%|HC|  |TAMS 0x00000007cda00000, 0x00000007cda00000| Complete 
|1646|0x00000007cdc00000, 0x00000007cde00000, 0x00000007cde00000|100%|HC|  |TAMS 0x00000007cdc00000, 0x00000007cdc00000| Complete 
|1647|0x00000007cde00000, 0x00000007ce000000, 0x00000007ce000000|100%|HC|  |TAMS 0x00000007cde00000, 0x00000007cde00000| Complete 
|1648|0x00000007ce000000, 0x00000007ce200000, 0x00000007ce200000|100%|HC|  |TAMS 0x00000007ce000000, 0x00000007ce000000| Complete 
|1649|0x00000007ce200000, 0x00000007ce400000, 0x00000007ce400000|100%|HC|  |TAMS 0x00000007ce200000, 0x00000007ce200000| Complete 
|1650|0x00000007ce400000, 0x00000007ce600000, 0x00000007ce600000|100%|HC|  |TAMS 0x00000007ce400000, 0x00000007ce400000| Complete 
|1651|0x00000007ce600000, 0x00000007ce800000, 0x00000007ce800000|100%|HC|  |TAMS 0x00000007ce600000, 0x00000007ce600000| Complete 
|1652|0x00000007ce800000, 0x00000007cea00000, 0x00000007cea00000|100%|HC|  |TAMS 0x00000007ce800000, 0x00000007ce800000| Complete 
|1653|0x00000007cea00000, 0x00000007cec00000, 0x00000007cec00000|100%|HC|  |TAMS 0x00000007cea00000, 0x00000007cea00000| Complete 
|1654|0x00000007cec00000, 0x00000007cee00000, 0x00000007cee00000|100%|HC|  |TAMS 0x00000007cec00000, 0x00000007cec00000| Complete 
|1655|0x00000007cee00000, 0x00000007cf000000, 0x00000007cf000000|100%|HC|  |TAMS 0x00000007cee00000, 0x00000007cee00000| Complete 
|1656|0x00000007cf000000, 0x00000007cf200000, 0x00000007cf200000|100%|HC|  |TAMS 0x00000007cf000000, 0x00000007cf000000| Complete 
|1657|0x00000007cf200000, 0x00000007cf400000, 0x00000007cf400000|100%|HC|  |TAMS 0x00000007cf200000, 0x00000007cf200000| Complete 
|1658|0x00000007cf400000, 0x00000007cf600000, 0x00000007cf600000|100%|HC|  |TAMS 0x00000007cf400000, 0x00000007cf400000| Complete 
|1659|0x00000007cf600000, 0x00000007cf800000, 0x00000007cf800000|100%|HC|  |TAMS 0x00000007cf600000, 0x00000007cf600000| Complete 
|1660|0x00000007cf800000, 0x00000007cfa00000, 0x00000007cfa00000|100%|HC|  |TAMS 0x00000007cf800000, 0x00000007cf800000| Complete 
|1661|0x00000007cfa00000, 0x00000007cfc00000, 0x00000007cfc00000|100%|HC|  |TAMS 0x00000007cfa00000, 0x00000007cfa00000| Complete 
|1662|0x00000007cfc00000, 0x00000007cfe00000, 0x00000007cfe00000|100%|HC|  |TAMS 0x00000007cfc00000, 0x00000007cfc00000| Complete 
|1663|0x00000007cfe00000, 0x00000007d0000000, 0x00000007d0000000|100%|HC|  |TAMS 0x00000007cfe00000, 0x00000007cfe00000| Complete 
|1664|0x00000007d0000000, 0x00000007d0200000, 0x00000007d0200000|100%|HC|  |TAMS 0x00000007d0000000, 0x00000007d0000000| Complete 
|1665|0x00000007d0200000, 0x00000007d0400000, 0x00000007d0400000|100%|HC|  |TAMS 0x00000007d0200000, 0x00000007d0200000| Complete 
|1666|0x00000007d0400000, 0x00000007d0600000, 0x00000007d0600000|100%|HC|  |TAMS 0x00000007d0400000, 0x00000007d0400000| Complete 
|1667|0x00000007d0600000, 0x00000007d0800000, 0x00000007d0800000|100%|HC|  |TAMS 0x00000007d0600000, 0x00000007d0600000| Complete 
|1668|0x00000007d0800000, 0x00000007d0a00000, 0x00000007d0a00000|100%|HC|  |TAMS 0x00000007d0800000, 0x00000007d0800000| Complete 
|1669|0x00000007d0a00000, 0x00000007d0c00000, 0x00000007d0c00000|100%|HC|  |TAMS 0x00000007d0a00000, 0x00000007d0a00000| Complete 
|1670|0x00000007d0c00000, 0x00000007d0e00000, 0x00000007d0e00000|100%|HC|  |TAMS 0x00000007d0c00000, 0x00000007d0c00000| Complete 
|1671|0x00000007d0e00000, 0x00000007d1000000, 0x00000007d1000000|100%|HC|  |TAMS 0x00000007d0e00000, 0x00000007d0e00000| Complete 
|1672|0x00000007d1000000, 0x00000007d1200000, 0x00000007d1200000|100%|HC|  |TAMS 0x00000007d1000000, 0x00000007d1000000| Complete 
|1673|0x00000007d1200000, 0x00000007d1400000, 0x00000007d1400000|100%|HC|  |TAMS 0x00000007d1200000, 0x00000007d1200000| Complete 
|1674|0x00000007d1400000, 0x00000007d1600000, 0x00000007d1600000|100%|HC|  |TAMS 0x00000007d1400000, 0x00000007d1400000| Complete 
|1675|0x00000007d1600000, 0x00000007d1800000, 0x00000007d1800000|100%|HC|  |TAMS 0x00000007d1600000, 0x00000007d1600000| Complete 
|1676|0x00000007d1800000, 0x00000007d1a00000, 0x00000007d1a00000|100%|HC|  |TAMS 0x00000007d1800000, 0x00000007d1800000| Complete 
|1677|0x00000007d1a00000, 0x00000007d1c00000, 0x00000007d1c00000|100%|HC|  |TAMS 0x00000007d1a00000, 0x00000007d1a00000| Complete 
|1678|0x00000007d1c00000, 0x00000007d1e00000, 0x00000007d1e00000|100%|HC|  |TAMS 0x00000007d1c00000, 0x00000007d1c00000| Complete 
|1679|0x00000007d1e00000, 0x00000007d2000000, 0x00000007d2000000|100%|HC|  |TAMS 0x00000007d1e00000, 0x00000007d1e00000| Complete 
|1680|0x00000007d2000000, 0x00000007d2200000, 0x00000007d2200000|100%|HC|  |TAMS 0x00000007d2000000, 0x00000007d2000000| Complete 
|1681|0x00000007d2200000, 0x00000007d2400000, 0x00000007d2400000|100%|HC|  |TAMS 0x00000007d2200000, 0x00000007d2200000| Complete 
|1682|0x00000007d2400000, 0x00000007d2600000, 0x00000007d2600000|100%|HC|  |TAMS 0x00000007d2400000, 0x00000007d2400000| Complete 
|1683|0x00000007d2600000, 0x00000007d2800000, 0x00000007d2800000|100%|HS|  |TAMS 0x00000007d2600000, 0x00000007d2600000| Complete 
|1684|0x00000007d2800000, 0x00000007d2a00000, 0x00000007d2a00000|100%|HC|  |TAMS 0x00000007d2800000, 0x00000007d2800000| Complete 
|1685|0x00000007d2a00000, 0x00000007d2c00000, 0x00000007d2c00000|100%|HC|  |TAMS 0x00000007d2a00000, 0x00000007d2a00000| Complete 
|1686|0x00000007d2c00000, 0x00000007d2e00000, 0x00000007d2e00000|100%|HC|  |TAMS 0x00000007d2c00000, 0x00000007d2c00000| Complete 
|1687|0x00000007d2e00000, 0x00000007d3000000, 0x00000007d3000000|100%|HC|  |TAMS 0x00000007d2e00000, 0x00000007d2e00000| Complete 
|1688|0x00000007d3000000, 0x00000007d3200000, 0x00000007d3200000|100%|HC|  |TAMS 0x00000007d3000000, 0x00000007d3000000| Complete 
|1689|0x00000007d3200000, 0x00000007d3400000, 0x00000007d3400000|100%|HC|  |TAMS 0x00000007d3200000, 0x00000007d3200000| Complete 
|1690|0x00000007d3400000, 0x00000007d3600000, 0x00000007d3600000|100%|HC|  |TAMS 0x00000007d3400000, 0x00000007d3400000| Complete 
|1691|0x00000007d3600000, 0x00000007d3800000, 0x00000007d3800000|100%|HC|  |TAMS 0x00000007d3600000, 0x00000007d3600000| Complete 
|1692|0x00000007d3800000, 0x00000007d3a00000, 0x00000007d3a00000|100%|HC|  |TAMS 0x00000007d3800000, 0x00000007d3800000| Complete 
|1693|0x00000007d3a00000, 0x00000007d3c00000, 0x00000007d3c00000|100%|HC|  |TAMS 0x00000007d3a00000, 0x00000007d3a00000| Complete 
|1694|0x00000007d3c00000, 0x00000007d3e00000, 0x00000007d3e00000|100%|HC|  |TAMS 0x00000007d3c00000, 0x00000007d3c00000| Complete 
|1695|0x00000007d3e00000, 0x00000007d4000000, 0x00000007d4000000|100%|HC|  |TAMS 0x00000007d3e00000, 0x00000007d3e00000| Complete 
|1696|0x00000007d4000000, 0x00000007d4200000, 0x00000007d4200000|100%|HC|  |TAMS 0x00000007d4000000, 0x00000007d4000000| Complete 
|1697|0x00000007d4200000, 0x00000007d4400000, 0x00000007d4400000|100%|HC|  |TAMS 0x00000007d4200000, 0x00000007d4200000| Complete 
|1698|0x00000007d4400000, 0x00000007d4600000, 0x00000007d4600000|100%|HC|  |TAMS 0x00000007d4400000, 0x00000007d4400000| Complete 
|1699|0x00000007d4600000, 0x00000007d4800000, 0x00000007d4800000|100%|HC|  |TAMS 0x00000007d4600000, 0x00000007d4600000| Complete 
|1700|0x00000007d4800000, 0x00000007d4a00000, 0x00000007d4a00000|100%|HC|  |TAMS 0x00000007d4800000, 0x00000007d4800000| Complete 
|1701|0x00000007d4a00000, 0x00000007d4c00000, 0x00000007d4c00000|100%|HC|  |TAMS 0x00000007d4a00000, 0x00000007d4a00000| Complete 
|1702|0x00000007d4c00000, 0x00000007d4e00000, 0x00000007d4e00000|100%|HC|  |TAMS 0x00000007d4c00000, 0x00000007d4c00000| Complete 
|1703|0x00000007d4e00000, 0x00000007d5000000, 0x00000007d5000000|100%|HC|  |TAMS 0x00000007d4e00000, 0x00000007d4e00000| Complete 
|1704|0x00000007d5000000, 0x00000007d5200000, 0x00000007d5200000|100%|HC|  |TAMS 0x00000007d5000000, 0x00000007d5000000| Complete 
|1705|0x00000007d5200000, 0x00000007d5400000, 0x00000007d5400000|100%|HC|  |TAMS 0x00000007d5200000, 0x00000007d5200000| Complete 
|1706|0x00000007d5400000, 0x00000007d5600000, 0x00000007d5600000|100%|HC|  |TAMS 0x00000007d5400000, 0x00000007d5400000| Complete 
|1707|0x00000007d5600000, 0x00000007d5800000, 0x00000007d5800000|100%|HC|  |TAMS 0x00000007d5600000, 0x00000007d5600000| Complete 
|1708|0x00000007d5800000, 0x00000007d5a00000, 0x00000007d5a00000|100%|HC|  |TAMS 0x00000007d5800000, 0x00000007d5800000| Complete 
|1709|0x00000007d5a00000, 0x00000007d5c00000, 0x00000007d5c00000|100%|HC|  |TAMS 0x00000007d5a00000, 0x00000007d5a00000| Complete 
|1710|0x00000007d5c00000, 0x00000007d5e00000, 0x00000007d5e00000|100%|HC|  |TAMS 0x00000007d5c00000, 0x00000007d5c00000| Complete 
|1711|0x00000007d5e00000, 0x00000007d6000000, 0x00000007d6000000|100%|HC|  |TAMS 0x00000007d5e00000, 0x00000007d5e00000| Complete 
|1712|0x00000007d6000000, 0x00000007d6200000, 0x00000007d6200000|100%|HC|  |TAMS 0x00000007d6000000, 0x00000007d6000000| Complete 
|1713|0x00000007d6200000, 0x00000007d6400000, 0x00000007d6400000|100%|HC|  |TAMS 0x00000007d6200000, 0x00000007d6200000| Complete 
|1714|0x00000007d6400000, 0x00000007d6600000, 0x00000007d6600000|100%|HC|  |TAMS 0x00000007d6400000, 0x00000007d6400000| Complete 
|1715|0x00000007d6600000, 0x00000007d6800000, 0x00000007d6800000|100%|HC|  |TAMS 0x00000007d6600000, 0x00000007d6600000| Complete 
|1716|0x00000007d6800000, 0x00000007d6a00000, 0x00000007d6a00000|100%|HC|  |TAMS 0x00000007d6800000, 0x00000007d6800000| Complete 
|1717|0x00000007d6a00000, 0x00000007d6c00000, 0x00000007d6c00000|100%|HC|  |TAMS 0x00000007d6a00000, 0x00000007d6a00000| Complete 
|1718|0x00000007d6c00000, 0x00000007d6e00000, 0x00000007d6e00000|100%|HC|  |TAMS 0x00000007d6c00000, 0x00000007d6c00000| Complete 
|1719|0x00000007d6e00000, 0x00000007d7000000, 0x00000007d7000000|100%|HC|  |TAMS 0x00000007d6e00000, 0x00000007d6e00000| Complete 
|1720|0x00000007d7000000, 0x00000007d7200000, 0x00000007d7200000|100%|HC|  |TAMS 0x00000007d7000000, 0x00000007d7000000| Complete 
|1721|0x00000007d7200000, 0x00000007d7400000, 0x00000007d7400000|100%|HC|  |TAMS 0x00000007d7200000, 0x00000007d7200000| Complete 
|1722|0x00000007d7400000, 0x00000007d7600000, 0x00000007d7600000|100%|HC|  |TAMS 0x00000007d7400000, 0x00000007d7400000| Complete 
|1723|0x00000007d7600000, 0x00000007d7800000, 0x00000007d7800000|100%|HC|  |TAMS 0x00000007d7600000, 0x00000007d7600000| Complete 
|1724|0x00000007d7800000, 0x00000007d7a00000, 0x00000007d7a00000|100%|HC|  |TAMS 0x00000007d7800000, 0x00000007d7800000| Complete 
|1725|0x00000007d7a00000, 0x00000007d7c00000, 0x00000007d7c00000|100%|HC|  |TAMS 0x00000007d7a00000, 0x00000007d7a00000| Complete 
|1726|0x00000007d7c00000, 0x00000007d7e00000, 0x00000007d7e00000|100%|HC|  |TAMS 0x00000007d7c00000, 0x00000007d7c00000| Complete 
|1727|0x00000007d7e00000, 0x00000007d8000000, 0x00000007d8000000|100%|HS|  |TAMS 0x00000007d7e00000, 0x00000007d7e00000| Complete 
|1728|0x00000007d8000000, 0x00000007d8200000, 0x00000007d8200000|100%|HC|  |TAMS 0x00000007d8000000, 0x00000007d8000000| Complete 
|1729|0x00000007d8200000, 0x00000007d8400000, 0x00000007d8400000|100%|HC|  |TAMS 0x00000007d8200000, 0x00000007d8200000| Complete 
|1730|0x00000007d8400000, 0x00000007d8600000, 0x00000007d8600000|100%|HC|  |TAMS 0x00000007d8400000, 0x00000007d8400000| Complete 
|1731|0x00000007d8600000, 0x00000007d8800000, 0x00000007d8800000|100%|HC|  |TAMS 0x00000007d8600000, 0x00000007d8600000| Complete 
|1732|0x00000007d8800000, 0x00000007d8a00000, 0x00000007d8a00000|100%|HC|  |TAMS 0x00000007d8800000, 0x00000007d8800000| Complete 
|1733|0x00000007d8a00000, 0x00000007d8c00000, 0x00000007d8c00000|100%|HC|  |TAMS 0x00000007d8a00000, 0x00000007d8a00000| Complete 
|1734|0x00000007d8c00000, 0x00000007d8e00000, 0x00000007d8e00000|100%|HC|  |TAMS 0x00000007d8c00000, 0x00000007d8c00000| Complete 
|1735|0x00000007d8e00000, 0x00000007d9000000, 0x00000007d9000000|100%|HC|  |TAMS 0x00000007d8e00000, 0x00000007d8e00000| Complete 
|1736|0x00000007d9000000, 0x00000007d9200000, 0x00000007d9200000|100%|HS|  |TAMS 0x00000007d9000000, 0x00000007d9000000| Complete 
|1737|0x00000007d9200000, 0x00000007d9400000, 0x00000007d9400000|100%|HC|  |TAMS 0x00000007d9200000, 0x00000007d9200000| Complete 
|1738|0x00000007d9400000, 0x00000007d9600000, 0x00000007d9600000|100%|HC|  |TAMS 0x00000007d9400000, 0x00000007d9400000| Complete 
|1739|0x00000007d9600000, 0x00000007d9800000, 0x00000007d9800000|100%|HC|  |TAMS 0x00000007d9600000, 0x00000007d9600000| Complete 
|1740|0x00000007d9800000, 0x00000007d9a00000, 0x00000007d9a00000|100%|HC|  |TAMS 0x00000007d9800000, 0x00000007d9800000| Complete 
|1741|0x00000007d9a00000, 0x00000007d9c00000, 0x00000007d9c00000|100%|HC|  |TAMS 0x00000007d9a00000, 0x00000007d9a00000| Complete 
|1742|0x00000007d9c00000, 0x00000007d9e00000, 0x00000007d9e00000|100%|HC|  |TAMS 0x00000007d9c00000, 0x00000007d9c00000| Complete 
|1743|0x00000007d9e00000, 0x00000007da000000, 0x00000007da000000|100%|HC|  |TAMS 0x00000007d9e00000, 0x00000007d9e00000| Complete 
|1744|0x00000007da000000, 0x00000007da200000, 0x00000007da200000|100%|HC|  |TAMS 0x00000007da000000, 0x00000007da000000| Complete 
|1745|0x00000007da200000, 0x00000007da400000, 0x00000007da400000|100%|HC|  |TAMS 0x00000007da200000, 0x00000007da200000| Complete 
|1746|0x00000007da400000, 0x00000007da600000, 0x00000007da600000|100%|HC|  |TAMS 0x00000007da400000, 0x00000007da400000| Complete 
|1747|0x00000007da600000, 0x00000007da800000, 0x00000007da800000|100%|HC|  |TAMS 0x00000007da600000, 0x00000007da600000| Complete 
|1748|0x00000007da800000, 0x00000007daa00000, 0x00000007daa00000|100%|HC|  |TAMS 0x00000007da800000, 0x00000007da800000| Complete 
|1749|0x00000007daa00000, 0x00000007dac00000, 0x00000007dac00000|100%|HC|  |TAMS 0x00000007daa00000, 0x00000007daa00000| Complete 
|1750|0x00000007dac00000, 0x00000007dae00000, 0x00000007dae00000|100%|HC|  |TAMS 0x00000007dac00000, 0x00000007dac00000| Complete 
|1751|0x00000007dae00000, 0x00000007db000000, 0x00000007db000000|100%|HC|  |TAMS 0x00000007dae00000, 0x00000007dae00000| Complete 
|1752|0x00000007db000000, 0x00000007db200000, 0x00000007db200000|100%|HC|  |TAMS 0x00000007db000000, 0x00000007db000000| Complete 
|1753|0x00000007db200000, 0x00000007db400000, 0x00000007db400000|100%|HS|  |TAMS 0x00000007db200000, 0x00000007db200000| Complete 
|1754|0x00000007db400000, 0x00000007db600000, 0x00000007db600000|100%|HC|  |TAMS 0x00000007db400000, 0x00000007db400000| Complete 
|1755|0x00000007db600000, 0x00000007db800000, 0x00000007db800000|100%|HC|  |TAMS 0x00000007db600000, 0x00000007db600000| Complete 
|1756|0x00000007db800000, 0x00000007dba00000, 0x00000007dba00000|100%|HC|  |TAMS 0x00000007db800000, 0x00000007db800000| Complete 
|1757|0x00000007dba00000, 0x00000007dbc00000, 0x00000007dbc00000|100%|HC|  |TAMS 0x00000007dba00000, 0x00000007dba00000| Complete 
|1758|0x00000007dbc00000, 0x00000007dbe00000, 0x00000007dbe00000|100%|HC|  |TAMS 0x00000007dbc00000, 0x00000007dbc00000| Complete 
|1759|0x00000007dbe00000, 0x00000007dc000000, 0x00000007dc000000|100%|HC|  |TAMS 0x00000007dbe00000, 0x00000007dbe00000| Complete 
|1760|0x00000007dc000000, 0x00000007dc200000, 0x00000007dc200000|100%|HC|  |TAMS 0x00000007dc000000, 0x00000007dc000000| Complete 
|1761|0x00000007dc200000, 0x00000007dc400000, 0x00000007dc400000|100%|HC|  |TAMS 0x00000007dc200000, 0x00000007dc200000| Complete 
|1762|0x00000007dc400000, 0x00000007dc600000, 0x00000007dc600000|100%|HC|  |TAMS 0x00000007dc400000, 0x00000007dc400000| Complete 
|1763|0x00000007dc600000, 0x00000007dc800000, 0x00000007dc800000|100%|HC|  |TAMS 0x00000007dc600000, 0x00000007dc600000| Complete 
|1764|0x00000007dc800000, 0x00000007dca00000, 0x00000007dca00000|100%|HC|  |TAMS 0x00000007dc800000, 0x00000007dc800000| Complete 
|1765|0x00000007dca00000, 0x00000007dcc00000, 0x00000007dcc00000|100%|HC|  |TAMS 0x00000007dca00000, 0x00000007dca00000| Complete 
|1766|0x00000007dcc00000, 0x00000007dce00000, 0x00000007dce00000|100%|HC|  |TAMS 0x00000007dcc00000, 0x00000007dcc00000| Complete 
|1767|0x00000007dce00000, 0x00000007dd000000, 0x00000007dd000000|100%|HC|  |TAMS 0x00000007dce00000, 0x00000007dce00000| Complete 
|1768|0x00000007dd000000, 0x00000007dd200000, 0x00000007dd200000|100%|HC|  |TAMS 0x00000007dd000000, 0x00000007dd000000| Complete 
|1769|0x00000007dd200000, 0x00000007dd400000, 0x00000007dd400000|100%|HC|  |TAMS 0x00000007dd200000, 0x00000007dd200000| Complete 
|1770|0x00000007dd400000, 0x00000007dd600000, 0x00000007dd600000|100%|HC|  |TAMS 0x00000007dd400000, 0x00000007dd400000| Complete 
|1771|0x00000007dd600000, 0x00000007dd800000, 0x00000007dd800000|100%|HC|  |TAMS 0x00000007dd600000, 0x00000007dd600000| Complete 
|1772|0x00000007dd800000, 0x00000007dda00000, 0x00000007dda00000|100%|HC|  |TAMS 0x00000007dd800000, 0x00000007dd800000| Complete 
|1773|0x00000007dda00000, 0x00000007ddc00000, 0x00000007ddc00000|100%|HC|  |TAMS 0x00000007dda00000, 0x00000007dda00000| Complete 
|1774|0x00000007ddc00000, 0x00000007dde00000, 0x00000007dde00000|100%|HC|  |TAMS 0x00000007ddc00000, 0x00000007ddc00000| Complete 
|1775|0x00000007dde00000, 0x00000007de000000, 0x00000007de000000|100%|HC|  |TAMS 0x00000007dde00000, 0x00000007dde00000| Complete 
|1776|0x00000007de000000, 0x00000007de200000, 0x00000007de200000|100%|HC|  |TAMS 0x00000007de000000, 0x00000007de000000| Complete 
|1777|0x00000007de200000, 0x00000007de400000, 0x00000007de400000|100%|HC|  |TAMS 0x00000007de200000, 0x00000007de200000| Complete 
|1778|0x00000007de400000, 0x00000007de600000, 0x00000007de600000|100%|HC|  |TAMS 0x00000007de400000, 0x00000007de400000| Complete 
|1779|0x00000007de600000, 0x00000007de800000, 0x00000007de800000|100%|HC|  |TAMS 0x00000007de600000, 0x00000007de600000| Complete 
|1780|0x00000007de800000, 0x00000007dea00000, 0x00000007dea00000|100%|HC|  |TAMS 0x00000007de800000, 0x00000007de800000| Complete 
|1781|0x00000007dea00000, 0x00000007dec00000, 0x00000007dec00000|100%|HC|  |TAMS 0x00000007dea00000, 0x00000007dea00000| Complete 
|1782|0x00000007dec00000, 0x00000007dee00000, 0x00000007dee00000|100%|HC|  |TAMS 0x00000007dec00000, 0x00000007dec00000| Complete 
|1783|0x00000007dee00000, 0x00000007df000000, 0x00000007df000000|100%|HC|  |TAMS 0x00000007dee00000, 0x00000007dee00000| Complete 
|1784|0x00000007df000000, 0x00000007df200000, 0x00000007df200000|100%|HC|  |TAMS 0x00000007df000000, 0x00000007df000000| Complete 
|1785|0x00000007df200000, 0x00000007df400000, 0x00000007df400000|100%|HC|  |TAMS 0x00000007df200000, 0x00000007df200000| Complete 
|1786|0x00000007df400000, 0x00000007df400000, 0x00000007df600000|  0%| F|  |TAMS 0x00000007df400000, 0x00000007df400000| Untracked 
|1787|0x00000007df600000, 0x00000007df600000, 0x00000007df800000|  0%| F|  |TAMS 0x00000007df600000, 0x00000007df600000| Untracked 
|1788|0x00000007df800000, 0x00000007df800000, 0x00000007dfa00000|  0%| F|  |TAMS 0x00000007df800000, 0x00000007df800000| Untracked 
|1789|0x00000007dfa00000, 0x00000007dfa00000, 0x00000007dfc00000|  0%| F|  |TAMS 0x00000007dfa00000, 0x00000007dfa00000| Untracked 
|1790|0x00000007dfc00000, 0x00000007dfc00000, 0x00000007dfe00000|  0%| F|  |TAMS 0x00000007dfc00000, 0x00000007dfc00000| Untracked 
|1791|0x00000007dfe00000, 0x00000007dfe00000, 0x00000007e0000000|  0%| F|  |TAMS 0x00000007dfe00000, 0x00000007dfe00000| Untracked 
|1792|0x00000007e0000000, 0x00000007e0000000, 0x00000007e0200000|  0%| F|  |TAMS 0x00000007e0000000, 0x00000007e0000000| Untracked 
|1793|0x00000007e0200000, 0x00000007e0200000, 0x00000007e0400000|  0%| F|  |TAMS 0x00000007e0200000, 0x00000007e0200000| Untracked 
|1794|0x00000007e0400000, 0x00000007e0400000, 0x00000007e0600000|  0%| F|  |TAMS 0x00000007e0400000, 0x00000007e0400000| Untracked 
|1795|0x00000007e0600000, 0x00000007e0600000, 0x00000007e0800000|  0%| F|  |TAMS 0x00000007e0600000, 0x00000007e0600000| Untracked 
|1796|0x00000007e0800000, 0x00000007e0800000, 0x00000007e0a00000|  0%| F|  |TAMS 0x00000007e0800000, 0x00000007e0800000| Untracked 
|1797|0x00000007e0a00000, 0x00000007e0a00000, 0x00000007e0c00000|  0%| F|  |TAMS 0x00000007e0a00000, 0x00000007e0a00000| Untracked 
|1798|0x00000007e0c00000, 0x00000007e0c00000, 0x00000007e0e00000|  0%| F|  |TAMS 0x00000007e0c00000, 0x00000007e0c00000| Untracked 
|1799|0x00000007e0e00000, 0x00000007e0e00000, 0x00000007e1000000|  0%| F|  |TAMS 0x00000007e0e00000, 0x00000007e0e00000| Untracked 
|1800|0x00000007e1000000, 0x00000007e1000000, 0x00000007e1200000|  0%| F|  |TAMS 0x00000007e1000000, 0x00000007e1000000| Untracked 

Card table byte_map: [0x0000021172700000,0x0000021172f00000] _byte_map_base: 0x000002116ef00000

Marking Bits (Prev, Next): (CMBitMap*) 0x0000021168636db0, (CMBitMap*) 0x0000021168636df0
 Prev Bits: [0x0000021173700000, 0x0000021177700000)
 Next Bits: [0x0000021177700000, 0x000002117b700000)

Polling page: 0x0000021168690000

Metaspace:

Usage:
  Non-class:    137.36 MB used.
      Class:     20.72 MB used.
       Both:    158.08 MB used.

Virtual space:
  Non-class space:      192.00 MB reserved,     140.06 MB ( 73%) committed,  3 nodes.
      Class space:        1.00 GB reserved,      22.38 MB (  2%) committed,  1 nodes.
             Both:        1.19 GB reserved,     162.44 MB ( 13%) committed. 

Chunk freelists:
   Non-Class:  5.51 MB
       Class:  10.12 MB
        Both:  15.63 MB

MaxMetaspaceSize: unlimited
CompressedClassSpaceSize: 1.00 GB
Initial GC threshold: 21.00 MB
Current GC threshold: 270.75 MB
CDS: on
MetaspaceReclaimPolicy: balanced
 - commit_granule_bytes: 65536.
 - commit_granule_words: 8192.
 - virtual_space_node_default_size: 8388608.
 - enlarge_chunks_in_place: 1.
 - new_chunks_are_fully_committed: 0.
 - uncommit_free_chunks: 1.
 - use_allocation_guard: 0.
 - handle_deallocations: 1.


Internal statistics:

num_allocs_failed_limit: 9.
num_arena_births: 3436.
num_arena_deaths: 280.
num_vsnodes_births: 4.
num_vsnodes_deaths: 0.
num_space_committed: 2598.
num_space_uncommitted: 1.
num_chunks_returned_to_freelist: 549.
num_chunks_taken_from_freelist: 11352.
num_chunk_merges: 137.
num_chunk_splits: 6995.
num_chunks_enlarged: 4050.
num_inconsistent_stats: 0.

CodeHeap 'non-profiled nmethods': size=120000Kb used=27534Kb max_used=27896Kb free=92465Kb
 bounds [0x0000021107ad0000, 0x0000021109620000, 0x000002110f000000]
CodeHeap 'profiled nmethods': size=120000Kb used=51307Kb max_used=52380Kb free=68692Kb
 bounds [0x0000021100000000, 0x0000021103340000, 0x0000021107530000]
CodeHeap 'non-nmethods': size=5760Kb used=2572Kb max_used=2673Kb free=3187Kb
 bounds [0x0000021107530000, 0x00000211077e0000, 0x0000021107ad0000]
 total_blobs=27281 nmethods=26159 adapters=1033
 compilation: enabled
              stopped_count=0, restarted_count=0
 full_count=0

Compilation events (20 events):
Event: 5275.964 Thread 0x000002117e1ccd60 34374       3       org.gradle.internal.jvm.Jvm::forHome (48 bytes)
Event: 5275.965 Thread 0x000002117e1ccd60 nmethod 34374 0x0000021101d2da90 code [0x0000021101d2dd60, 0x0000021101d2ecc8]
Event: 5278.206 Thread 0x000002117e1ccd60 34375       3       com.esotericsoftware.kryo.io.Output::writeVarLong (1304 bytes)
Event: 5278.208 Thread 0x000002117e1ccd60 nmethod 34375 0x0000021102423910 code [0x0000021102423c00, 0x0000021102424e88]
Event: 5280.496 Thread 0x000002117e1c8140 34376       4       java.time.LocalDate::create (190 bytes)
Event: 5280.498 Thread 0x000002117e1c8140 nmethod 34376 0x0000021109297510 code [0x00000211092976a0, 0x00000211092977b8]
Event: 5280.498 Thread 0x000002117e1c8140 34377       4       java.time.LocalDateTime::of (30 bytes)
Event: 5280.506 Thread 0x000002117e1c8140 nmethod 34377 0x0000021108b83e90 code [0x0000021108b84060, 0x0000021108b84678]
Event: 5280.506 Thread 0x000002117e1c8140 34378   !   4       java.util.zip.ZipUtils::dosToJavaTime (159 bytes)
Event: 5280.553 Thread 0x000002117e1c8140 nmethod 34378 0x0000021107e58210 code [0x0000021107e58480, 0x0000021107e59e70]
Event: 5280.553 Thread 0x000002117e1c8140 34379       4       java.util.zip.ZipUtils::extendedDosToJavaTime (12 bytes)
Event: 5280.553 Thread 0x000002117e1c8140 nmethod 34379 0x0000021108b3c190 code [0x0000021108b3c320, 0x0000021108b3c3a8]
Event: 5280.560 Thread 0x000002117e1c8140 34380       4       java.util.zip.ZipEntry::getTime (40 bytes)
Event: 5280.561 Thread 0x000002117e1c8140 nmethod 34380 0x0000021109447a90 code [0x0000021109447c20, 0x0000021109447d08]
Event: 5281.211 Thread 0x000002117e1ccd60 34381 % !   3       org.gradle.internal.hash.ChecksumHasher::hash @ 26 (98 bytes)
Event: 5281.214 Thread 0x000002117e1ccd60 nmethod 34381% 0x0000021100748010 code [0x0000021100748360, 0x0000021100749a68]
Event: 5281.231 Thread 0x000002117e1ccd60 34382   !   3       org.gradle.internal.hash.ChecksumHasher::hash (98 bytes)
Event: 5281.232 Thread 0x000002117e1ccd60 nmethod 34382 0x0000021102049a10 code [0x0000021102049d60, 0x000002110204b348]
Event: 5286.058 Thread 0x000002117e1ccd60 34383   !   3       org.gradle.launcher.daemon.registry.PersistentDaemonRegistry::getDaemonsMatching (104 bytes)
Event: 5286.071 Thread 0x000002117e1ccd60 nmethod 34383 0x000002110020ff10 code [0x0000021100210180, 0x0000021100210ee8]

GC Heap History (20 events):
Event: 5279.463 GC heap before
{Heap before GC invocations=94 (full 1):
 garbage-first heap   total 1052672K, used 708620K [0x0000000700000000, 0x0000000800000000)
  region size 2048K, 14 young (28672K), 10 survivors (20480K)
 Metaspace       used 163828K, committed 166400K, reserved 1245184K
  class space    used 21720K, committed 22912K, reserved 1048576K
}
Event: 5279.476 GC heap after
{Heap after GC invocations=95 (full 1):
 garbage-first heap   total 1052672K, used 646221K [0x0000000700000000, 0x0000000800000000)
  region size 2048K, 10 young (20480K), 10 survivors (20480K)
 Metaspace       used 163828K, committed 166400K, reserved 1245184K
  class space    used 21720K, committed 22912K, reserved 1048576K
}
Event: 5279.693 GC heap before
{Heap before GC invocations=95 (full 1):
 garbage-first heap   total 1052672K, used 752717K [0x0000000700000000, 0x0000000800000000)
  region size 2048K, 14 young (28672K), 10 survivors (20480K)
 Metaspace       used 163828K, committed 166400K, reserved 1245184K
  class space    used 21720K, committed 22912K, reserved 1048576K
}
Event: 5279.702 GC heap after
{Heap after GC invocations=96 (full 1):
 garbage-first heap   total 1052672K, used 681924K [0x0000000700000000, 0x0000000800000000)
  region size 2048K, 7 young (14336K), 7 survivors (14336K)
 Metaspace       used 163828K, committed 166400K, reserved 1245184K
  class space    used 21720K, committed 22912K, reserved 1048576K
}
Event: 5279.838 GC heap before
{Heap before GC invocations=96 (full 1):
 garbage-first heap   total 1052672K, used 759748K [0x0000000700000000, 0x0000000800000000)
  region size 2048K, 11 young (22528K), 7 survivors (14336K)
 Metaspace       used 163828K, committed 166400K, reserved 1245184K
  class space    used 21720K, committed 22912K, reserved 1048576K
}
Event: 5279.842 GC heap after
{Heap after GC invocations=97 (full 1):
 garbage-first heap   total 1052672K, used 690279K [0x0000000700000000, 0x0000000800000000)
  region size 2048K, 8 young (16384K), 8 survivors (16384K)
 Metaspace       used 163828K, committed 166400K, reserved 1245184K
  class space    used 21720K, committed 22912K, reserved 1048576K
}
Event: 5279.904 GC heap before
{Heap before GC invocations=97 (full 1):
 garbage-first heap   total 1052672K, used 751719K [0x0000000700000000, 0x0000000800000000)
  region size 2048K, 9 young (18432K), 8 survivors (16384K)
 Metaspace       used 163828K, committed 166400K, reserved 1245184K
  class space    used 21720K, committed 22912K, reserved 1048576K
}
Event: 5279.908 GC heap after
{Heap after GC invocations=98 (full 1):
 garbage-first heap   total 1052672K, used 695386K [0x0000000700000000, 0x0000000800000000)
  region size 2048K, 5 young (10240K), 5 survivors (10240K)
 Metaspace       used 163828K, committed 166400K, reserved 1245184K
  class space    used 21720K, committed 22912K, reserved 1048576K
}
Event: 5279.971 GC heap before
{Heap before GC invocations=98 (full 1):
 garbage-first heap   total 1052672K, used 726106K [0x0000000700000000, 0x0000000800000000)
  region size 2048K, 6 young (12288K), 5 survivors (10240K)
 Metaspace       used 163828K, committed 166400K, reserved 1245184K
  class space    used 21720K, committed 22912K, reserved 1048576K
}
Event: 5279.975 GC heap after
{Heap after GC invocations=99 (full 1):
 garbage-first heap   total 1181696K, used 704986K [0x0000000700000000, 0x0000000800000000)
  region size 2048K, 6 young (12288K), 6 survivors (12288K)
 Metaspace       used 163828K, committed 166400K, reserved 1245184K
  class space    used 21720K, committed 22912K, reserved 1048576K
}
Event: 5280.037 GC heap before
{Heap before GC invocations=99 (full 1):
 garbage-first heap   total 1181696K, used 741850K [0x0000000700000000, 0x0000000800000000)
  region size 2048K, 7 young (14336K), 6 survivors (12288K)
 Metaspace       used 163828K, committed 166400K, reserved 1245184K
  class space    used 21720K, committed 22912K, reserved 1048576K
}
Event: 5280.039 GC heap after
{Heap after GC invocations=100 (full 1):
 garbage-first heap   total 1181696K, used 715213K [0x0000000700000000, 0x0000000800000000)
  region size 2048K, 6 young (12288K), 6 survivors (12288K)
 Metaspace       used 163828K, committed 166400K, reserved 1245184K
  class space    used 21720K, committed 22912K, reserved 1048576K
}
Event: 5280.051 GC heap before
{Heap before GC invocations=100 (full 1):
 garbage-first heap   total 1181696K, used 725453K [0x0000000700000000, 0x0000000800000000)
  region size 2048K, 6 young (12288K), 6 survivors (12288K)
 Metaspace       used 163828K, committed 166400K, reserved 1245184K
  class space    used 21720K, committed 22912K, reserved 1048576K
}
Event: 5280.053 GC heap after
{Heap after GC invocations=101 (full 1):
 garbage-first heap   total 1181696K, used 717875K [0x0000000700000000, 0x0000000800000000)
  region size 2048K, 5 young (10240K), 5 survivors (10240K)
 Metaspace       used 163828K, committed 166400K, reserved 1245184K
  class space    used 21720K, committed 22912K, reserved 1048576K
}
Event: 5280.058 GC heap before
{Heap before GC invocations=101 (full 1):
 garbage-first heap   total 1181696K, used 726067K [0x0000000700000000, 0x0000000800000000)
  region size 2048K, 6 young (12288K), 5 survivors (10240K)
 Metaspace       used 163828K, committed 166400K, reserved 1245184K
  class space    used 21720K, committed 22912K, reserved 1048576K
}
Event: 5280.061 GC heap after
{Heap after GC invocations=102 (full 1):
 garbage-first heap   total 1181696K, used 717274K [0x0000000700000000, 0x0000000800000000)
  region size 2048K, 6 young (12288K), 6 survivors (12288K)
 Metaspace       used 163828K, committed 166400K, reserved 1245184K
  class space    used 21720K, committed 22912K, reserved 1048576K
}
Event: 5280.923 GC heap before
{Heap before GC invocations=102 (full 1):
 garbage-first heap   total 1181696K, used 1122778K [0x0000000700000000, 0x0000000800000000)
  region size 2048K, 83 young (169984K), 6 survivors (12288K)
 Metaspace       used 163828K, committed 166400K, reserved 1245184K
  class space    used 21720K, committed 22912K, reserved 1048576K
}
Event: 5280.931 GC heap after
{Heap after GC invocations=103 (full 1):
 garbage-first heap   total 1181696K, used 815507K [0x0000000700000000, 0x0000000800000000)
  region size 2048K, 16 young (32768K), 16 survivors (32768K)
 Metaspace       used 163828K, committed 166400K, reserved 1245184K
  class space    used 21720K, committed 22912K, reserved 1048576K
}
Event: 5285.959 GC heap before
{Heap before GC invocations=104 (full 1):
 garbage-first heap   total 2263040K, used 2218387K [0x0000000700000000, 0x0000000800000000)
  region size 2048K, 24 young (49152K), 16 survivors (32768K)
 Metaspace       used 161873K, committed 166336K, reserved 1245184K
  class space    used 21220K, committed 22912K, reserved 1048576K
}
Event: 5286.054 GC heap after
{Heap after GC invocations=105 (full 1):
 garbage-first heap   total 2263040K, used 1153277K [0x0000000700000000, 0x0000000800000000)
  region size 2048K, 1 young (2048K), 1 survivors (2048K)
 Metaspace       used 161873K, committed 166336K, reserved 1245184K
  class space    used 21220K, committed 22912K, reserved 1048576K
}

Deoptimization events (20 events):
Event: 5225.844 Thread 0x0000021155c4f110 Uncommon trap: trap_request=0xffffff45 fr.pc=0x0000021108792420 relative=0x0000000000000d40
Event: 5225.844 Thread 0x0000021155c4f110 Uncommon trap: reason=unstable_if action=reinterpret pc=0x0000021108792420 method=com.android.tools.build.jetifier.processor.transform.bytecode.asm.CustomRemapper.mapValue(Ljava/lang/Object;)Ljava/lang/Object; @ 54 c2
Event: 5225.844 Thread 0x0000021155c4f110 DEOPT PACKING pc=0x0000021108792420 sp=0x0000007dc00fb720
Event: 5225.844 Thread 0x0000021155c4f110 DEOPT UNPACKING pc=0x0000021107585ba3 sp=0x0000007dc00fb668 mode 2
Event: 5227.057 Thread 0x0000021155c4d7c0 Uncommon trap: trap_request=0xffffff45 fr.pc=0x0000021108d4334c relative=0x00000000000047ec
Event: 5227.057 Thread 0x0000021155c4d7c0 Uncommon trap: reason=unstable_if action=reinterpret pc=0x0000021108d4334c method=java.math.BigDecimal.setScale(II)Ljava/math/BigDecimal; @ 28 c2
Event: 5227.057 Thread 0x0000021155c4d7c0 DEOPT PACKING pc=0x0000021108d4334c sp=0x0000007dbfefd1a0
Event: 5227.057 Thread 0x0000021155c4d7c0 DEOPT UNPACKING pc=0x0000021107585ba3 sp=0x0000007dbfefcf30 mode 2
Event: 5230.659 Thread 0x0000021155c4f110 Uncommon trap: trap_request=0xffffffbe fr.pc=0x00000211086068b4 relative=0x0000000000001b14
Event: 5230.659 Thread 0x0000021155c4f110 Uncommon trap: reason=profile_predicate action=maybe_recompile pc=0x00000211086068b4 method=com.google.common.collect.MapMakerInternalMap$Segment.expand()V @ 59 c2
Event: 5230.659 Thread 0x0000021155c4f110 DEOPT PACKING pc=0x00000211086068b4 sp=0x0000007dc00fc260
Event: 5230.659 Thread 0x0000021155c4f110 DEOPT UNPACKING pc=0x0000021107585ba3 sp=0x0000007dc00fc208 mode 2
Event: 5230.670 Thread 0x0000021155c4f110 Uncommon trap: trap_request=0xffffffbe fr.pc=0x00000211086068b4 relative=0x0000000000001b14
Event: 5230.670 Thread 0x0000021155c4f110 Uncommon trap: reason=profile_predicate action=maybe_recompile pc=0x00000211086068b4 method=com.google.common.collect.MapMakerInternalMap$Segment.expand()V @ 59 c2
Event: 5230.670 Thread 0x0000021155c4f110 DEOPT PACKING pc=0x00000211086068b4 sp=0x0000007dc00fc4c0
Event: 5230.670 Thread 0x0000021155c4f110 DEOPT UNPACKING pc=0x0000021107585ba3 sp=0x0000007dc00fc468 mode 2
Event: 5278.060 Thread 0x0000021157008f60 Uncommon trap: trap_request=0xffffff45 fr.pc=0x00000211082b4a04 relative=0x0000000000001244
Event: 5278.060 Thread 0x0000021157008f60 Uncommon trap: reason=unstable_if action=reinterpret pc=0x00000211082b4a04 method=com.esotericsoftware.kryo.io.Output.writeVarLong(JZ)I @ 213 c2
Event: 5278.060 Thread 0x0000021157008f60 DEOPT PACKING pc=0x00000211082b4a04 sp=0x0000007dbe6fd310
Event: 5278.060 Thread 0x0000021157008f60 DEOPT UNPACKING pc=0x0000021107585ba3 sp=0x0000007dbe6fd300 mode 2

Classes unloaded (20 events):
Event: 5281.679 Thread 0x000002117e1a5460 Unloading class 0x0000021111314000 '_BuildScript_'
Event: 5281.679 Thread 0x000002117e1a5460 Unloading class 0x0000021111055bb8 '_BuildScript_$_run_closure1$_closure3$_closure6'
Event: 5281.679 Thread 0x000002117e1a5460 Unloading class 0x00000211110557d0 '_BuildScript_$_run_closure1$_closure3'
Event: 5281.679 Thread 0x000002117e1a5460 Unloading class 0x00000211110553e8 '_BuildScript_$_run_closure1$_closure2$_closure4$_closure5'
Event: 5281.680 Thread 0x000002117e1a5460 Unloading class 0x0000021111055000 '_BuildScript_$_run_closure1$_closure2$_closure4'
Event: 5281.680 Thread 0x000002117e1a5460 Unloading class 0x0000021111054908 '_BuildScript_$_run_closure1$_closure2'
Event: 5281.680 Thread 0x000002117e1a5460 Unloading class 0x0000021111054520 '_BuildScript_$_run_closure1'
Event: 5281.680 Thread 0x000002117e1a5460 Unloading class 0x0000021111054000 '_BuildScript_'
Event: 5281.680 Thread 0x000002117e1a5460 Unloading class 0x0000021110e42fa0 '_BuildScript_$_run_closure3'
Event: 5281.680 Thread 0x000002117e1a5460 Unloading class 0x0000021110e42bb8 '_BuildScript_$_run_closure2$_closure6$_closure10'
Event: 5281.680 Thread 0x000002117e1a5460 Unloading class 0x0000021110e427d0 '_BuildScript_$_run_closure2$_closure6$_closure9'
Event: 5281.680 Thread 0x000002117e1a5460 Unloading class 0x0000021110e423e8 '_BuildScript_$_run_closure2$_closure6'
Event: 5281.680 Thread 0x000002117e1a5460 Unloading class 0x0000021110e42000 '_BuildScript_$_run_closure2$_closure5$_closure8'
Event: 5281.680 Thread 0x000002117e1a5460 Unloading class 0x0000021110e41bb8 '_BuildScript_$_run_closure2$_closure5$_closure7'
Event: 5281.680 Thread 0x000002117e1a5460 Unloading class 0x0000021110e417d0 '_BuildScript_$_run_closure2$_closure5'
Event: 5281.680 Thread 0x000002117e1a5460 Unloading class 0x0000021110e413e8 '_BuildScript_$_run_closure2$_closure4'
Event: 5281.680 Thread 0x000002117e1a5460 Unloading class 0x0000021110e41000 '_BuildScript_$_run_closure2'
Event: 5281.680 Thread 0x000002117e1a5460 Unloading class 0x0000021110e40400 '_BuildScript_$_run_closure1'
Event: 5281.680 Thread 0x000002117e1a5460 Unloading class 0x0000021110e40800 '_BuildScript_'
Event: 5281.680 Thread 0x000002117e1a5460 Unloading class 0x0000021110e3d000 '_BuildScript_'

Classes redefined (0 events):
No events

Internal exceptions (20 events):
Event: 5224.922 Thread 0x0000021155c4ec00 Exception <a 'sun/nio/fs/WindowsException'{0x0000000737a9c3f0}> (0x0000000737a9c3f0) 
thrown [s\open\src\hotspot\share\prims\jni.cpp, line 516]
Event: 5224.933 Thread 0x000002115700b7e0 Exception <a 'sun/nio/fs/WindowsException'{0x00000007373dfb78}> (0x00000007373dfb78) 
thrown [s\open\src\hotspot\share\prims\jni.cpp, line 516]
Event: 5225.034 Thread 0x000002117f40a4a0 Exception <a 'sun/nio/fs/WindowsException'{0x00000007364dbbc0}> (0x00000007364dbbc0) 
thrown [s\open\src\hotspot\share\prims\jni.cpp, line 516]
Event: 5225.126 Thread 0x0000021155c4f110 Exception <a 'sun/nio/fs/WindowsException'{0x000000073589b0c0}> (0x000000073589b0c0) 
thrown [s\open\src\hotspot\share\prims\jni.cpp, line 516]
Event: 5225.160 Thread 0x000002117f40a4a0 Exception <a 'sun/nio/fs/WindowsException'{0x00000007357e4df0}> (0x00000007357e4df0) 
thrown [s\open\src\hotspot\share\prims\jni.cpp, line 516]
Event: 5225.209 Thread 0x0000021155c4f110 Exception <a 'sun/nio/fs/WindowsException'{0x00000007351e5560}> (0x00000007351e5560) 
thrown [s\open\src\hotspot\share\prims\jni.cpp, line 516]
Event: 5225.214 Thread 0x0000021155c4ec00 Exception <a 'sun/nio/fs/WindowsException'{0x0000000734b3b820}> (0x0000000734b3b820) 
thrown [s\open\src\hotspot\share\prims\jni.cpp, line 516]
Event: 5225.236 Thread 0x000002115700b7e0 Exception <a 'sun/nio/fs/WindowsException'{0x0000000733da2280}> (0x0000000733da2280) 
thrown [s\open\src\hotspot\share\prims\jni.cpp, line 516]
Event: 5225.266 Thread 0x0000021155c4f110 Exception <a 'sun/nio/fs/WindowsException'{0x000000073386a6a8}> (0x000000073386a6a8) 
thrown [s\open\src\hotspot\share\prims\jni.cpp, line 516]
Event: 5225.311 Thread 0x000002115700b7e0 Exception <a 'sun/nio/fs/WindowsException'{0x0000000733489408}> (0x0000000733489408) 
thrown [s\open\src\hotspot\share\prims\jni.cpp, line 516]
Event: 5225.401 Thread 0x0000021155c4e1e0 Exception <a 'sun/nio/fs/WindowsException'{0x000000073234c708}> (0x000000073234c708) 
thrown [s\open\src\hotspot\share\prims\jni.cpp, line 516]
Event: 5225.404 Thread 0x0000021155c4ec00 Exception <a 'sun/nio/fs/WindowsException'{0x0000000732078658}> (0x0000000732078658) 
thrown [s\open\src\hotspot\share\prims\jni.cpp, line 516]
Event: 5225.415 Thread 0x000002117f40a4a0 Exception <a 'sun/nio/fs/WindowsException'{0x00000007321a4998}> (0x00000007321a4998) 
thrown [s\open\src\hotspot\share\prims\jni.cpp, line 516]
Event: 5225.458 Thread 0x000002115700b7e0 Exception <a 'sun/nio/fs/WindowsException'{0x0000000730f89d98}> (0x0000000730f89d98) 
thrown [s\open\src\hotspot\share\prims\jni.cpp, line 516]
Event: 5225.463 Thread 0x0000021155c4f620 Exception <a 'sun/nio/fs/WindowsException'{0x00000007311bd6e8}> (0x00000007311bd6e8) 
thrown [s\open\src\hotspot\share\prims\jni.cpp, line 516]
Event: 5225.618 Thread 0x0000021155c4e1e0 Exception <a 'sun/nio/fs/WindowsException'{0x000000073fac7af0}> (0x000000073fac7af0) 
thrown [s\open\src\hotspot\share\prims\jni.cpp, line 516]
Event: 5225.825 Thread 0x0000021155c4f620 Exception <a 'sun/nio/fs/WindowsException'{0x00000007373371e0}> (0x00000007373371e0) 
thrown [s\open\src\hotspot\share\prims\jni.cpp, line 516]
Event: 5225.896 Thread 0x0000021155c4ec00 Exception <a 'sun/nio/fs/WindowsException'{0x00000007351f8cb0}> (0x00000007351f8cb0) 
thrown [s\open\src\hotspot\share\prims\jni.cpp, line 516]
Event: 5226.018 Thread 0x0000021155c4f110 Exception <a 'sun/nio/fs/WindowsException'{0x000000072f8bec48}> (0x000000072f8bec48) 
thrown [s\open\src\hotspot\share\prims\jni.cpp, line 516]
Event: 5291.984 Thread 0x0000021155c4d7c0 Exception <a 'sun/nio/fs/WindowsException'{0x000000077f8496c0}> (0x000000077f8496c0) 
thrown [s\open\src\hotspot\share\prims\jni.cpp, line 516]

VM Operations (20 events):
Event: 5279.971 Executing VM operation: G1TryInitiateConcMark
Event: 5279.975 Executing VM operation: G1TryInitiateConcMark done
Event: 5280.037 Executing VM operation: G1TryInitiateConcMark
Event: 5280.039 Executing VM operation: G1TryInitiateConcMark done
Event: 5280.050 Executing VM operation: G1TryInitiateConcMark
Event: 5280.053 Executing VM operation: G1TryInitiateConcMark done
Event: 5280.058 Executing VM operation: G1TryInitiateConcMark
Event: 5280.061 Executing VM operation: G1TryInitiateConcMark done
Event: 5280.923 Executing VM operation: G1CollectForAllocation
Event: 5280.931 Executing VM operation: G1CollectForAllocation done
Event: 5281.667 Executing VM operation: G1Concurrent
Event: 5282.082 Executing VM operation: G1Concurrent done
Event: 5282.543 Executing VM operation: G1Concurrent
Event: 5282.739 Executing VM operation: G1Concurrent done
Event: 5285.882 Executing VM operation: G1CollectForAllocation
Event: 5286.054 Executing VM operation: G1CollectForAllocation done
Event: 5291.845 Executing VM operation: HandshakeAllThreads
Event: 5291.922 Executing VM operation: HandshakeAllThreads done
Event: 5292.926 Executing VM operation: Cleanup
Event: 5292.926 Executing VM operation: Cleanup done

Events (20 events):
Event: 5230.396 Thread 0x000002117e1db700 flushing nmethod 0x0000021102d07290
Event: 5230.397 Thread 0x000002117e1db700 flushing nmethod 0x0000021102e70d10
Event: 5230.397 Thread 0x000002117e1db700 flushing nmethod 0x0000021102e73f90
Event: 5230.397 Thread 0x000002117e1db700 flushing nmethod 0x0000021102eb1390
Event: 5230.397 Thread 0x000002117e1db700 flushing nmethod 0x0000021102eccc10
Event: 5230.397 Thread 0x000002117e1db700 flushing nmethod 0x0000021102f25890
Event: 5230.398 Thread 0x000002117e1db700 flushing nmethod 0x0000021103012710
Event: 5230.398 Thread 0x000002117e1db700 flushing nmethod 0x00000211030bb410
Event: 5230.399 Thread 0x000002117e1db700 flushing nmethod 0x000002110317ff10
Event: 5230.399 Thread 0x000002117e1db700 flushing nmethod 0x00000211031ce690
Event: 5230.399 Thread 0x000002117e1db700 flushing nmethod 0x000002110325fe90
Event: 5230.399 Thread 0x000002117e1db700 flushing nmethod 0x000002110327b490
Event: 5230.399 Thread 0x000002117e1db700 flushing nmethod 0x0000021103286d10
Event: 5230.399 Thread 0x000002117e1db700 flushing nmethod 0x000002110328d790
Event: 5230.399 Thread 0x000002117e1db700 flushing nmethod 0x00000211032a7790
Event: 5230.399 Thread 0x000002117e1db700 flushing nmethod 0x00000211032ade10
Event: 5246.965 Thread 0x000002117f37b3e0 Thread exited: 0x000002117f37b3e0
Event: 5275.204 Thread 0x000002115f2f2880 Thread exited: 0x000002115f2f2880
Event: 5275.204 Thread 0x000002115f2f41d0 Thread exited: 0x000002115f2f41d0
Event: 5275.204 Thread 0x000002115f2f5100 Thread exited: 0x000002115f2f5100


Dynamic libraries:
0x00007ff7cad40000 - 0x00007ff7cad50000 	C:\Program Files\Java\jdk-17\bin\java.exe
0x00007ff94f580000 - 0x00007ff94f7e7000 	C:\WINDOWS\SYSTEM32\ntdll.dll
0x00007ff94dd10000 - 0x00007ff94dddb000 	C:\WINDOWS\System32\KERNEL32.DLL
0x00007ff94c9a0000 - 0x00007ff94cda1000 	C:\WINDOWS\System32\KERNELBASE.dll
0x00007ff94c840000 - 0x00007ff94c98c000 	C:\WINDOWS\System32\ucrtbase.dll
0x00007ff88f5e0000 - 0x00007ff88f5f9000 	C:\Program Files\Java\jdk-17\bin\jli.dll
0x00007ff94da30000 - 0x00007ff94daeb000 	C:\WINDOWS\System32\ADVAPI32.dll
0x00007ff94deb0000 - 0x00007ff94df59000 	C:\WINDOWS\System32\msvcrt.dll
0x00007ff94eae0000 - 0x00007ff94eb88000 	C:\WINDOWS\System32\sechost.dll
0x00007ff88f600000 - 0x00007ff88f61b000 	C:\Program Files\Java\jdk-17\bin\VCRUNTIME140.dll
0x00007ff94d910000 - 0x00007ff94da28000 	C:\WINDOWS\System32\RPCRT4.dll
0x00007ff94d2b0000 - 0x00007ff94d487000 	C:\WINDOWS\System32\USER32.dll
0x00007ff94cdb0000 - 0x00007ff94cdd7000 	C:\WINDOWS\System32\win32u.dll
0x00007ff94d4e0000 - 0x00007ff94d50b000 	C:\WINDOWS\System32\GDI32.dll
0x00007ff94d030000 - 0x00007ff94d158000 	C:\WINDOWS\System32\gdi32full.dll
0x00007ff94d160000 - 0x00007ff94d203000 	C:\WINDOWS\System32\msvcp_win.dll
0x00007ff930bc0000 - 0x00007ff930e50000 	C:\WINDOWS\WinSxS\amd64_microsoft.windows.common-controls_6595b64144ccf1df_6.0.26100.9549_none_3e0a0396e3330090\COMCTL32.dll
0x00007ff949ef0000 - 0x00007ff949efb000 	C:\WINDOWS\SYSTEM32\VERSION.dll
0x00007ff94daf0000 - 0x00007ff94db21000 	C:\WINDOWS\System32\IMM32.DLL
0x00007ff8a8c00000 - 0x00007ff8a8c0c000 	C:\Program Files\Java\jdk-17\bin\vcruntime140_1.dll
0x00007ff88f550000 - 0x00007ff88f5de000 	C:\Program Files\Java\jdk-17\bin\msvcp140.dll
0x00007ff88e430000 - 0x00007ff88f010000 	C:\Program Files\Java\jdk-17\bin\server\jvm.dll
0x00007ff94d2a0000 - 0x00007ff94d2a8000 	C:\WINDOWS\System32\PSAPI.DLL
0x00007ff8a8770000 - 0x00007ff8a877a000 	C:\WINDOWS\SYSTEM32\WSOCK32.dll
0x00007ff94dba0000 - 0x00007ff94dc21000 	C:\WINDOWS\System32\WS2_32.dll
0x00007ff942ef0000 - 0x00007ff942f27000 	C:\WINDOWS\SYSTEM32\WINMM.dll
0x00007ff94b420000 - 0x00007ff94b43b000 	C:\WINDOWS\SYSTEM32\kernel.appcore.dll
0x00007ff8a8390000 - 0x00007ff8a839a000 	C:\Program Files\Java\jdk-17\bin\jimage.dll
0x00007ff947010000 - 0x00007ff94725c000 	C:\WINDOWS\SYSTEM32\DBGHELP.DLL
0x00007ff94e400000 - 0x00007ff94e78a000 	C:\WINDOWS\System32\combase.dll
0x00007ff94dc30000 - 0x00007ff94dd09000 	C:\WINDOWS\System32\OLEAUT32.dll
0x00007ff91fc40000 - 0x00007ff91fc7b000 	C:\WINDOWS\SYSTEM32\dbgcore.DLL
0x00007ff94c780000 - 0x00007ff94c82c000 	C:\WINDOWS\System32\bcryptPrimitives.dll
0x00007ff88f370000 - 0x00007ff88f37e000 	C:\Program Files\Java\jdk-17\bin\instrument.dll
0x00007ff88f520000 - 0x00007ff88f545000 	C:\Program Files\Java\jdk-17\bin\java.dll
0x00007ff88f440000 - 0x00007ff88f517000 	C:\Program Files\Java\jdk-17\bin\jsvml.dll
0x00007ff94ebe0000 - 0x00007ff94f37c000 	C:\WINDOWS\System32\SHELL32.dll
0x00007ff94a1e0000 - 0x00007ff94aa8d000 	C:\WINDOWS\SYSTEM32\windows.storage.dll
0x00007ff94d690000 - 0x00007ff94d789000 	C:\WINDOWS\System32\SHCORE.dll
0x00007ff94db30000 - 0x00007ff94db96000 	C:\WINDOWS\System32\shlwapi.dll
0x00007ff94c690000 - 0x00007ff94c6b9000 	C:\WINDOWS\SYSTEM32\profapi.dll
0x00007ff88f3e0000 - 0x00007ff88f3f8000 	C:\Program Files\Java\jdk-17\bin\zip.dll
0x00007ff88f420000 - 0x00007ff88f439000 	C:\Program Files\Java\jdk-17\bin\net.dll
0x00007ff9457d0000 - 0x00007ff9458fa000 	C:\WINDOWS\SYSTEM32\WINHTTP.dll
0x00007ff94b9e0000 - 0x00007ff94ba4c000 	C:\WINDOWS\system32\mswsock.dll
0x00007ff88f400000 - 0x00007ff88f416000 	C:\Program Files\Java\jdk-17\bin\nio.dll
0x00007ff8a0170000 - 0x00007ff8a0180000 	C:\Program Files\Java\jdk-17\bin\verify.dll
0x00007ff946bd0000 - 0x00007ff946bf7000 	C:\Users\GRIEESH\.gradle\native\c067742578af261105cb4f569cf0c3c89f3d7b1fecec35dd04571415982c5e48\windows-amd64\native-platform.dll
0x00007ff919210000 - 0x00007ff919354000 	C:\Users\GRIEESH\.gradle\native\100fb08df4bc3b14c8652ba06237920a3bd2aa13389f12d3474272988ae205f9\windows-amd64\native-platform-file-events.dll
0x00007ff88f3d0000 - 0x00007ff88f3da000 	C:\Program Files\Java\jdk-17\bin\management.dll
0x00007ff88f3c0000 - 0x00007ff88f3cb000 	C:\Program Files\Java\jdk-17\bin\management_ext.dll
0x00007ff94bcd0000 - 0x00007ff94bceb000 	C:\WINDOWS\SYSTEM32\CRYPTSP.dll
0x00007ff94b380000 - 0x00007ff94b3b9000 	C:\WINDOWS\system32\rsaenh.dll
0x00007ff94ba90000 - 0x00007ff94bac4000 	C:\WINDOWS\SYSTEM32\USERENV.dll
0x00007ff94c660000 - 0x00007ff94c68a000 	C:\WINDOWS\SYSTEM32\bcrypt.dll
0x00007ff94bcf0000 - 0x00007ff94bcfc000 	C:\WINDOWS\SYSTEM32\CRYPTBASE.dll
0x00007ff94af40000 - 0x00007ff94af73000 	C:\WINDOWS\SYSTEM32\IPHLPAPI.DLL
0x00007ff94dea0000 - 0x00007ff94deaa000 	C:\WINDOWS\System32\NSI.dll
0x00007ff946ab0000 - 0x00007ff946ace000 	C:\WINDOWS\SYSTEM32\dhcpcsvc6.DLL
0x00007ff9469d0000 - 0x00007ff9469f5000 	C:\WINDOWS\SYSTEM32\dhcpcsvc.DLL
0x00007ff94af80000 - 0x00007ff94b0d8000 	C:\WINDOWS\SYSTEM32\DNSAPI.dll
0x00007ff94b7c0000 - 0x00007ff94b7cd000 	C:\WINDOWS\SYSTEM32\DSPARSE.dll
0x00007ff88f1f0000 - 0x00007ff88f1fe000 	C:\Program Files\Java\jdk-17\bin\sunmscapi.dll
0x00007ff94cde0000 - 0x00007ff94cf5f000 	C:\WINDOWS\System32\CRYPT32.dll
0x00007ff94bf30000 - 0x00007ff94bf60000 	C:\WINDOWS\SYSTEM32\ncrypt.dll
0x00007ff94bee0000 - 0x00007ff94bf1f000 	C:\WINDOWS\SYSTEM32\NTASN1.dll
0x00007ff8e2fb0000 - 0x00007ff8e2fb8000 	C:\WINDOWS\system32\wshunix.dll
0x00007ff942d20000 - 0x00007ff942d2b000 	C:\Windows\System32\rasadhlp.dll
0x00007ff946b10000 - 0x00007ff946b96000 	C:\WINDOWS\System32\fwpuclnt.dll
0x00007ff8ce290000 - 0x00007ff8ce2a8000 	C:\WINDOWS\system32\napinsp.dll
0x00007ff8ce4a0000 - 0x00007ff8ce4b3000 	C:\WINDOWS\System32\winrnr.dll
0x00007ff8ce420000 - 0x00007ff8ce447000 	C:\WINDOWS\system32\nlansp_c.dll
0x00007ff90f890000 - 0x00007ff90f8a6000 	C:\WINDOWS\system32\wshbth.dll
0x00007ff9485d0000 - 0x00007ff9485d7000 	C:\Program Files\Java\jdk-17\bin\rmi.dll
0x00007ff94b550000 - 0x00007ff94b586000 	C:\WINDOWS\SYSTEM32\ntmarta.dll
0x00007ff946c30000 - 0x00007ff946c71000 	C:\Users\GRIEESH\AppData\Local\Temp\jna-1005383859\jna4100850302580826208.dll

dbghelp: loaded successfully - version: 4.0.5 - missing functions: none
symbol engine: initialized successfully - sym options: 0x614 - pdb path: .;C:\Program Files\Java\jdk-17\bin;C:\WINDOWS\SYSTEM32;C:\WINDOWS\WinSxS\amd64_microsoft.windows.common-controls_6595b64144ccf1df_6.0.26100.9549_none_3e0a0396e3330090;C:\Program Files\Java\jdk-17\bin\server;C:\Users\GRIEESH\.gradle\native\c067742578af261105cb4f569cf0c3c89f3d7b1fecec35dd04571415982c5e48\windows-amd64;C:\Users\GRIEESH\.gradle\native\100fb08df4bc3b14c8652ba06237920a3bd2aa13389f12d3474272988ae205f9\windows-amd64;C:\Users\GRIEESH\AppData\Local\Temp\jna-1005383859

VM Arguments:
jvm_args: --add-opens=java.base/java.util=ALL-UNNAMED --add-opens=java.base/java.lang=ALL-UNNAMED --add-opens=java.base/java.lang.invoke=ALL-UNNAMED --add-opens=java.prefs/java.util.prefs=ALL-UNNAMED --add-exports=jdk.compiler/com.sun.tools.javac.api=ALL-UNNAMED --add-exports=jdk.compiler/com.sun.tools.javac.util=ALL-UNNAMED --add-opens=java.base/java.nio.charset=ALL-UNNAMED --add-opens=java.base/java.net=ALL-UNNAMED --add-opens=java.base/java.util.concurrent.atomic=ALL-UNNAMED -Xmx4096m -Dfile.encoding=UTF-8 -Duser.country=IN -Duser.language=en -Duser.variant -javaagent:C:\Users\GRIEESH\.gradle\wrapper\dists\gradle-8.10.2-all\7iv73wktx1xtkvlq19urqw1wm\gradle-8.10.2\lib\agents\gradle-instrumentation-agent-8.10.2.jar 
java_command: org.gradle.launcher.daemon.bootstrap.GradleDaemon 8.10.2
java_class_path (initial): C:\Users\GRIEESH\.gradle\wrapper\dists\gradle-8.10.2-all\7iv73wktx1xtkvlq19urqw1wm\gradle-8.10.2\lib\gradle-daemon-main-8.10.2.jar
Launcher Type: SUN_STANDARD

[Global flags]
     intx CICompilerCount                          = 4                                         {product} {ergonomic}
     uint ConcGCThreads                            = 2                                         {product} {ergonomic}
     uint G1ConcRefinementThreads                  = 8                                         {product} {ergonomic}
   size_t G1HeapRegionSize                         = 2097152                                   {product} {ergonomic}
    uintx GCDrainStackTargetSize                   = 64                                        {product} {ergonomic}
   size_t InitialHeapSize                          = 130023424                                 {product} {ergonomic}
   size_t MarkStackSize                            = 4194304                                   {product} {ergonomic}
   size_t MaxHeapSize                              = 4294967296                                {product} {command line}
   size_t MaxNewSize                               = 2575302656                                {product} {ergonomic}
   size_t MinHeapDeltaBytes                        = 2097152                                   {product} {ergonomic}
   size_t MinHeapSize                              = 8388608                                   {product} {ergonomic}
    uintx NonNMethodCodeHeapSize                   = 5839372                                {pd product} {ergonomic}
    uintx NonProfiledCodeHeapSize                  = 122909434                              {pd product} {ergonomic}
    uintx ProfiledCodeHeapSize                     = 122909434                              {pd product} {ergonomic}
    uintx ReservedCodeCacheSize                    = 251658240                              {pd product} {ergonomic}
     bool SegmentedCodeCache                       = true                                      {product} {ergonomic}
   size_t SoftMaxHeapSize                          = 4294967296                             {manageable} {ergonomic}
     bool UseCompressedClassPointers               = true                           {product lp64_product} {ergonomic}
     bool UseCompressedOops                        = true                           {product lp64_product} {ergonomic}
     bool UseG1GC                                  = true                                      {product} {ergonomic}
     bool UseLargePagesIndividualAllocation        = false                                  {pd product} {ergonomic}

Logging:
Log output configuration:
 #0: stdout all=warning uptime,level,tags
 #1: stderr all=off uptime,level,tags

Environment Variables:
JAVA_HOME=C:\Program Files\Java\jdk-17
CLASSPATH=D:\React_native\mv_food_app\android\\gradle\wrapper\gradle-wrapper.jar
PATH=D:\React_native\mv_food_app\node_modules\.bin;D:\React_native\mv_food_app\node_modules\.bin;D:\React_native\node_modules\.bin;D:\node_modules\.bin;C:\Program Files\nodejs\node_modules\npm\node_modules\@npmcli\run-script\lib\node-gyp-bin;c:\Users\GRIEESH\AppData\Roaming\Code\User\globalStorage\github.copilot-chat\debugCommand;c:\Users\GRIEESH\AppData\Roaming\Code\User\globalStorage\github.copilot-chat\copilotCli;C:\Program Files\Java\jdk-17;C:\Program Files\Common Files\Oracle\Java\javapath;C:\WINDOWS\system32;C:\WINDOWS;C:\WINDOWS\System32\Wbem;C:\WINDOWS\System32\WindowsPowerShell\v1.0\;C:\WINDOWS\System32\OpenSSH\;C:\Program Files\Java\jdk1.8.0_301\bin;C:\Program Files\nodejs\;D:\Android\sdk\platform-tools;C:\Program Files\Git\cmd;C:\Users\GRIEESH\AppData\Local\Programs\Python\Python37-32\Scripts\;C:\Users\GRIEESH\AppData\Local\Programs\Python\Python37-32\;C:\Users\GRIEESH\AppData\Local\Microsoft\WindowsApps;C:\Users\GRIEESH\AppData\Local\Programs\Microsoft VS Code\bin;C:\Users\GRIEESH\AppData\Roaming\npm;D:\Android\sdk\platform-tools;C:\Users\GRIEESH\AppData\Local\GitHubDesktop\bin;D:\Kiro\bin;D:\cursor\resources\app\bin
USERNAME=GRIEESH
LANG=en_US.UTF-8
OS=Windows_NT
PROCESSOR_IDENTIFIER=Intel64 Family 6 Model 140 Stepping 2, GenuineIntel



---------------  S Y S T E M  ---------------

OS:
 Windows 11 , 64 bit Build 26100 (10.0.26100.9549)
OS uptime: 0 days 1:49 hours

CPU: total 8 (initial active 8) (4 cores per cpu, 2 threads per core) family 6 model 140 stepping 2 microcode 0x34, cx8, cmov, fxsr, ht, mmx, 3dnowpref, sse, sse2, sse3, ssse3, sse4.1, sse4.2, popcnt, lzcnt, tsc, tscinvbit, avx, avx2, aes, erms, clmul, bmi1, bmi2, adx, avx512f, avx512dq, avx512cd, avx512bw, avx512vl, sha, fma, vzeroupper, avx512_vpopcntdq, avx512_vpclmulqdq, avx512_vaes, avx512_vnni, clflush, clflushopt, clwb, avx512_vbmi2, avx512_vbmi

Memory: 4k page, system-wide physical 7834M (666M free)
TotalPageFile size 25142M (AvailPageFile size 9M)
current process WorkingSet (physical memory assigned to process): 1359M, peak: 1839M
current process commit charge ("private bytes"): 4261M, peak: 4263M

vm_info: Java HotSpot(TM) 64-Bit Server VM (17.0.12+8-LTS-286) for windows-amd64 JRE (17.0.12+8-LTS-286), built on Jun  5 2024 06:46:59 by "mach5one" with MS VC++ 17.6 (VS2022)

END.
