#
# There is insufficient memory for the Java Runtime Environment to continue.
# Native memory allocation (malloc) failed to allocate 1058096 bytes for Chunk::new
# Possible reasons:
#   The system is out of physical RAM or swap space
#   The process is running with CompressedOops enabled, and the Java Heap may be blocking the growth of the native heap
# Possible solutions:
#   Reduce memory load on the system
#   Increase physical memory or swap space
#   Check if swap backing store is full
#   Decrease Java heap size (-Xmx/-Xms)
#   Decrease number of Java threads
#   Decrease Java thread stack sizes (-Xss)
#   Set larger code cache with -XX:ReservedCodeCacheSize=
#   JVM is running with Zero Based Compressed Oops mode in which the Java heap is
#     placed in the first 32GB address space. The Java Heap base address is the
#     maximum limit for the native heap growth. Please use -XX:HeapBaseMinAddress
#     to set the Java Heap base and to place the Java Heap above 32GB virtual address.
# This output file may be truncated or incomplete.
#
#  Out of Memory Error (arena.cpp:189), pid=2580, tid=12604
#
# JRE version: Java(TM) SE Runtime Environment (17.0.12+8) (build 17.0.12+8-LTS-286)
# Java VM: Java HotSpot(TM) 64-Bit Server VM (17.0.12+8-LTS-286, mixed mode, sharing, tiered, compressed oops, compressed class ptrs, g1 gc, windows-amd64)
# No core dump will be written. Minidumps are not enabled by default on client versions of Windows
#

---------------  S U M M A R Y ------------

Command Line: --add-opens=java.base/java.util=ALL-UNNAMED --add-opens=java.base/java.lang=ALL-UNNAMED --add-opens=java.base/java.lang.invoke=ALL-UNNAMED --add-opens=java.prefs/java.util.prefs=ALL-UNNAMED --add-exports=jdk.compiler/com.sun.tools.javac.api=ALL-UNNAMED --add-exports=jdk.compiler/com.sun.tools.javac.util=ALL-UNNAMED --add-opens=java.base/java.nio.charset=ALL-UNNAMED --add-opens=java.base/java.net=ALL-UNNAMED --add-opens=java.base/java.util.concurrent.atomic=ALL-UNNAMED -Xmx4096m -Dfile.encoding=UTF-8 -Duser.country=IN -Duser.language=en -Duser.variant -javaagent:C:\Users\GRIEESH\.gradle\wrapper\dists\gradle-8.10.2-all\7iv73wktx1xtkvlq19urqw1wm\gradle-8.10.2\lib\agents\gradle-instrumentation-agent-8.10.2.jar org.gradle.launcher.daemon.bootstrap.GradleDaemon 8.10.2

Host: 11th Gen Intel(R) Core(TM) i5-1155G7 @ 2.50GHz, 8 cores, 7G,  Windows 11 , 64 bit Build 26100 (10.0.26100.9549)
Time: Sat Oct  3 15:10:26 2026 India Standard Time elapsed time: 7493.975270 seconds (0d 2h 4m 53s)

---------------  T H R E A D  ---------------

Current thread (0x000002dc4d6bf040):  JavaThread "C2 CompilerThread0" daemon [_thread_in_native, id=12604, stack(0x000000fd97000000,0x000000fd97100000)]


Current CompileTask:
C2:7494042 82315       4       java.lang.invoke.MethodHandleImpl::makePairwiseConvertByEditor (627 bytes)

Stack: [0x000000fd97000000,0x000000fd97100000]
Native frames: (J=compiled Java code, j=interpreted, Vv=VM code, C=native code)
V  [jvm.dll+0x67a04a]
V  [jvm.dll+0x7da4ed]
V  [jvm.dll+0x7dbe33]
V  [jvm.dll+0x7dc4a3]
V  [jvm.dll+0x24508f]
V  [jvm.dll+0xab773]
V  [jvm.dll+0xabd3c]
V  [jvm.dll+0x2aa52f]
V  [jvm.dll+0x581eb9]
V  [jvm.dll+0x21f422]
V  [jvm.dll+0x21f81f]
V  [jvm.dll+0x218aa0]
V  [jvm.dll+0x215b65]
V  [jvm.dll+0x1a2960]
V  [jvm.dll+0x22610b]
V  [jvm.dll+0x2242ab]
V  [jvm.dll+0x79075c]
V  [jvm.dll+0x78abea]
V  [jvm.dll+0x678f35]
C  [ucrtbase.dll+0x2cd30]
C  [KERNEL32.DLL+0x2cdf7]
C  [ntdll.dll+0x7ee4c]


---------------  P R O C E S S  ---------------

Threads class SMR info:
_java_thread_list=0x000002dcb547a390, length=162, elements={
0x000002dc2aa86c20, 0x000002dc4d6a6970, 0x000002dc4d6a7530, 0x000002dc4d6b8440,
0x000002dc4d6baf10, 0x000002dc4d6bb8d0, 0x000002dc4d6be2a0, 0x000002dc4d6bf040,
0x000002dc4d6bfaf0, 0x000002dc4d6cd130, 0x000002dc4d690650, 0x000002dc4dc26130,
0x000002dc946dbec0, 0x000002dc93472a60, 0x000002dc93d35950, 0x000002dc94e0aef0,
0x000002dc94e09090, 0x000002dc94e095a0, 0x000002dc94e0a9e0, 0x000002dc973d3dd0,
0x000002dc973d5210, 0x000002dc973d47f0, 0x000002dc96295d90, 0x000002dc96342c30,
0x000002dc9633f990, 0x000002dc96345ed0, 0x000002dc96344fa0, 0x000002dc96344580,
0x000002dc969213c0, 0x000002dc969218d0, 0x000002dc9f1c0bc0, 0x000002dc98b8e2f0,
0x000002dc98b8ceb0, 0x000002dc998255b0, 0x000002dc981feea0, 0x000002dc998bf630,
0x000002dc998bfb40, 0x000002dc9790a2b0, 0x000002dc9790acd0, 0x000002dc97909da0,
0x000002dc9790b1e0, 0x000002dc9790c110, 0x000002dc9790c620, 0x000002dc9790b6f0,
0x000002dc9790bc00, 0x000002dc99825ac0, 0x000002dc99825fd0, 0x000002dc998264e0,
0x000002dc93656110, 0x000002dc93657040, 0x000002dc93655c00, 0x000002dc93656620,
0x000002dc936551e0, 0x000002dc93654cd0, 0x000002dc93658480, 0x000002dc93657a60,
0x000002dc93657f70, 0x000002dc977b05e0, 0x000002dc977afbc0, 0x000002dc9790cb30,
0x000002dc97909890, 0x000002dc99abdac0, 0x000002dca2fba0e0, 0x000002dca2fbc450,
0x000002dc977b00d0, 0x000002dc998c1130, 0x000002dca200aa50, 0x000002dca2009610,
0x000002dca2009b20, 0x000002dca200b980, 0x000002dca200a030, 0x000002dca200b470,
0x000002dc981fd550, 0x000002dc982002e0, 0x000002dc981fe480, 0x000002dc9895f810,
0x000002dc9895cf90, 0x000002dc9895f300, 0x000002dc9895c060, 0x000002dc9895d9b0,
0x000002dc93656b30, 0x000002dc9968c3e0, 0x000002dc9968a070, 0x000002dc9968c8f0,
0x000002dc981ff3b0, 0x000002dc981ff8c0, 0x000002dc981ffdd0, 0x000002dc981fda60,
0x000002dcac641a80, 0x000002dc93657550, 0x000002dca147d4b0, 0x000002dca147d9c0,
0x000002dca147c580, 0x000002dca147ca90, 0x000002dca147c070, 0x000002dca147cfa0,
0x000002dc998c1640, 0x000002dc998c2a80, 0x000002dc962a37f0, 0x000002dc962a23b0,
0x000002dc981fe990, 0x000002dc982007f0, 0x000002dc98912a80, 0x000002dc962a28c0,
0x000002dc962a2dd0, 0x000002dc962a3d00, 0x000002dc962a32e0, 0x000002dc93efd260,
0x000002dc93eff5d0, 0x000002dc93efc330, 0x000002dc9895dec0, 0x000002dc9895c570,
0x000002dc9895ca80, 0x000002dc9895d4a0, 0x000002dc9895e3d0, 0x000002dc9895e8e0,
0x000002dc9895edf0, 0x000002dc98912570, 0x000002dc989134a0, 0x000002dc989139b0,
0x000002dc98912f90, 0x000002dc98912060, 0x000002dc4dd9e300, 0x000002dc4dd9ba80,
0x000002dc4dd9c4a0, 0x000002dc4dd9cec0, 0x000002dc4dd9ddf0, 0x000002dc4dd9d3d0,
0x000002dc4dd9e810, 0x000002dc4dd9b570, 0x000002dc4dd9d8e0, 0x000002dcac643df0,
0x000002dcac641f90, 0x000002dcac644300, 0x000002dcac6429b0, 0x000002dcac6438e0,
0x000002dcac642ec0, 0x000002dc4dd9bf90, 0x000002dcac641060, 0x000002dca20081d0,
0x000002dcac641570, 0x000002dc998c0050, 0x000002dca33c43a0, 0x000002dca33c3e90,
0x000002dca33c52d0, 0x000002dc93efc840, 0x000002dc93efcd50, 0x000002dcb56efd10,
0x000002dca2fb9bd0, 0x000002dc955caec0, 0x000002dc98200d00, 0x000002dc955c9570,
0x000002dc955c9a80, 0x000002dca4bae330, 0x000002dcb56ef800, 0x000002dcb56f1660,
0x000002dca2009100, 0x000002dcb56ef2f0, 0x000002dcb56ee3c0, 0x000002dc955cb3d0,
0x000002dc955c9060, 0x000002dc955cc300
}

Java Threads: ( => current thread )
  0x000002dc2aa86c20 JavaThread "main" [_thread_blocked, id=9368, stack(0x000000fd96300000,0x000000fd96400000)]
  0x000002dc4d6a6970 JavaThread "Reference Handler" daemon [_thread_blocked, id=15212, stack(0x000000fd96a00000,0x000000fd96b00000)]
  0x000002dc4d6a7530 JavaThread "Finalizer" daemon [_thread_blocked, id=14896, stack(0x000000fd96b00000,0x000000fd96c00000)]
  0x000002dc4d6b8440 JavaThread "Signal Dispatcher" daemon [_thread_blocked, id=12684, stack(0x000000fd96c00000,0x000000fd96d00000)]
  0x000002dc4d6baf10 JavaThread "Attach Listener" daemon [_thread_blocked, id=10876, stack(0x000000fd96d00000,0x000000fd96e00000)]
  0x000002dc4d6bb8d0 JavaThread "Service Thread" daemon [_thread_blocked, id=1508, stack(0x000000fd96e00000,0x000000fd96f00000)]
  0x000002dc4d6be2a0 JavaThread "Monitor Deflation Thread" daemon [_thread_blocked, id=14272, stack(0x000000fd96f00000,0x000000fd97000000)]
=>0x000002dc4d6bf040 JavaThread "C2 CompilerThread0" daemon [_thread_in_native, id=12604, stack(0x000000fd97000000,0x000000fd97100000)]
  0x000002dc4d6bfaf0 JavaThread "C1 CompilerThread0" daemon [_thread_blocked, id=3796, stack(0x000000fd97100000,0x000000fd97200000)]
  0x000002dc4d6cd130 JavaThread "Sweeper thread" daemon [_thread_blocked, id=14956, stack(0x000000fd97200000,0x000000fd97300000)]
  0x000002dc4d690650 JavaThread "Common-Cleaner" daemon [_thread_blocked, id=3808, stack(0x000000fd97300000,0x000000fd97400000)]
  0x000002dc4dc26130 JavaThread "Notification Thread" daemon [_thread_blocked, id=1828, stack(0x000000fd97400000,0x000000fd97500000)]
  0x000002dc946dbec0 JavaThread "Daemon health stats" [_thread_blocked, id=4844, stack(0x000000fd97c00000,0x000000fd97d00000)]
  0x000002dc93472a60 JavaThread "Incoming local TCP Connector on port 13944" [_thread_in_native, id=2144, stack(0x000000fd97d00000,0x000000fd97e00000)]
  0x000002dc93d35950 JavaThread "Daemon periodic checks" [_thread_blocked, id=10728, stack(0x000000fd97e00000,0x000000fd97f00000)]
  0x000002dc94e0aef0 JavaThread "Cache worker for journal cache (C:\Users\GRIEESH\.gradle\caches\journal-1)" [_thread_blocked, id=2596, stack(0x000000fd98600000,0x000000fd98700000)]
  0x000002dc94e09090 JavaThread "File lock request listener" [_thread_in_native, id=2692, stack(0x000000fd98700000,0x000000fd98800000)]
  0x000002dc94e095a0 JavaThread "Cache worker for file hash cache (C:\Users\GRIEESH\.gradle\caches\8.10.2\fileHashes)" [_thread_blocked, id=8368, stack(0x000000fd98800000,0x000000fd98900000)]
  0x000002dc94e0a9e0 JavaThread "File watcher server" daemon [_thread_in_native, id=12240, stack(0x000000fd98e00000,0x000000fd98f00000)]
  0x000002dc973d3dd0 JavaThread "File watcher consumer" daemon [_thread_blocked, id=5844, stack(0x000000fd98f00000,0x000000fd99000000)]
  0x000002dc973d5210 JavaThread "Cache worker for file content cache (C:\Users\GRIEESH\.gradle\caches\8.10.2\fileContent)" [_thread_blocked, id=7076, stack(0x000000fd99100000,0x000000fd99200000)]
  0x000002dc973d47f0 JavaThread "jar transforms" [_thread_blocked, id=16136, stack(0x000000fd99700000,0x000000fd99800000)]
  0x000002dc96295d90 JavaThread "Memory manager" [_thread_blocked, id=18832, stack(0x000000fd97700000,0x000000fd97800000)]
  0x000002dc96342c30 JavaThread "jar transforms Thread 2" [_thread_blocked, id=19336, stack(0x000000fd9f900000,0x000000fd9fa00000)]
  0x000002dc9633f990 JavaThread "jar transforms Thread 3" [_thread_blocked, id=19116, stack(0x000000fd9f800000,0x000000fd9f900000)]
  0x000002dc96345ed0 JavaThread "jar transforms Thread 4" [_thread_blocked, id=19276, stack(0x000000fd9fe00000,0x000000fd9ff00000)]
  0x000002dc96344fa0 JavaThread "jar transforms Thread 5" [_thread_blocked, id=18664, stack(0x000000fd9ff00000,0x000000fda0000000)]
  0x000002dc96344580 JavaThread "jar transforms Thread 6" [_thread_blocked, id=18492, stack(0x000000fda0000000,0x000000fda0100000)]
  0x000002dc969213c0 JavaThread "jar transforms Thread 7" [_thread_blocked, id=17496, stack(0x000000fda0200000,0x000000fda0300000)]
  0x000002dc969218d0 JavaThread "jar transforms Thread 8" [_thread_blocked, id=5228, stack(0x000000fda0300000,0x000000fda0400000)]
  0x000002dc9f1c0bc0 JavaThread "Cache worker for Java compile cache (C:\Users\GRIEESH\.gradle\caches\8.10.2\javaCompile)" [_thread_blocked, id=20628, stack(0x000000fda0a00000,0x000000fda0b00000)]
  0x000002dc98b8e2f0 JavaThread "RMI Scheduler(0)" daemon [_thread_blocked, id=21256, stack(0x000000fda1000000,0x000000fda1100000)]
  0x000002dc98b8ceb0 JavaThread "RMI TCP Accept-0" daemon [_thread_in_native, id=20704, stack(0x000000fda2400000,0x000000fda2500000)]
  0x000002dc998255b0 JavaThread "Daemon Thread 3" [_thread_blocked, id=12484, stack(0x000000fd96100000,0x000000fd96200000)]
  0x000002dc981feea0 JavaThread "Handler for socket connection from /127.0.0.1:13944 to /127.0.0.1:5773" [_thread_in_native, id=24180, stack(0x000000fd96200000,0x000000fd96300000)]
  0x000002dc998bf630 JavaThread "Cancel handler" [_thread_blocked, id=26128, stack(0x000000fd97f00000,0x000000fd98000000)]
  0x000002dc998bfb40 JavaThread "Daemon worker Thread 3" [_thread_blocked, id=12712, stack(0x000000fd98000000,0x000000fd98100000)]
  0x000002dc9790a2b0 JavaThread "Asynchronous log dispatcher for DefaultDaemonConnection: socket connection from /127.0.0.1:13944 to /127.0.0.1:5773" [_thread_blocked, id=21728, stack(0x000000fd98100000,0x000000fd98200000)]
  0x000002dc9790acd0 JavaThread "Stdin handler" [_thread_blocked, id=23968, stack(0x000000fd98200000,0x000000fd98300000)]
  0x000002dc97909da0 JavaThread "Daemon client event forwarder" [_thread_blocked, id=24968, stack(0x000000fd98300000,0x000000fd98400000)]
  0x000002dc9790b1e0 JavaThread "Cache worker for file hash cache (D:\React_native\mv_food_app\android\.gradle\8.10.2\fileHashes)" [_thread_blocked, id=16844, stack(0x000000fd98400000,0x000000fd98500000)]
  0x000002dc9790c110 JavaThread "Cache worker for Build Output Cleanup Cache (D:\React_native\mv_food_app\android\.gradle\buildOutputCleanup)" [_thread_blocked, id=17216, stack(0x000000fd98500000,0x000000fd98600000)]
  0x000002dc9790c620 JavaThread "Cache worker for checksums cache (D:\React_native\mv_food_app\android\.gradle\8.10.2\checksums)" [_thread_blocked, id=9624, stack(0x000000fd98b00000,0x000000fd98c00000)]
  0x000002dc9790b6f0 JavaThread "Cache worker for cache directory md-rule (C:\Users\GRIEESH\.gradle\caches\8.10.2\md-rule)" [_thread_blocked, id=12752, stack(0x000000fd98c00000,0x000000fd98d00000)]
  0x000002dc9790bc00 JavaThread "Cache worker for cache directory md-supplier (C:\Users\GRIEESH\.gradle\caches\8.10.2\md-supplier)" [_thread_blocked, id=25264, stack(0x000000fd99000000,0x000000fd99100000)]
  0x000002dc99825ac0 JavaThread "Cache worker for Build Output Cleanup Cache (D:\React_native\mv_food_app\node_modules\@react-native\gradle-plugin\.gradle\buildOutputCleanup)" [_thread_blocked, id=15652, stack(0x000000fd99200000,0x000000fd99300000)]
  0x000002dc99825fd0 JavaThread "Unconstrained build operations" [_thread_blocked, id=9532, stack(0x000000fd99300000,0x000000fd99400000)]
  0x000002dc998264e0 JavaThread "Unconstrained build operations Thread 2" [_thread_blocked, id=23036, stack(0x000000fd99600000,0x000000fd99700000)]
  0x000002dc93656110 JavaThread "Unconstrained build operations Thread 3" [_thread_blocked, id=10916, stack(0x000000fd99800000,0x000000fd99900000)]
  0x000002dc93657040 JavaThread "Unconstrained build operations Thread 4" [_thread_blocked, id=2040, stack(0x000000fd99900000,0x000000fd99a00000)]
  0x000002dc93655c00 JavaThread "Unconstrained build operations Thread 5" [_thread_blocked, id=3596, stack(0x000000fd99a00000,0x000000fd99b00000)]
  0x000002dc93656620 JavaThread "Unconstrained build operations Thread 6" [_thread_blocked, id=18704, stack(0x000000fd99b00000,0x000000fd99c00000)]
  0x000002dc936551e0 JavaThread "Unconstrained build operations Thread 7" [_thread_blocked, id=11856, stack(0x000000fd99c00000,0x000000fd99d00000)]
  0x000002dc93654cd0 JavaThread "Unconstrained build operations Thread 8" [_thread_blocked, id=21436, stack(0x000000fd99d00000,0x000000fd99e00000)]
  0x000002dc93658480 JavaThread "Unconstrained build operations Thread 9" [_thread_blocked, id=4252, stack(0x000000fd99e00000,0x000000fd99f00000)]
  0x000002dc93657a60 JavaThread "Unconstrained build operations Thread 10" [_thread_blocked, id=2680, stack(0x000000fd99f00000,0x000000fd9a000000)]
  0x000002dc93657f70 JavaThread "Unconstrained build operations Thread 11" [_thread_blocked, id=26388, stack(0x000000fd9a000000,0x000000fd9a100000)]
  0x000002dc977b05e0 JavaThread "Unconstrained build operations Thread 12" [_thread_blocked, id=22948, stack(0x000000fd9a100000,0x000000fd9a200000)]
  0x000002dc977afbc0 JavaThread "Unconstrained build operations Thread 13" [_thread_blocked, id=25464, stack(0x000000fd9a200000,0x000000fd9a300000)]
  0x000002dc9790cb30 JavaThread "Unconstrained build operations Thread 14" [_thread_blocked, id=16584, stack(0x000000fd9a300000,0x000000fd9a400000)]
  0x000002dc97909890 JavaThread "Unconstrained build operations Thread 15" [_thread_blocked, id=22248, stack(0x000000fd9a400000,0x000000fd9a500000)]
  0x000002dc99abdac0 JavaThread "Unconstrained build operations Thread 16" [_thread_blocked, id=21400, stack(0x000000fd9a500000,0x000000fd9a600000)]
  0x000002dca2fba0e0 JavaThread "Unconstrained build operations Thread 17" [_thread_blocked, id=8092, stack(0x000000fd9a600000,0x000000fd9a700000)]
  0x000002dca2fbc450 JavaThread "Unconstrained build operations Thread 18" [_thread_blocked, id=26216, stack(0x000000fd9a700000,0x000000fd9a800000)]
  0x000002dc977b00d0 JavaThread "build event listener" [_thread_blocked, id=20876, stack(0x000000fd9a800000,0x000000fd9a900000)]
  0x000002dc998c1130 JavaThread "included builds" [_thread_blocked, id=25720, stack(0x000000fd9b100000,0x000000fd9b200000)]
  0x000002dca200aa50 JavaThread "Execution worker" [_thread_blocked, id=24356, stack(0x000000fd9b200000,0x000000fd9b300000)]
  0x000002dca2009610 JavaThread "Execution worker Thread 2" [_thread_blocked, id=6484, stack(0x000000fd9b300000,0x000000fd9b400000)]
  0x000002dca2009b20 JavaThread "Execution worker Thread 3" [_thread_blocked, id=23168, stack(0x000000fd9b400000,0x000000fd9b500000)]
  0x000002dca200b980 JavaThread "Execution worker Thread 4" [_thread_blocked, id=12800, stack(0x000000fd9b500000,0x000000fd9b600000)]
  0x000002dca200a030 JavaThread "Execution worker Thread 5" [_thread_blocked, id=11160, stack(0x000000fd9b700000,0x000000fd9b800000)]
  0x000002dca200b470 JavaThread "Execution worker Thread 6" [_thread_blocked, id=9708, stack(0x000000fd9b800000,0x000000fd9b900000)]
  0x000002dc981fd550 JavaThread "Execution worker Thread 7" [_thread_blocked, id=23720, stack(0x000000fd9b900000,0x000000fd9ba00000)]
  0x000002dc982002e0 JavaThread "Cache worker for execution history cache (D:\React_native\mv_food_app\node_modules\@react-native\gradle-plugin\.gradle\8.10.2\executionHistory)" [_thread_blocked, id=26124, stack(0x000000fd9ba00000,0x000000fd9bb00000)]
  0x000002dc981fe480 JavaThread "Unconstrained build operations Thread 19" [_thread_blocked, id=20892, stack(0x000000fd9bb00000,0x000000fd9bc00000)]
  0x000002dc9895f810 JavaThread "Unconstrained build operations Thread 20" [_thread_blocked, id=25452, stack(0x000000fd9bc00000,0x000000fd9bd00000)]
  0x000002dc9895cf90 JavaThread "Unconstrained build operations Thread 21" [_thread_blocked, id=24956, stack(0x000000fd9bd00000,0x000000fd9be00000)]
  0x000002dc9895f300 JavaThread "Unconstrained build operations Thread 22" [_thread_blocked, id=17916, stack(0x000000fd9be00000,0x000000fd9bf00000)]
  0x000002dc9895c060 JavaThread "Unconstrained build operations Thread 23" [_thread_blocked, id=25184, stack(0x000000fd9bf00000,0x000000fd9c000000)]
  0x000002dc9895d9b0 JavaThread "Unconstrained build operations Thread 24" [_thread_blocked, id=26272, stack(0x000000fd9c000000,0x000000fd9c100000)]
  0x000002dc93656b30 JavaThread "Unconstrained build operations Thread 25" [_thread_blocked, id=27476, stack(0x000000fd9c100000,0x000000fd9c200000)]
  0x000002dc9968c3e0 JavaThread "Unconstrained build operations Thread 26" [_thread_blocked, id=14528, stack(0x000000fd9c200000,0x000000fd9c300000)]
  0x000002dc9968a070 JavaThread "Unconstrained build operations Thread 27" [_thread_blocked, id=21632, stack(0x000000fd9c300000,0x000000fd9c400000)]
  0x000002dc9968c8f0 JavaThread "Unconstrained build operations Thread 28" [_thread_blocked, id=23092, stack(0x000000fd9c400000,0x000000fd9c500000)]
  0x000002dc981ff3b0 JavaThread "Unconstrained build operations Thread 29" [_thread_blocked, id=16456, stack(0x000000fd9c500000,0x000000fd9c600000)]
  0x000002dc981ff8c0 JavaThread "Unconstrained build operations Thread 30" [_thread_blocked, id=22288, stack(0x000000fd9c600000,0x000000fd9c700000)]
  0x000002dc981ffdd0 JavaThread "Unconstrained build operations Thread 31" [_thread_blocked, id=25572, stack(0x000000fd9c700000,0x000000fd9c800000)]
  0x000002dc981fda60 JavaThread "Unconstrained build operations Thread 32" [_thread_blocked, id=4476, stack(0x000000fd9c800000,0x000000fd9c900000)]
  0x000002dcac641a80 JavaThread "Unconstrained build operations Thread 33" [_thread_blocked, id=24012, stack(0x000000fd9c900000,0x000000fd9ca00000)]
  0x000002dc93657550 JavaThread "Unconstrained build operations Thread 34" [_thread_blocked, id=22012, stack(0x000000fd9ca00000,0x000000fd9cb00000)]
  0x000002dca147d4b0 JavaThread "Unconstrained build operations Thread 35" [_thread_blocked, id=25356, stack(0x000000fd9cb00000,0x000000fd9cc00000)]
  0x000002dca147d9c0 JavaThread "Unconstrained build operations Thread 36" [_thread_blocked, id=15468, stack(0x000000fd9cc00000,0x000000fd9cd00000)]
  0x000002dca147c580 JavaThread "Unconstrained build operations Thread 37" [_thread_blocked, id=24528, stack(0x000000fd9cd00000,0x000000fd9ce00000)]
  0x000002dca147ca90 JavaThread "Unconstrained build operations Thread 38" [_thread_blocked, id=1304, stack(0x000000fd9ce00000,0x000000fd9cf00000)]
  0x000002dca147c070 JavaThread "Unconstrained build operations Thread 39" [_thread_blocked, id=13288, stack(0x000000fd9cf00000,0x000000fd9d000000)]
  0x000002dca147cfa0 JavaThread "Unconstrained build operations Thread 40" [_thread_blocked, id=27256, stack(0x000000fd9d000000,0x000000fd9d100000)]
  0x000002dc998c1640 JavaThread "Unconstrained build operations Thread 41" [_thread_blocked, id=8908, stack(0x000000fd9d100000,0x000000fd9d200000)]
  0x000002dc998c2a80 JavaThread "Unconstrained build operations Thread 42" [_thread_blocked, id=23128, stack(0x000000fd9d200000,0x000000fd9d300000)]
  0x000002dc962a37f0 JavaThread "Unconstrained build operations Thread 43" [_thread_blocked, id=1292, stack(0x000000fd9d300000,0x000000fd9d400000)]
  0x000002dc962a23b0 JavaThread "Unconstrained build operations Thread 44" [_thread_blocked, id=16700, stack(0x000000fd9d400000,0x000000fd9d500000)]
  0x000002dc981fe990 JavaThread "Unconstrained build operations Thread 45" [_thread_blocked, id=24552, stack(0x000000fd9d500000,0x000000fd9d600000)]
  0x000002dc982007f0 JavaThread "Unconstrained build operations Thread 46" [_thread_blocked, id=12912, stack(0x000000fd9d600000,0x000000fd9d700000)]
  0x000002dc98912a80 JavaThread "Unconstrained build operations Thread 47" [_thread_blocked, id=6180, stack(0x000000fd9d700000,0x000000fd9d800000)]
  0x000002dc962a28c0 JavaThread "Unconstrained build operations Thread 48" [_thread_blocked, id=10328, stack(0x000000fd9a900000,0x000000fd9aa00000)]
  0x000002dc962a2dd0 JavaThread "Unconstrained build operations Thread 49" [_thread_blocked, id=27140, stack(0x000000fd9d800000,0x000000fd9d900000)]
  0x000002dc962a3d00 JavaThread "Unconstrained build operations Thread 50" [_thread_blocked, id=25336, stack(0x000000fd9d900000,0x000000fd9da00000)]
  0x000002dc962a32e0 JavaThread "Unconstrained build operations Thread 51" [_thread_blocked, id=22212, stack(0x000000fd9da00000,0x000000fd9db00000)]
  0x000002dc93efd260 JavaThread "Unconstrained build operations Thread 52" [_thread_blocked, id=23916, stack(0x000000fd9db00000,0x000000fd9dc00000)]
  0x000002dc93eff5d0 JavaThread "Unconstrained build operations Thread 53" [_thread_blocked, id=10572, stack(0x000000fd9dc00000,0x000000fd9dd00000)]
  0x000002dc93efc330 JavaThread "Unconstrained build operations Thread 54" [_thread_blocked, id=25072, stack(0x000000fd9dd00000,0x000000fd9de00000)]
  0x000002dc9895dec0 JavaThread "Unconstrained build operations Thread 55" [_thread_blocked, id=2616, stack(0x000000fd9de00000,0x000000fd9df00000)]
  0x000002dc9895c570 JavaThread "Unconstrained build operations Thread 56" [_thread_blocked, id=21800, stack(0x000000fd9df00000,0x000000fd9e000000)]
  0x000002dc9895ca80 JavaThread "Unconstrained build operations Thread 57" [_thread_blocked, id=24836, stack(0x000000fd9e000000,0x000000fd9e100000)]
  0x000002dc9895d4a0 JavaThread "Unconstrained build operations Thread 58" [_thread_blocked, id=19164, stack(0x000000fd9e100000,0x000000fd9e200000)]
  0x000002dc9895e3d0 JavaThread "Unconstrained build operations Thread 59" [_thread_blocked, id=17688, stack(0x000000fd9e200000,0x000000fd9e300000)]
  0x000002dc9895e8e0 JavaThread "Unconstrained build operations Thread 60" [_thread_blocked, id=25724, stack(0x000000fd9e300000,0x000000fd9e400000)]
  0x000002dc9895edf0 JavaThread "Unconstrained build operations Thread 61" [_thread_blocked, id=18804, stack(0x000000fd9e400000,0x000000fd9e500000)]
  0x000002dc98912570 JavaThread "Unconstrained build operations Thread 62" [_thread_blocked, id=21060, stack(0x000000fd9e500000,0x000000fd9e600000)]
  0x000002dc989134a0 JavaThread "Unconstrained build operations Thread 63" [_thread_blocked, id=22908, stack(0x000000fd9e600000,0x000000fd9e700000)]
  0x000002dc989139b0 JavaThread "Unconstrained build operations Thread 64" [_thread_blocked, id=22992, stack(0x000000fd9e700000,0x000000fd9e800000)]
  0x000002dc98912f90 JavaThread "Unconstrained build operations Thread 65" [_thread_blocked, id=27136, stack(0x000000fd9e800000,0x000000fd9e900000)]
  0x000002dc98912060 JavaThread "Unconstrained build operations Thread 66" [_thread_blocked, id=27468, stack(0x000000fd9e900000,0x000000fd9ea00000)]
  0x000002dc4dd9e300 JavaThread "Unconstrained build operations Thread 67" [_thread_blocked, id=22300, stack(0x000000fd9ea00000,0x000000fd9eb00000)]
  0x000002dc4dd9ba80 JavaThread "Unconstrained build operations Thread 68" [_thread_blocked, id=5820, stack(0x000000fd9eb00000,0x000000fd9ec00000)]
  0x000002dc4dd9c4a0 JavaThread "build event listener" [_thread_blocked, id=26892, stack(0x000000fd9ec00000,0x000000fd9ed00000)]
  0x000002dc4dd9cec0 JavaThread "Unconstrained build operations Thread 69" [_thread_blocked, id=26164, stack(0x000000fd9ee00000,0x000000fd9ef00000)]
  0x000002dc4dd9ddf0 JavaThread "Unconstrained build operations Thread 70" [_thread_blocked, id=22812, stack(0x000000fd9ef00000,0x000000fd9f000000)]
  0x000002dc4dd9d3d0 JavaThread "Unconstrained build operations Thread 71" [_thread_blocked, id=10564, stack(0x000000fd9f000000,0x000000fd9f100000)]
  0x000002dc4dd9e810 JavaThread "Unconstrained build operations Thread 72" [_thread_blocked, id=24140, stack(0x000000fd9f100000,0x000000fd9f200000)]
  0x000002dc4dd9b570 JavaThread "Unconstrained build operations Thread 73" [_thread_blocked, id=15424, stack(0x000000fd9f200000,0x000000fd9f300000)]
  0x000002dc4dd9d8e0 JavaThread "Unconstrained build operations Thread 74" [_thread_blocked, id=18788, stack(0x000000fd9f300000,0x000000fd9f400000)]
  0x000002dcac643df0 JavaThread "Unconstrained build operations Thread 75" [_thread_blocked, id=8520, stack(0x000000fd9f400000,0x000000fd9f500000)]
  0x000002dcac641f90 JavaThread "Unconstrained build operations Thread 76" [_thread_blocked, id=25268, stack(0x000000fd9f500000,0x000000fd9f600000)]
  0x000002dcac644300 JavaThread "Unconstrained build operations Thread 77" [_thread_blocked, id=15344, stack(0x000000fd9f600000,0x000000fd9f700000)]
  0x000002dcac6429b0 JavaThread "Unconstrained build operations Thread 78" [_thread_blocked, id=2312, stack(0x000000fd9f700000,0x000000fd9f800000)]
  0x000002dcac6438e0 JavaThread "Unconstrained build operations Thread 79" [_thread_blocked, id=9208, stack(0x000000fd9fa00000,0x000000fd9fb00000)]
  0x000002dcac642ec0 JavaThread "Unconstrained build operations Thread 80" [_thread_blocked, id=18072, stack(0x000000fd9fb00000,0x000000fd9fc00000)]
  0x000002dc4dd9bf90 JavaThread "Cache worker for execution history cache (D:\React_native\mv_food_app\android\.gradle\8.10.2\executionHistory)" [_thread_blocked, id=25328, stack(0x000000fda0400000,0x000000fda0500000)]
  0x000002dcac641060 JavaThread "WorkerExecutor Queue Thread 7" [_thread_blocked, id=23788, stack(0x000000fda0d00000,0x000000fda0e00000)]
  0x000002dca20081d0 JavaThread "WorkerExecutor Queue Thread 8" [_thread_blocked, id=5560, stack(0x000000fda0e00000,0x000000fda0f00000)]
  0x000002dcac641570 JavaThread "Build operations" [_thread_blocked, id=24264, stack(0x000000fd9b000000,0x000000fd9b100000)]
  0x000002dc998c0050 JavaThread "Build operations Thread 2" [_thread_blocked, id=18980, stack(0x000000fd9fd00000,0x000000fd9fe00000)]
  0x000002dca33c43a0 JavaThread "Build operations Thread 3" [_thread_blocked, id=23804, stack(0x000000fda0100000,0x000000fda0200000)]
  0x000002dca33c3e90 JavaThread "Build operations Thread 4" [_thread_blocked, id=12204, stack(0x000000fda0b00000,0x000000fda0c00000)]
  0x000002dca33c52d0 JavaThread "Build operations Thread 5" [_thread_blocked, id=10180, stack(0x000000fda1d00000,0x000000fda1e00000)]
  0x000002dc93efc840 JavaThread "Build operations Thread 6" [_thread_blocked, id=8832, stack(0x000000fda1e00000,0x000000fda1f00000)]
  0x000002dc93efcd50 JavaThread "Build operations Thread 7" [_thread_blocked, id=26532, stack(0x000000fda1f00000,0x000000fda2000000)]
  0x000002dcb56efd10 JavaThread "Build operations Thread 8" [_thread_blocked, id=24540, stack(0x000000fda2000000,0x000000fda2100000)]
  0x000002dca2fb9bd0 JavaThread "WorkerExecutor Queue Thread 11" [_thread_in_native, id=9348, stack(0x000000fd9ab00000,0x000000fd9ac00000)]
  0x000002dc955caec0 JavaThread "Exec process Thread 65" [_thread_in_native, id=7160, stack(0x000000fda1100000,0x000000fda1200000)]
  0x000002dc98200d00 JavaThread "WorkerExecutor Queue Thread 16" [_thread_blocked, id=11744, stack(0x000000fda1300000,0x000000fda1400000)]
  0x000002dc955c9570 JavaThread "Exec process Thread 70" [_thread_in_native, id=24204, stack(0x000000fda1700000,0x000000fda1800000)]
  0x000002dc955c9a80 JavaThread "Exec process Thread 71" [_thread_in_native, id=23516, stack(0x000000fda1800000,0x000000fda1900000)]
  0x000002dca4bae330 JavaThread "WorkerExecutor Queue Thread 17" [_thread_blocked, id=21724, stack(0x000000fd96000000,0x000000fd96100000)]
  0x000002dcb56ef800 JavaThread "WorkerExecutor Queue Thread 18" [_thread_blocked, id=2992, stack(0x000000fd9fc00000,0x000000fd9fd00000)]
  0x000002dcb56f1660 JavaThread "WorkerExecutor Queue Thread 19" [_thread_blocked, id=27000, stack(0x000000fda0c00000,0x000000fda0d00000)]
  0x000002dca2009100 JavaThread "WorkerExecutor Queue Thread 20" [_thread_in_native, id=26424, stack(0x000000fd9aa00000,0x000000fd9ab00000)]
  0x000002dcb56ef2f0 JavaThread "Periodic tasks thread" daemon [_thread_blocked, id=15328, stack(0x000000fd9af00000,0x000000fd9b000000)]
  0x000002dcb56ee3c0 JavaThread "ApplicationImpl pooled thread 1" [_thread_blocked, id=21636, stack(0x000000fd9ed00000,0x000000fd9ee00000)]
  0x000002dc955cb3d0 JavaThread "ForkJoinPool.commonPool-worker-29" daemon [_thread_blocked, id=8144, stack(0x000000fda0500000,0x000000fda0600000)]
  0x000002dc955c9060 JavaThread "Java2D Disposer" daemon [_thread_blocked, id=15092, stack(0x000000fda0600000,0x000000fda0700000)]
  0x000002dc955cc300 JavaThread "AWT-Windows" daemon [_thread_in_native, id=21700, stack(0x000000fda0800000,0x000000fda0900000)]

Other Threads:
  0x000002dc4d6a0ec0 VMThread "VM Thread" [stack: 0x000000fd96900000,0x000000fd96a00000] [id=11456]
  0x000002dc4dbc1010 WatcherThread [stack: 0x000000fd97500000,0x000000fd97600000] [id=10388]
  0x000002dc2aaf4e70 GCTaskThread "GC Thread#0" [stack: 0x000000fd96400000,0x000000fd96500000] [id=1624]
  0x000002dc9333b560 GCTaskThread "GC Thread#1" [stack: 0x000000fd97800000,0x000000fd97900000] [id=15372]
  0x000002dc9318b1b0 GCTaskThread "GC Thread#2" [stack: 0x000000fd97900000,0x000000fd97a00000] [id=15552]
  0x000002dc9381e0d0 GCTaskThread "GC Thread#3" [stack: 0x000000fd97a00000,0x000000fd97b00000] [id=13972]
  0x000002dc9381e390 GCTaskThread "GC Thread#4" [stack: 0x000000fd97b00000,0x000000fd97c00000] [id=17480]
  0x000002dc9497fa90 GCTaskThread "GC Thread#5" [stack: 0x000000fd97600000,0x000000fd97700000] [id=8372]
  0x000002dc96b37c70 GCTaskThread "GC Thread#6" [stack: 0x000000fd98900000,0x000000fd98a00000] [id=2012]
  0x000002dc94f278f0 GCTaskThread "GC Thread#7" [stack: 0x000000fd98a00000,0x000000fd98b00000] [id=14068]
  0x000002dc2ab05dc0 ConcurrentGCThread "G1 Main Marker" [stack: 0x000000fd96500000,0x000000fd96600000] [id=1536]
  0x000002dc2ab074a0 ConcurrentGCThread "G1 Conc#0" [stack: 0x000000fd96600000,0x000000fd96700000] [id=9320]
  0x000002dc96a76130 ConcurrentGCThread "G1 Conc#1" [stack: 0x000000fd98d00000,0x000000fd98e00000] [id=8296]
  0x000002dc2ab4d000 ConcurrentGCThread "G1 Refine#0" [stack: 0x000000fd96700000,0x000000fd96800000] [id=12652]
  0x000002dc961e7690 ConcurrentGCThread "G1 Refine#1" [stack: 0x000000fd99400000,0x000000fd99500000] [id=1332]
  0x000002dc97b6bdb0 ConcurrentGCThread "G1 Refine#2" [stack: 0x000000fd99500000,0x000000fd99600000] [id=1376]
  0x000002dc9fc3c770 ConcurrentGCThread "G1 Refine#3" [stack: 0x000000fda0900000,0x000000fda0a00000] [id=4328]
  0x000002dc98479390 ConcurrentGCThread "G1 Refine#4" [stack: 0x000000fd9b600000,0x000000fd9b700000] [id=2944]
  0x000002dca3ce1f80 ConcurrentGCThread "G1 Refine#5" [stack: 0x000000fda2900000,0x000000fda2a00000] [id=19428]
  0x000002dc98479680 ConcurrentGCThread "G1 Refine#6" [stack: 0x000000fda2b00000,0x000000fda2c00000] [id=1716]
  0x000002dc96486f20 ConcurrentGCThread "G1 Refine#7" [stack: 0x000000fda2c00000,0x000000fda2d00000] [id=13656]
  0x000002dc2ab4e8e0 ConcurrentGCThread "G1 Service" [stack: 0x000000fd96800000,0x000000fd96900000] [id=1820]

Threads with active compile tasks:
C2 CompilerThread0  7495419 82315       4       java.lang.invoke.MethodHandleImpl::makePairwiseConvertByEditor (627 bytes)

VM state: not at safepoint (normal execution)

VM Mutex/Monitor currently owned by a thread: None

Heap address: 0x0000000700000000, size: 4096 MB, Compressed Oops mode: Zero based, Oop shift amount: 3

CDS archive(s) mapped at: [0x000002dc4e000000-0x000002dc4ebd0000-0x000002dc4ebd0000), size 12386304, SharedBaseAddress: 0x000002dc4e000000, ArchiveRelocationMode: 1.
Compressed class space mapped at: 0x000002dc4f000000-0x000002dc8f000000, reserved size: 1073741824
Narrow klass base: 0x000002dc4e000000, Narrow klass shift: 0, Narrow klass range: 0x100000000

GC Precious Log:
 CPUs: 8 total, 8 available
 Memory: 7834M
 Large Page Support: Disabled
 NUMA Support: Disabled
 Compressed Oops: Enabled (Zero based)
 Heap Region Size: 2M
 Heap Min Capacity: 8M
 Heap Initial Capacity: 124M
 Heap Max Capacity: 4G
 Pre-touch: Disabled
 Parallel Workers: 8
 Concurrent Workers: 2
 Concurrent Refinement Workers: 8
 Periodic GC: Disabled

Heap:
 garbage-first heap   total 2539520K, used 1888084K [0x0000000700000000, 0x0000000800000000)
  region size 2048K, 566 young (1159168K), 9 survivors (18432K)
 Metaspace       used 351778K, committed 355392K, reserved 1376256K
  class space    used 44583K, committed 46272K, reserved 1048576K

Heap Regions: E=young(eden), S=young(survivor), O=old, HS=humongous(starts), HC=humongous(continues), CS=collection set, F=free, OA=open archive, CA=closed archive, TAMS=top-at-mark-start (previous, next)
|   0|0x0000000700000000, 0x0000000700200000, 0x0000000700200000|100%|HS|  |TAMS 0x0000000700200000, 0x0000000700000000| Complete 
|   1|0x0000000700200000, 0x0000000700400000, 0x0000000700400000|100%|HC|  |TAMS 0x0000000700400000, 0x0000000700200000| Complete 
|   2|0x0000000700400000, 0x0000000700600000, 0x0000000700600000|100%| O|  |TAMS 0x0000000700600000, 0x0000000700400000| Untracked 
|   3|0x0000000700600000, 0x0000000700800000, 0x0000000700800000|100%| O|  |TAMS 0x0000000700800000, 0x0000000700600000| Untracked 
|   4|0x0000000700800000, 0x0000000700a00000, 0x0000000700a00000|100%| O|  |TAMS 0x0000000700a00000, 0x0000000700800000| Untracked 
|   5|0x0000000700a00000, 0x0000000700c00000, 0x0000000700c00000|100%| O|  |TAMS 0x0000000700c00000, 0x0000000700a00000| Untracked 
|   6|0x0000000700c00000, 0x0000000700e00000, 0x0000000700e00000|100%| O|  |TAMS 0x0000000700e00000, 0x0000000700c00000| Untracked 
|   7|0x0000000700e00000, 0x0000000701000000, 0x0000000701000000|100%| O|  |TAMS 0x0000000701000000, 0x0000000700e00000| Untracked 
|   8|0x0000000701000000, 0x0000000701200000, 0x0000000701200000|100%| O|  |TAMS 0x0000000701200000, 0x0000000701000000| Untracked 
|   9|0x0000000701200000, 0x0000000701400000, 0x0000000701400000|100%| O|  |TAMS 0x0000000701400000, 0x0000000701200000| Untracked 
|  10|0x0000000701400000, 0x0000000701600000, 0x0000000701600000|100%| O|  |TAMS 0x0000000701600000, 0x0000000701400000| Untracked 
|  11|0x0000000701600000, 0x0000000701800000, 0x0000000701800000|100%| O|  |TAMS 0x0000000701800000, 0x0000000701600000| Untracked 
|  12|0x0000000701800000, 0x0000000701a00000, 0x0000000701a00000|100%| O|  |TAMS 0x0000000701a00000, 0x0000000701800000| Untracked 
|  13|0x0000000701a00000, 0x0000000701c00000, 0x0000000701c00000|100%|HS|  |TAMS 0x0000000701c00000, 0x0000000701a00000| Complete 
|  14|0x0000000701c00000, 0x0000000701e00000, 0x0000000701e00000|100%| O|  |TAMS 0x0000000701e00000, 0x0000000701c00000| Untracked 
|  15|0x0000000701e00000, 0x0000000702000000, 0x0000000702000000|100%| O|  |TAMS 0x0000000702000000, 0x0000000701e00000| Untracked 
|  16|0x0000000702000000, 0x0000000702200000, 0x0000000702200000|100%| O|  |TAMS 0x0000000702200000, 0x0000000702000000| Untracked 
|  17|0x0000000702200000, 0x0000000702400000, 0x0000000702400000|100%| O|  |TAMS 0x0000000702400000, 0x0000000702200000| Untracked 
|  18|0x0000000702400000, 0x0000000702600000, 0x0000000702600000|100%|HS|  |TAMS 0x0000000702600000, 0x0000000702400000| Complete 
|  19|0x0000000702600000, 0x0000000702800000, 0x0000000702800000|100%|HC|  |TAMS 0x0000000702800000, 0x0000000702600000| Complete 
|  20|0x0000000702800000, 0x0000000702a00000, 0x0000000702a00000|100%|HS|  |TAMS 0x0000000702a00000, 0x0000000702800000| Complete 
|  21|0x0000000702a00000, 0x0000000702c00000, 0x0000000702c00000|100%| O|  |TAMS 0x0000000702c00000, 0x0000000702a00000| Untracked 
|  22|0x0000000702c00000, 0x0000000702e00000, 0x0000000702e00000|100%| O|  |TAMS 0x0000000702e00000, 0x0000000702c00000| Untracked 
|  23|0x0000000702e00000, 0x0000000703000000, 0x0000000703000000|100%|HS|  |TAMS 0x0000000703000000, 0x0000000702e00000| Complete 
|  24|0x0000000703000000, 0x0000000703200000, 0x0000000703200000|100%| O|  |TAMS 0x0000000703200000, 0x0000000703000000| Untracked 
|  25|0x0000000703200000, 0x0000000703400000, 0x0000000703400000|100%| O|  |TAMS 0x0000000703400000, 0x0000000703200000| Untracked 
|  26|0x0000000703400000, 0x0000000703600000, 0x0000000703600000|100%| O|  |TAMS 0x0000000703600000, 0x0000000703400000| Untracked 
|  27|0x0000000703600000, 0x0000000703800000, 0x0000000703800000|100%|HS|  |TAMS 0x0000000703800000, 0x0000000703600000| Complete 
|  28|0x0000000703800000, 0x0000000703a00000, 0x0000000703a00000|100%|HC|  |TAMS 0x0000000703a00000, 0x0000000703800000| Complete 
|  29|0x0000000703a00000, 0x0000000703c00000, 0x0000000703c00000|100%| O|  |TAMS 0x0000000703c00000, 0x0000000703a00000| Untracked 
|  30|0x0000000703c00000, 0x0000000703e00000, 0x0000000703e00000|100%| O|  |TAMS 0x0000000703e00000, 0x0000000703c00000| Untracked 
|  31|0x0000000703e00000, 0x0000000704000000, 0x0000000704000000|100%| O|  |TAMS 0x0000000704000000, 0x0000000703e00000| Untracked 
|  32|0x0000000704000000, 0x0000000704200000, 0x0000000704200000|100%| O|  |TAMS 0x0000000704200000, 0x0000000704000000| Untracked 
|  33|0x0000000704200000, 0x0000000704400000, 0x0000000704400000|100%| O|  |TAMS 0x0000000704400000, 0x0000000704200000| Untracked 
|  34|0x0000000704400000, 0x0000000704600000, 0x0000000704600000|100%| O|  |TAMS 0x0000000704600000, 0x0000000704400000| Untracked 
|  35|0x0000000704600000, 0x0000000704800000, 0x0000000704800000|100%| O|  |TAMS 0x0000000704800000, 0x0000000704600000| Untracked 
|  36|0x0000000704800000, 0x0000000704a00000, 0x0000000704a00000|100%| O|  |TAMS 0x0000000704a00000, 0x0000000704800000| Untracked 
|  37|0x0000000704a00000, 0x0000000704c00000, 0x0000000704c00000|100%| O|  |TAMS 0x0000000704c00000, 0x0000000704a00000| Untracked 
|  38|0x0000000704c00000, 0x0000000704e00000, 0x0000000704e00000|100%| O|  |TAMS 0x0000000704e00000, 0x0000000704c00000| Untracked 
|  39|0x0000000704e00000, 0x0000000705000000, 0x0000000705000000|100%| O|  |TAMS 0x0000000705000000, 0x0000000704e00000| Untracked 
|  40|0x0000000705000000, 0x0000000705200000, 0x0000000705200000|100%| O|  |TAMS 0x0000000705200000, 0x0000000705000000| Untracked 
|  41|0x0000000705200000, 0x0000000705400000, 0x0000000705400000|100%| O|  |TAMS 0x0000000705400000, 0x0000000705200000| Untracked 
|  42|0x0000000705400000, 0x0000000705600000, 0x0000000705600000|100%| O|  |TAMS 0x0000000705600000, 0x0000000705400000| Untracked 
|  43|0x0000000705600000, 0x0000000705800000, 0x0000000705800000|100%| O|  |TAMS 0x0000000705800000, 0x0000000705600000| Untracked 
|  44|0x0000000705800000, 0x0000000705a00000, 0x0000000705a00000|100%| O|  |TAMS 0x0000000705a00000, 0x0000000705800000| Untracked 
|  45|0x0000000705a00000, 0x0000000705c00000, 0x0000000705c00000|100%| O|  |TAMS 0x0000000705c00000, 0x0000000705a00000| Untracked 
|  46|0x0000000705c00000, 0x0000000705e00000, 0x0000000705e00000|100%|HS|  |TAMS 0x0000000705e00000, 0x0000000705c00000| Complete 
|  47|0x0000000705e00000, 0x0000000706000000, 0x0000000706000000|100%| O|  |TAMS 0x0000000706000000, 0x0000000705e00000| Untracked 
|  48|0x0000000706000000, 0x0000000706200000, 0x0000000706200000|100%| O|  |TAMS 0x0000000706200000, 0x0000000706000000| Untracked 
|  49|0x0000000706200000, 0x0000000706400000, 0x0000000706400000|100%| O|  |TAMS 0x0000000706400000, 0x0000000706200000| Untracked 
|  50|0x0000000706400000, 0x0000000706600000, 0x0000000706600000|100%| O|  |TAMS 0x0000000706600000, 0x0000000706400000| Untracked 
|  51|0x0000000706600000, 0x0000000706800000, 0x0000000706800000|100%| O|  |TAMS 0x0000000706800000, 0x0000000706600000| Untracked 
|  52|0x0000000706800000, 0x0000000706a00000, 0x0000000706a00000|100%| O|  |TAMS 0x0000000706a00000, 0x0000000706800000| Untracked 
|  53|0x0000000706a00000, 0x0000000706c00000, 0x0000000706c00000|100%| O|  |TAMS 0x0000000706c00000, 0x0000000706a00000| Untracked 
|  54|0x0000000706c00000, 0x0000000706e00000, 0x0000000706e00000|100%| O|  |TAMS 0x0000000706e00000, 0x0000000706c00000| Untracked 
|  55|0x0000000706e00000, 0x0000000707000000, 0x0000000707000000|100%| O|  |TAMS 0x0000000707000000, 0x0000000706e00000| Untracked 
|  56|0x0000000707000000, 0x0000000707200000, 0x0000000707200000|100%| O|  |TAMS 0x0000000707200000, 0x0000000707000000| Untracked 
|  57|0x0000000707200000, 0x0000000707400000, 0x0000000707400000|100%| O|  |TAMS 0x0000000707400000, 0x0000000707200000| Untracked 
|  58|0x0000000707400000, 0x0000000707600000, 0x0000000707600000|100%| O|  |TAMS 0x0000000707600000, 0x0000000707400000| Untracked 
|  59|0x0000000707600000, 0x0000000707800000, 0x0000000707800000|100%| O|  |TAMS 0x0000000707800000, 0x0000000707600000| Untracked 
|  60|0x0000000707800000, 0x0000000707a00000, 0x0000000707a00000|100%| O|  |TAMS 0x0000000707a00000, 0x0000000707800000| Untracked 
|  61|0x0000000707a00000, 0x0000000707c00000, 0x0000000707c00000|100%|HS|  |TAMS 0x0000000707c00000, 0x0000000707a00000| Complete 
|  62|0x0000000707c00000, 0x0000000707e00000, 0x0000000707e00000|100%|HS|  |TAMS 0x0000000707e00000, 0x0000000707c00000| Complete 
|  63|0x0000000707e00000, 0x0000000708000000, 0x0000000708000000|100%|HC|  |TAMS 0x0000000708000000, 0x0000000707e00000| Complete 
|  64|0x0000000708000000, 0x0000000708200000, 0x0000000708200000|100%| O|  |TAMS 0x0000000708200000, 0x0000000708000000| Untracked 
|  65|0x0000000708200000, 0x0000000708400000, 0x0000000708400000|100%| O|  |TAMS 0x0000000708400000, 0x0000000708200000| Untracked 
|  66|0x0000000708400000, 0x0000000708600000, 0x0000000708600000|100%| O|  |TAMS 0x0000000708600000, 0x0000000708400000| Untracked 
|  67|0x0000000708600000, 0x0000000708800000, 0x0000000708800000|100%| O|  |TAMS 0x0000000708800000, 0x0000000708600000| Untracked 
|  68|0x0000000708800000, 0x0000000708a00000, 0x0000000708a00000|100%| O|  |TAMS 0x0000000708a00000, 0x0000000708800000| Untracked 
|  69|0x0000000708a00000, 0x0000000708c00000, 0x0000000708c00000|100%| O|  |TAMS 0x0000000708c00000, 0x0000000708a00000| Untracked 
|  70|0x0000000708c00000, 0x0000000708e00000, 0x0000000708e00000|100%| O|  |TAMS 0x0000000708e00000, 0x0000000708c00000| Untracked 
|  71|0x0000000708e00000, 0x0000000709000000, 0x0000000709000000|100%| O|  |TAMS 0x0000000709000000, 0x0000000708e00000| Untracked 
|  72|0x0000000709000000, 0x0000000709200000, 0x0000000709200000|100%| O|  |TAMS 0x0000000709200000, 0x0000000709000000| Untracked 
|  73|0x0000000709200000, 0x0000000709400000, 0x0000000709400000|100%| O|  |TAMS 0x0000000709400000, 0x0000000709200000| Untracked 
|  74|0x0000000709400000, 0x0000000709600000, 0x0000000709600000|100%| O|  |TAMS 0x0000000709600000, 0x0000000709400000| Untracked 
|  75|0x0000000709600000, 0x0000000709800000, 0x0000000709800000|100%| O|  |TAMS 0x0000000709800000, 0x0000000709600000| Untracked 
|  76|0x0000000709800000, 0x0000000709a00000, 0x0000000709a00000|100%| O|  |TAMS 0x0000000709a00000, 0x0000000709800000| Untracked 
|  77|0x0000000709a00000, 0x0000000709c00000, 0x0000000709c00000|100%| O|  |TAMS 0x0000000709c00000, 0x0000000709a00000| Untracked 
|  78|0x0000000709c00000, 0x0000000709e00000, 0x0000000709e00000|100%|HS|  |TAMS 0x0000000709e00000, 0x0000000709c00000| Complete 
|  79|0x0000000709e00000, 0x000000070a000000, 0x000000070a000000|100%| O|  |TAMS 0x000000070a000000, 0x0000000709e00000| Untracked 
|  80|0x000000070a000000, 0x000000070a200000, 0x000000070a200000|100%| O|  |TAMS 0x000000070a200000, 0x000000070a000000| Untracked 
|  81|0x000000070a200000, 0x000000070a400000, 0x000000070a400000|100%| O|  |TAMS 0x000000070a400000, 0x000000070a200000| Untracked 
|  82|0x000000070a400000, 0x000000070a600000, 0x000000070a600000|100%| O|  |TAMS 0x000000070a600000, 0x000000070a400000| Untracked 
|  83|0x000000070a600000, 0x000000070a800000, 0x000000070a800000|100%| O|  |TAMS 0x000000070a800000, 0x000000070a600000| Untracked 
|  84|0x000000070a800000, 0x000000070aa00000, 0x000000070aa00000|100%| O|  |TAMS 0x000000070aa00000, 0x000000070a800000| Untracked 
|  85|0x000000070aa00000, 0x000000070ac00000, 0x000000070ac00000|100%| O|  |TAMS 0x000000070ac00000, 0x000000070aa00000| Untracked 
|  86|0x000000070ac00000, 0x000000070ae00000, 0x000000070ae00000|100%| O|  |TAMS 0x000000070ae00000, 0x000000070ac00000| Untracked 
|  87|0x000000070ae00000, 0x000000070b000000, 0x000000070b000000|100%| O|  |TAMS 0x000000070b000000, 0x000000070ae00000| Untracked 
|  88|0x000000070b000000, 0x000000070b200000, 0x000000070b200000|100%| O|  |TAMS 0x000000070b200000, 0x000000070b000000| Untracked 
|  89|0x000000070b200000, 0x000000070b400000, 0x000000070b400000|100%| O|  |TAMS 0x000000070b400000, 0x000000070b200000| Untracked 
|  90|0x000000070b400000, 0x000000070b600000, 0x000000070b600000|100%| O|  |TAMS 0x000000070b600000, 0x000000070b400000| Untracked 
|  91|0x000000070b600000, 0x000000070b800000, 0x000000070b800000|100%| O|  |TAMS 0x000000070b800000, 0x000000070b600000| Untracked 
|  92|0x000000070b800000, 0x000000070ba00000, 0x000000070ba00000|100%| O|  |TAMS 0x000000070ba00000, 0x000000070b800000| Untracked 
|  93|0x000000070ba00000, 0x000000070bc00000, 0x000000070bc00000|100%| O|  |TAMS 0x000000070bc00000, 0x000000070ba00000| Untracked 
|  94|0x000000070bc00000, 0x000000070be00000, 0x000000070be00000|100%| O|  |TAMS 0x000000070be00000, 0x000000070bc00000| Untracked 
|  95|0x000000070be00000, 0x000000070c000000, 0x000000070c000000|100%| O|  |TAMS 0x000000070c000000, 0x000000070be00000| Untracked 
|  96|0x000000070c000000, 0x000000070c200000, 0x000000070c200000|100%| O|  |TAMS 0x000000070c200000, 0x000000070c000000| Untracked 
|  97|0x000000070c200000, 0x000000070c400000, 0x000000070c400000|100%| O|  |TAMS 0x000000070c400000, 0x000000070c200000| Untracked 
|  98|0x000000070c400000, 0x000000070c600000, 0x000000070c600000|100%|HS|  |TAMS 0x000000070c400000, 0x000000070c400000| Complete 
|  99|0x000000070c600000, 0x000000070c800000, 0x000000070c800000|100%| O|  |TAMS 0x000000070c800000, 0x000000070c600000| Untracked 
| 100|0x000000070c800000, 0x000000070ca00000, 0x000000070ca00000|100%| O|  |TAMS 0x000000070ca00000, 0x000000070c800000| Untracked 
| 101|0x000000070ca00000, 0x000000070cc00000, 0x000000070cc00000|100%| O|  |TAMS 0x000000070cc00000, 0x000000070ca00000| Untracked 
| 102|0x000000070cc00000, 0x000000070ce00000, 0x000000070ce00000|100%| O|  |TAMS 0x000000070ce00000, 0x000000070cc00000| Untracked 
| 103|0x000000070ce00000, 0x000000070d000000, 0x000000070d000000|100%| O|  |TAMS 0x000000070d000000, 0x000000070ce00000| Untracked 
| 104|0x000000070d000000, 0x000000070d200000, 0x000000070d200000|100%| O|  |TAMS 0x000000070d200000, 0x000000070d000000| Untracked 
| 105|0x000000070d200000, 0x000000070d400000, 0x000000070d400000|100%| O|  |TAMS 0x000000070d400000, 0x000000070d200000| Untracked 
| 106|0x000000070d400000, 0x000000070d600000, 0x000000070d600000|100%| O|  |TAMS 0x000000070d600000, 0x000000070d400000| Untracked 
| 107|0x000000070d600000, 0x000000070d800000, 0x000000070d800000|100%| O|  |TAMS 0x000000070d800000, 0x000000070d600000| Untracked 
| 108|0x000000070d800000, 0x000000070da00000, 0x000000070da00000|100%| O|  |TAMS 0x000000070da00000, 0x000000070d800000| Untracked 
| 109|0x000000070da00000, 0x000000070dc00000, 0x000000070dc00000|100%| O|  |TAMS 0x000000070dc00000, 0x000000070da00000| Untracked 
| 110|0x000000070dc00000, 0x000000070de00000, 0x000000070de00000|100%|HS|  |TAMS 0x000000070de00000, 0x000000070dc00000| Complete 
| 111|0x000000070de00000, 0x000000070e000000, 0x000000070e000000|100%| O|  |TAMS 0x000000070e000000, 0x000000070de00000| Untracked 
| 112|0x000000070e000000, 0x000000070e200000, 0x000000070e200000|100%| O|  |TAMS 0x000000070e200000, 0x000000070e000000| Untracked 
| 113|0x000000070e200000, 0x000000070e400000, 0x000000070e400000|100%| O|  |TAMS 0x000000070e400000, 0x000000070e200000| Untracked 
| 114|0x000000070e400000, 0x000000070e600000, 0x000000070e600000|100%| O|  |TAMS 0x000000070e600000, 0x000000070e400000| Untracked 
| 115|0x000000070e600000, 0x000000070e800000, 0x000000070e800000|100%| O|  |TAMS 0x000000070e800000, 0x000000070e600000| Untracked 
| 116|0x000000070e800000, 0x000000070ea00000, 0x000000070ea00000|100%| O|  |TAMS 0x000000070ea00000, 0x000000070e800000| Untracked 
| 117|0x000000070ea00000, 0x000000070ec00000, 0x000000070ec00000|100%| O|  |TAMS 0x000000070ec00000, 0x000000070ea00000| Untracked 
| 118|0x000000070ec00000, 0x000000070ee00000, 0x000000070ee00000|100%| O|  |TAMS 0x000000070ee00000, 0x000000070ec00000| Untracked 
| 119|0x000000070ee00000, 0x000000070f000000, 0x000000070f000000|100%| O|  |TAMS 0x000000070f000000, 0x000000070ee00000| Untracked 
| 120|0x000000070f000000, 0x000000070f200000, 0x000000070f200000|100%| O|  |TAMS 0x000000070f200000, 0x000000070f000000| Untracked 
| 121|0x000000070f200000, 0x000000070f400000, 0x000000070f400000|100%| O|  |TAMS 0x000000070f400000, 0x000000070f200000| Untracked 
| 122|0x000000070f400000, 0x000000070f600000, 0x000000070f600000|100%| O|  |TAMS 0x000000070f600000, 0x000000070f400000| Untracked 
| 123|0x000000070f600000, 0x000000070f800000, 0x000000070f800000|100%| O|  |TAMS 0x000000070f800000, 0x000000070f600000| Untracked 
| 124|0x000000070f800000, 0x000000070fa00000, 0x000000070fa00000|100%| O|  |TAMS 0x000000070fa00000, 0x000000070f800000| Untracked 
| 125|0x000000070fa00000, 0x000000070fc00000, 0x000000070fc00000|100%| O|  |TAMS 0x000000070fc00000, 0x000000070fa00000| Untracked 
| 126|0x000000070fc00000, 0x000000070fe00000, 0x000000070fe00000|100%| O|  |TAMS 0x000000070fe00000, 0x000000070fc00000| Untracked 
| 127|0x000000070fe00000, 0x0000000710000000, 0x0000000710000000|100%| O|  |TAMS 0x0000000710000000, 0x000000070fe00000| Untracked 
| 128|0x0000000710000000, 0x0000000710200000, 0x0000000710200000|100%| O|  |TAMS 0x0000000710200000, 0x0000000710000000| Untracked 
| 129|0x0000000710200000, 0x0000000710400000, 0x0000000710400000|100%| O|  |TAMS 0x0000000710400000, 0x0000000710200000| Untracked 
| 130|0x0000000710400000, 0x0000000710600000, 0x0000000710600000|100%| O|  |TAMS 0x0000000710600000, 0x0000000710400000| Untracked 
| 131|0x0000000710600000, 0x0000000710800000, 0x0000000710800000|100%| O|  |TAMS 0x0000000710800000, 0x0000000710600000| Untracked 
| 132|0x0000000710800000, 0x0000000710a00000, 0x0000000710a00000|100%| O|  |TAMS 0x0000000710a00000, 0x0000000710800000| Untracked 
| 133|0x0000000710a00000, 0x0000000710c00000, 0x0000000710c00000|100%| O|  |TAMS 0x0000000710c00000, 0x0000000710a00000| Untracked 
| 134|0x0000000710c00000, 0x0000000710e00000, 0x0000000710e00000|100%| O|  |TAMS 0x0000000710e00000, 0x0000000710c00000| Untracked 
| 135|0x0000000710e00000, 0x0000000711000000, 0x0000000711000000|100%| O|  |TAMS 0x0000000711000000, 0x0000000710e00000| Untracked 
| 136|0x0000000711000000, 0x0000000711200000, 0x0000000711200000|100%|HS|  |TAMS 0x0000000711000000, 0x0000000711000000| Complete 
| 137|0x0000000711200000, 0x0000000711400000, 0x0000000711400000|100%| O|  |TAMS 0x0000000711400000, 0x0000000711200000| Untracked 
| 138|0x0000000711400000, 0x0000000711600000, 0x0000000711600000|100%| O|  |TAMS 0x0000000711600000, 0x0000000711400000| Untracked 
| 139|0x0000000711600000, 0x0000000711800000, 0x0000000711800000|100%| O|  |TAMS 0x0000000711800000, 0x0000000711600000| Untracked 
| 140|0x0000000711800000, 0x0000000711a00000, 0x0000000711a00000|100%| O|  |TAMS 0x0000000711a00000, 0x0000000711800000| Untracked 
| 141|0x0000000711a00000, 0x0000000711c00000, 0x0000000711c00000|100%| O|  |TAMS 0x0000000711c00000, 0x0000000711a00000| Untracked 
| 142|0x0000000711c00000, 0x0000000711e00000, 0x0000000711e00000|100%| O|  |TAMS 0x0000000711e00000, 0x0000000711c00000| Untracked 
| 143|0x0000000711e00000, 0x0000000712000000, 0x0000000712000000|100%| O|  |TAMS 0x0000000712000000, 0x0000000711e00000| Untracked 
| 144|0x0000000712000000, 0x0000000712200000, 0x0000000712200000|100%| O|  |TAMS 0x0000000712200000, 0x0000000712000000| Untracked 
| 145|0x0000000712200000, 0x0000000712400000, 0x0000000712400000|100%| O|  |TAMS 0x0000000712400000, 0x0000000712200000| Untracked 
| 146|0x0000000712400000, 0x0000000712600000, 0x0000000712600000|100%| O|  |TAMS 0x0000000712600000, 0x0000000712400000| Untracked 
| 147|0x0000000712600000, 0x0000000712800000, 0x0000000712800000|100%| O|  |TAMS 0x0000000712800000, 0x0000000712600000| Untracked 
| 148|0x0000000712800000, 0x0000000712a00000, 0x0000000712a00000|100%| O|  |TAMS 0x0000000712a00000, 0x0000000712800000| Untracked 
| 149|0x0000000712a00000, 0x0000000712c00000, 0x0000000712c00000|100%| O|  |TAMS 0x0000000712c00000, 0x0000000712a00000| Untracked 
| 150|0x0000000712c00000, 0x0000000712e00000, 0x0000000712e00000|100%| O|  |TAMS 0x0000000712e00000, 0x0000000712c00000| Untracked 
| 151|0x0000000712e00000, 0x0000000713000000, 0x0000000713000000|100%| O|  |TAMS 0x0000000713000000, 0x0000000712e00000| Untracked 
| 152|0x0000000713000000, 0x0000000713200000, 0x0000000713200000|100%| O|  |TAMS 0x0000000713200000, 0x0000000713000000| Untracked 
| 153|0x0000000713200000, 0x0000000713400000, 0x0000000713400000|100%| O|  |TAMS 0x0000000713400000, 0x0000000713200000| Untracked 
| 154|0x0000000713400000, 0x0000000713600000, 0x0000000713600000|100%| O|  |TAMS 0x0000000713600000, 0x0000000713400000| Untracked 
| 155|0x0000000713600000, 0x0000000713800000, 0x0000000713800000|100%| O|  |TAMS 0x0000000713800000, 0x0000000713600000| Untracked 
| 156|0x0000000713800000, 0x0000000713a00000, 0x0000000713a00000|100%| O|  |TAMS 0x0000000713a00000, 0x0000000713800000| Untracked 
| 157|0x0000000713a00000, 0x0000000713c00000, 0x0000000713c00000|100%| O|  |TAMS 0x0000000713c00000, 0x0000000713a00000| Untracked 
| 158|0x0000000713c00000, 0x0000000713e00000, 0x0000000713e00000|100%| O|  |TAMS 0x0000000713e00000, 0x0000000713c00000| Untracked 
| 159|0x0000000713e00000, 0x0000000714000000, 0x0000000714000000|100%| O|  |TAMS 0x0000000714000000, 0x0000000713e00000| Untracked 
| 160|0x0000000714000000, 0x0000000714200000, 0x0000000714200000|100%| O|  |TAMS 0x0000000714200000, 0x0000000714000000| Untracked 
| 161|0x0000000714200000, 0x0000000714400000, 0x0000000714400000|100%| O|  |TAMS 0x0000000714400000, 0x0000000714200000| Untracked 
| 162|0x0000000714400000, 0x0000000714600000, 0x0000000714600000|100%|HS|  |TAMS 0x0000000714600000, 0x0000000714400000| Complete 
| 163|0x0000000714600000, 0x0000000714800000, 0x0000000714800000|100%|HC|  |TAMS 0x0000000714800000, 0x0000000714600000| Complete 
| 164|0x0000000714800000, 0x0000000714a00000, 0x0000000714a00000|100%| O|  |TAMS 0x0000000714a00000, 0x0000000714800000| Untracked 
| 165|0x0000000714a00000, 0x0000000714c00000, 0x0000000714c00000|100%| O|  |TAMS 0x0000000714c00000, 0x0000000714a00000| Untracked 
| 166|0x0000000714c00000, 0x0000000714e00000, 0x0000000714e00000|100%| O|  |TAMS 0x0000000714e00000, 0x0000000714c00000| Untracked 
| 167|0x0000000714e00000, 0x0000000715000000, 0x0000000715000000|100%|HS|  |TAMS 0x0000000714e00000, 0x0000000714e00000| Complete 
| 168|0x0000000715000000, 0x0000000715200000, 0x0000000715200000|100%| O|  |TAMS 0x0000000715200000, 0x0000000715000000| Untracked 
| 169|0x0000000715200000, 0x0000000715400000, 0x0000000715400000|100%| O|  |TAMS 0x0000000715400000, 0x0000000715200000| Untracked 
| 170|0x0000000715400000, 0x0000000715600000, 0x0000000715600000|100%| O|  |TAMS 0x0000000715600000, 0x0000000715400000| Untracked 
| 171|0x0000000715600000, 0x0000000715800000, 0x0000000715800000|100%| O|  |TAMS 0x0000000715800000, 0x0000000715600000| Untracked 
| 172|0x0000000715800000, 0x0000000715a00000, 0x0000000715a00000|100%| O|  |TAMS 0x0000000715a00000, 0x0000000715800000| Untracked 
| 173|0x0000000715a00000, 0x0000000715c00000, 0x0000000715c00000|100%| O|  |TAMS 0x0000000715c00000, 0x0000000715a00000| Untracked 
| 174|0x0000000715c00000, 0x0000000715e00000, 0x0000000715e00000|100%| O|  |TAMS 0x0000000715e00000, 0x0000000715c00000| Complete 
| 175|0x0000000715e00000, 0x0000000716000000, 0x0000000716000000|100%| O|  |TAMS 0x0000000716000000, 0x0000000715e00000| Untracked 
| 176|0x0000000716000000, 0x0000000716200000, 0x0000000716200000|100%| O|  |TAMS 0x0000000716200000, 0x0000000716000000| Untracked 
| 177|0x0000000716200000, 0x0000000716400000, 0x0000000716400000|100%| O|  |TAMS 0x0000000716400000, 0x0000000716200000| Untracked 
| 178|0x0000000716400000, 0x0000000716600000, 0x0000000716600000|100%| O|  |TAMS 0x0000000716600000, 0x0000000716400000| Untracked 
| 179|0x0000000716600000, 0x0000000716800000, 0x0000000716800000|100%|HS|  |TAMS 0x0000000716600000, 0x0000000716600000| Complete 
| 180|0x0000000716800000, 0x0000000716a00000, 0x0000000716a00000|100%| O|  |TAMS 0x0000000716a00000, 0x0000000716800000| Untracked 
| 181|0x0000000716a00000, 0x0000000716c00000, 0x0000000716c00000|100%| O|  |TAMS 0x0000000716c00000, 0x0000000716a00000| Untracked 
| 182|0x0000000716c00000, 0x0000000716c00000, 0x0000000716e00000|  0%| F|  |TAMS 0x0000000716c00000, 0x0000000716c00000| Untracked 
| 183|0x0000000716e00000, 0x0000000717000000, 0x0000000717000000|100%| O|  |TAMS 0x0000000717000000, 0x0000000716e00000| Untracked 
| 184|0x0000000717000000, 0x0000000717200000, 0x0000000717200000|100%| O|  |TAMS 0x0000000717200000, 0x0000000717000000| Untracked 
| 185|0x0000000717200000, 0x0000000717400000, 0x0000000717400000|100%| O|  |TAMS 0x0000000717400000, 0x0000000717200000| Untracked 
| 186|0x0000000717400000, 0x0000000717600000, 0x0000000717600000|100%| O|  |TAMS 0x0000000717600000, 0x0000000717400000| Untracked 
| 187|0x0000000717600000, 0x0000000717800000, 0x0000000717800000|100%| O|  |TAMS 0x0000000717800000, 0x0000000717600000| Untracked 
| 188|0x0000000717800000, 0x0000000717a00000, 0x0000000717a00000|100%| O|  |TAMS 0x0000000717a00000, 0x0000000717800000| Untracked 
| 189|0x0000000717a00000, 0x0000000717c00000, 0x0000000717c00000|100%| O|  |TAMS 0x0000000717c00000, 0x0000000717a00000| Untracked 
| 190|0x0000000717c00000, 0x0000000717e00000, 0x0000000717e00000|100%| O|  |TAMS 0x0000000717e00000, 0x0000000717c00000| Untracked 
| 191|0x0000000717e00000, 0x0000000718000000, 0x0000000718000000|100%| O|  |TAMS 0x0000000718000000, 0x0000000717e00000| Untracked 
| 192|0x0000000718000000, 0x0000000718200000, 0x0000000718200000|100%| O|  |TAMS 0x0000000718200000, 0x0000000718000000| Untracked 
| 193|0x0000000718200000, 0x0000000718400000, 0x0000000718400000|100%| O|  |TAMS 0x0000000718400000, 0x0000000718200000| Untracked 
| 194|0x0000000718400000, 0x0000000718600000, 0x0000000718600000|100%| O|  |TAMS 0x0000000718600000, 0x0000000718400000| Untracked 
| 195|0x0000000718600000, 0x0000000718800000, 0x0000000718800000|100%| O|  |TAMS 0x0000000718800000, 0x0000000718600000| Untracked 
| 196|0x0000000718800000, 0x0000000718a00000, 0x0000000718a00000|100%|HS|  |TAMS 0x0000000718a00000, 0x0000000718800000| Complete 
| 197|0x0000000718a00000, 0x0000000718c00000, 0x0000000718c00000|100%|HC|  |TAMS 0x0000000718c00000, 0x0000000718a00000| Complete 
| 198|0x0000000718c00000, 0x0000000718e00000, 0x0000000718e00000|100%| O|  |TAMS 0x0000000718e00000, 0x0000000718c00000| Untracked 
| 199|0x0000000718e00000, 0x0000000719000000, 0x0000000719000000|100%| O|  |TAMS 0x0000000719000000, 0x0000000718e00000| Untracked 
| 200|0x0000000719000000, 0x0000000719200000, 0x0000000719200000|100%| O|  |TAMS 0x0000000719200000, 0x0000000719000000| Untracked 
| 201|0x0000000719200000, 0x0000000719400000, 0x0000000719400000|100%| O|  |TAMS 0x0000000719400000, 0x0000000719200000| Untracked 
| 202|0x0000000719400000, 0x0000000719600000, 0x0000000719600000|100%| O|  |TAMS 0x0000000719600000, 0x0000000719400000| Untracked 
| 203|0x0000000719600000, 0x0000000719800000, 0x0000000719800000|100%| O|  |TAMS 0x0000000719800000, 0x0000000719600000| Untracked 
| 204|0x0000000719800000, 0x0000000719a00000, 0x0000000719a00000|100%| O|  |TAMS 0x0000000719a00000, 0x0000000719800000| Untracked 
| 205|0x0000000719a00000, 0x0000000719c00000, 0x0000000719c00000|100%| O|  |TAMS 0x0000000719c00000, 0x0000000719a00000| Untracked 
| 206|0x0000000719c00000, 0x0000000719e00000, 0x0000000719e00000|100%| O|  |TAMS 0x0000000719e00000, 0x0000000719c00000| Untracked 
| 207|0x0000000719e00000, 0x000000071a000000, 0x000000071a000000|100%| O|  |TAMS 0x000000071a000000, 0x0000000719e00000| Untracked 
| 208|0x000000071a000000, 0x000000071a200000, 0x000000071a200000|100%| O|  |TAMS 0x000000071a200000, 0x000000071a000000| Untracked 
| 209|0x000000071a200000, 0x000000071a400000, 0x000000071a400000|100%| O|  |TAMS 0x000000071a400000, 0x000000071a200000| Untracked 
| 210|0x000000071a400000, 0x000000071a600000, 0x000000071a600000|100%| O|  |TAMS 0x000000071a600000, 0x000000071a400000| Untracked 
| 211|0x000000071a600000, 0x000000071a7ffff8, 0x000000071a800000| 99%| O|  |TAMS 0x000000071a7ffff8, 0x000000071a600000| Untracked 
| 212|0x000000071a800000, 0x000000071aa00000, 0x000000071aa00000|100%| O|  |TAMS 0x000000071aa00000, 0x000000071a800000| Untracked 
| 213|0x000000071aa00000, 0x000000071ac00000, 0x000000071ac00000|100%| O|  |TAMS 0x000000071ac00000, 0x000000071aa00000| Untracked 
| 214|0x000000071ac00000, 0x000000071ae00000, 0x000000071ae00000|100%| O|  |TAMS 0x000000071ae00000, 0x000000071ac00000| Untracked 
| 215|0x000000071ae00000, 0x000000071b000000, 0x000000071b000000|100%| O|  |TAMS 0x000000071b000000, 0x000000071ae00000| Untracked 
| 216|0x000000071b000000, 0x000000071b200000, 0x000000071b200000|100%| O|  |TAMS 0x000000071b200000, 0x000000071b000000| Untracked 
| 217|0x000000071b200000, 0x000000071b400000, 0x000000071b400000|100%| O|  |TAMS 0x000000071b400000, 0x000000071b200000| Untracked 
| 218|0x000000071b400000, 0x000000071b600000, 0x000000071b600000|100%| O|  |TAMS 0x000000071b600000, 0x000000071b400000| Complete 
| 219|0x000000071b600000, 0x000000071b600000, 0x000000071b800000|  0%| F|  |TAMS 0x000000071b600000, 0x000000071b600000| Untracked 
| 220|0x000000071b800000, 0x000000071ba00000, 0x000000071ba00000|100%| O|  |TAMS 0x000000071ba00000, 0x000000071b800000| Untracked 
| 221|0x000000071ba00000, 0x000000071bc00000, 0x000000071bc00000|100%| O|  |TAMS 0x000000071bc00000, 0x000000071ba00000| Untracked 
| 222|0x000000071bc00000, 0x000000071be00000, 0x000000071be00000|100%| O|  |TAMS 0x000000071be00000, 0x000000071bc00000| Untracked 
| 223|0x000000071be00000, 0x000000071c000000, 0x000000071c000000|100%| O|  |TAMS 0x000000071c000000, 0x000000071be00000| Untracked 
| 224|0x000000071c000000, 0x000000071c200000, 0x000000071c200000|100%| O|  |TAMS 0x000000071c200000, 0x000000071c000000| Untracked 
| 225|0x000000071c200000, 0x000000071c400000, 0x000000071c400000|100%| O|  |TAMS 0x000000071c400000, 0x000000071c200000| Untracked 
| 226|0x000000071c400000, 0x000000071c600000, 0x000000071c600000|100%| O|  |TAMS 0x000000071c600000, 0x000000071c400000| Untracked 
| 227|0x000000071c600000, 0x000000071c800000, 0x000000071c800000|100%| O|  |TAMS 0x000000071c800000, 0x000000071c600000| Untracked 
| 228|0x000000071c800000, 0x000000071ca00000, 0x000000071ca00000|100%| O|  |TAMS 0x000000071ca00000, 0x000000071c800000| Untracked 
| 229|0x000000071ca00000, 0x000000071cc00000, 0x000000071cc00000|100%| O|  |TAMS 0x000000071cc00000, 0x000000071ca00000| Untracked 
| 230|0x000000071cc00000, 0x000000071ce00000, 0x000000071ce00000|100%| O|  |TAMS 0x000000071ce00000, 0x000000071cc00000| Untracked 
| 231|0x000000071ce00000, 0x000000071d000000, 0x000000071d000000|100%| O|  |TAMS 0x000000071d000000, 0x000000071ce00000| Untracked 
| 232|0x000000071d000000, 0x000000071d200000, 0x000000071d200000|100%| O|  |TAMS 0x000000071d200000, 0x000000071d000000| Untracked 
| 233|0x000000071d200000, 0x000000071d400000, 0x000000071d400000|100%| O|  |TAMS 0x000000071d400000, 0x000000071d200000| Untracked 
| 234|0x000000071d400000, 0x000000071d600000, 0x000000071d600000|100%| O|  |TAMS 0x000000071d600000, 0x000000071d400000| Untracked 
| 235|0x000000071d600000, 0x000000071d800000, 0x000000071d800000|100%| O|  |TAMS 0x000000071d800000, 0x000000071d600000| Untracked 
| 236|0x000000071d800000, 0x000000071da00000, 0x000000071da00000|100%| O|  |TAMS 0x000000071da00000, 0x000000071d800000| Untracked 
| 237|0x000000071da00000, 0x000000071dc00000, 0x000000071dc00000|100%| O|  |TAMS 0x000000071dc00000, 0x000000071da00000| Untracked 
| 238|0x000000071dc00000, 0x000000071de00000, 0x000000071de00000|100%| O|  |TAMS 0x000000071de00000, 0x000000071dc00000| Untracked 
| 239|0x000000071de00000, 0x000000071e000000, 0x000000071e000000|100%| O|  |TAMS 0x000000071e000000, 0x000000071de00000| Untracked 
| 240|0x000000071e000000, 0x000000071e200000, 0x000000071e200000|100%| O|  |TAMS 0x000000071e200000, 0x000000071e000000| Untracked 
| 241|0x000000071e200000, 0x000000071e400000, 0x000000071e400000|100%| O|  |TAMS 0x000000071e400000, 0x000000071e200000| Untracked 
| 242|0x000000071e400000, 0x000000071e600000, 0x000000071e600000|100%| O|  |TAMS 0x000000071e600000, 0x000000071e400000| Untracked 
| 243|0x000000071e600000, 0x000000071e800000, 0x000000071e800000|100%| O|  |TAMS 0x000000071e800000, 0x000000071e600000| Untracked 
| 244|0x000000071e800000, 0x000000071ea00000, 0x000000071ea00000|100%| O|  |TAMS 0x000000071ea00000, 0x000000071e800000| Untracked 
| 245|0x000000071ea00000, 0x000000071ec00000, 0x000000071ec00000|100%| O|  |TAMS 0x000000071ec00000, 0x000000071ea00000| Untracked 
| 246|0x000000071ec00000, 0x000000071ee00000, 0x000000071ee00000|100%| O|  |TAMS 0x000000071ee00000, 0x000000071ec00000| Untracked 
| 247|0x000000071ee00000, 0x000000071f000000, 0x000000071f000000|100%| O|  |TAMS 0x000000071f000000, 0x000000071ee00000| Untracked 
| 248|0x000000071f000000, 0x000000071f200000, 0x000000071f200000|100%| O|  |TAMS 0x000000071f200000, 0x000000071f000000| Untracked 
| 249|0x000000071f200000, 0x000000071f400000, 0x000000071f400000|100%| O|  |TAMS 0x000000071f400000, 0x000000071f200000| Untracked 
| 250|0x000000071f400000, 0x000000071f600000, 0x000000071f600000|100%| O|  |TAMS 0x000000071f600000, 0x000000071f400000| Untracked 
| 251|0x000000071f600000, 0x000000071f800000, 0x000000071f800000|100%| O|  |TAMS 0x000000071f800000, 0x000000071f600000| Untracked 
| 252|0x000000071f800000, 0x000000071fa00000, 0x000000071fa00000|100%| O|  |TAMS 0x000000071fa00000, 0x000000071f800000| Untracked 
| 253|0x000000071fa00000, 0x000000071fc00000, 0x000000071fc00000|100%| O|  |TAMS 0x000000071fc00000, 0x000000071fa00000| Untracked 
| 254|0x000000071fc00000, 0x000000071fe00000, 0x000000071fe00000|100%| O|  |TAMS 0x000000071fe00000, 0x000000071fc00000| Untracked 
| 255|0x000000071fe00000, 0x0000000720000000, 0x0000000720000000|100%| O|  |TAMS 0x0000000720000000, 0x000000071fe00000| Untracked 
| 256|0x0000000720000000, 0x0000000720200000, 0x0000000720200000|100%| O|  |TAMS 0x0000000720200000, 0x0000000720000000| Complete 
| 257|0x0000000720200000, 0x0000000720400000, 0x0000000720400000|100%| O|  |TAMS 0x0000000720400000, 0x0000000720200000| Untracked 
| 258|0x0000000720400000, 0x0000000720600000, 0x0000000720600000|100%| O|  |TAMS 0x0000000720600000, 0x0000000720400000| Untracked 
| 259|0x0000000720600000, 0x0000000720800000, 0x0000000720800000|100%| O|  |TAMS 0x0000000720800000, 0x0000000720600000| Untracked 
| 260|0x0000000720800000, 0x0000000720a00000, 0x0000000720a00000|100%| O|  |TAMS 0x0000000720a00000, 0x0000000720800000| Untracked 
| 261|0x0000000720a00000, 0x0000000720c00000, 0x0000000720c00000|100%| O|  |TAMS 0x0000000720c00000, 0x0000000720a00000| Untracked 
| 262|0x0000000720c00000, 0x0000000720e00000, 0x0000000720e00000|100%| O|  |TAMS 0x0000000720e00000, 0x0000000720c00000| Untracked 
| 263|0x0000000720e00000, 0x0000000721000000, 0x0000000721000000|100%| O|  |TAMS 0x0000000721000000, 0x0000000720e00000| Untracked 
| 264|0x0000000721000000, 0x0000000721200000, 0x0000000721200000|100%| O|  |TAMS 0x0000000721200000, 0x0000000721000000| Untracked 
| 265|0x0000000721200000, 0x0000000721400000, 0x0000000721400000|100%| O|  |TAMS 0x0000000721400000, 0x0000000721200000| Untracked 
| 266|0x0000000721400000, 0x0000000721600000, 0x0000000721600000|100%| O|  |TAMS 0x0000000721600000, 0x0000000721400000| Untracked 
| 267|0x0000000721600000, 0x0000000721800000, 0x0000000721800000|100%| O|  |TAMS 0x0000000721800000, 0x0000000721600000| Untracked 
| 268|0x0000000721800000, 0x0000000721a00000, 0x0000000721a00000|100%| O|  |TAMS 0x0000000721a00000, 0x0000000721800000| Untracked 
| 269|0x0000000721a00000, 0x0000000721c00000, 0x0000000721c00000|100%| O|  |TAMS 0x0000000721c00000, 0x0000000721a00000| Untracked 
| 270|0x0000000721c00000, 0x0000000721e00000, 0x0000000721e00000|100%| O|  |TAMS 0x0000000721e00000, 0x0000000721c00000| Complete 
| 271|0x0000000721e00000, 0x0000000722000000, 0x0000000722000000|100%| O|  |TAMS 0x0000000722000000, 0x0000000721e00000| Untracked 
| 272|0x0000000722000000, 0x0000000722200000, 0x0000000722200000|100%| O|  |TAMS 0x0000000722200000, 0x0000000722000000| Complete 
| 273|0x0000000722200000, 0x0000000722400000, 0x0000000722400000|100%| O|  |TAMS 0x0000000722400000, 0x0000000722200000| Complete 
| 274|0x0000000722400000, 0x0000000722600000, 0x0000000722600000|100%| O|  |TAMS 0x0000000722600000, 0x0000000722400000| Complete 
| 275|0x0000000722600000, 0x0000000722800000, 0x0000000722800000|100%| O|  |TAMS 0x0000000722800000, 0x0000000722600000| Complete 
| 276|0x0000000722800000, 0x0000000722a00000, 0x0000000722a00000|100%| O|  |TAMS 0x0000000722a00000, 0x0000000722800000| Complete 
| 277|0x0000000722a00000, 0x0000000722c00000, 0x0000000722c00000|100%| O|  |TAMS 0x0000000722c00000, 0x0000000722a00000| Untracked 
| 278|0x0000000722c00000, 0x0000000722e00000, 0x0000000722e00000|100%| O|  |TAMS 0x0000000722e00000, 0x0000000722c00000| Complete 
| 279|0x0000000722e00000, 0x0000000723000000, 0x0000000723000000|100%| O|  |TAMS 0x0000000723000000, 0x0000000722e00000| Untracked 
| 280|0x0000000723000000, 0x0000000723200000, 0x0000000723200000|100%| O|  |TAMS 0x0000000723200000, 0x0000000723000000| Untracked 
| 281|0x0000000723200000, 0x0000000723400000, 0x0000000723400000|100%| O|  |TAMS 0x0000000723400000, 0x0000000723200000| Untracked 
| 282|0x0000000723400000, 0x0000000723600000, 0x0000000723600000|100%| O|  |TAMS 0x0000000723600000, 0x0000000723400000| Untracked 
| 283|0x0000000723600000, 0x0000000723800000, 0x0000000723800000|100%| O|  |TAMS 0x0000000723800000, 0x0000000723600000| Untracked 
| 284|0x0000000723800000, 0x0000000723a00000, 0x0000000723a00000|100%| O|  |TAMS 0x0000000723a00000, 0x0000000723800000| Untracked 
| 285|0x0000000723a00000, 0x0000000723c00000, 0x0000000723c00000|100%| O|  |TAMS 0x0000000723c00000, 0x0000000723a00000| Untracked 
| 286|0x0000000723c00000, 0x0000000723e00000, 0x0000000723e00000|100%| O|  |TAMS 0x0000000723e00000, 0x0000000723c00000| Untracked 
| 287|0x0000000723e00000, 0x0000000724000000, 0x0000000724000000|100%| O|  |TAMS 0x0000000724000000, 0x0000000723e00000| Untracked 
| 288|0x0000000724000000, 0x0000000724200000, 0x0000000724200000|100%| O|  |TAMS 0x0000000724200000, 0x0000000724000000| Untracked 
| 289|0x0000000724200000, 0x0000000724200000, 0x0000000724400000|  0%| F|  |TAMS 0x0000000724200000, 0x0000000724200000| Untracked 
| 290|0x0000000724400000, 0x0000000724600000, 0x0000000724600000|100%| O|  |TAMS 0x0000000724600000, 0x0000000724400000| Complete 
| 291|0x0000000724600000, 0x0000000724800000, 0x0000000724800000|100%| O|  |TAMS 0x0000000724800000, 0x0000000724600000| Untracked 
| 292|0x0000000724800000, 0x0000000724a00000, 0x0000000724a00000|100%| O|  |TAMS 0x0000000724a00000, 0x0000000724800000| Untracked 
| 293|0x0000000724a00000, 0x0000000724c00000, 0x0000000724c00000|100%| O|  |TAMS 0x0000000724c00000, 0x0000000724a00000| Untracked 
| 294|0x0000000724c00000, 0x0000000724e00000, 0x0000000724e00000|100%| O|  |TAMS 0x0000000724e00000, 0x0000000724c00000| Untracked 
| 295|0x0000000724e00000, 0x0000000725000000, 0x0000000725000000|100%| O|  |TAMS 0x0000000725000000, 0x0000000724e00000| Untracked 
| 296|0x0000000725000000, 0x0000000725200000, 0x0000000725200000|100%| O|  |TAMS 0x0000000725200000, 0x0000000725000000| Untracked 
| 297|0x0000000725200000, 0x0000000725400000, 0x0000000725400000|100%| O|  |TAMS 0x0000000725400000, 0x0000000725200000| Untracked 
| 298|0x0000000725400000, 0x0000000725600000, 0x0000000725600000|100%| O|  |TAMS 0x0000000725600000, 0x0000000725400000| Untracked 
| 299|0x0000000725600000, 0x0000000725800000, 0x0000000725800000|100%| O|  |TAMS 0x0000000725800000, 0x0000000725600000| Complete 
| 300|0x0000000725800000, 0x0000000725800000, 0x0000000725a00000|  0%| F|  |TAMS 0x0000000725800000, 0x0000000725800000| Untracked 
| 301|0x0000000725a00000, 0x0000000725c00000, 0x0000000725c00000|100%| O|  |TAMS 0x0000000725c00000, 0x0000000725a00000| Untracked 
| 302|0x0000000725c00000, 0x0000000725e00000, 0x0000000725e00000|100%| O|  |TAMS 0x0000000725e00000, 0x0000000725c00000| Untracked 
| 303|0x0000000725e00000, 0x0000000726000000, 0x0000000726000000|100%| O|  |TAMS 0x0000000726000000, 0x0000000725e00000| Untracked 
| 304|0x0000000726000000, 0x0000000726200000, 0x0000000726200000|100%| O|  |TAMS 0x0000000726200000, 0x0000000726000000| Untracked 
| 305|0x0000000726200000, 0x0000000726400000, 0x0000000726400000|100%| O|  |TAMS 0x0000000726400000, 0x0000000726200000| Untracked 
| 306|0x0000000726400000, 0x0000000726600000, 0x0000000726600000|100%| O|  |TAMS 0x0000000726600000, 0x0000000726400000| Untracked 
| 307|0x0000000726600000, 0x0000000726800000, 0x0000000726800000|100%| O|  |TAMS 0x0000000726800000, 0x0000000726600000| Untracked 
| 308|0x0000000726800000, 0x0000000726a00000, 0x0000000726a00000|100%| O|  |TAMS 0x0000000726a00000, 0x0000000726800000| Complete 
| 309|0x0000000726a00000, 0x0000000726c00000, 0x0000000726c00000|100%| O|  |TAMS 0x0000000726c00000, 0x0000000726a00000| Complete 
| 310|0x0000000726c00000, 0x0000000726e00000, 0x0000000726e00000|100%| O|  |TAMS 0x0000000726e00000, 0x0000000726c00000| Complete 
| 311|0x0000000726e00000, 0x0000000727000000, 0x0000000727000000|100%| O|  |TAMS 0x0000000727000000, 0x0000000726e00000| Complete 
| 312|0x0000000727000000, 0x0000000727200000, 0x0000000727200000|100%| O|  |TAMS 0x0000000727200000, 0x0000000727000000| Complete 
| 313|0x0000000727200000, 0x0000000727400000, 0x0000000727400000|100%| O|  |TAMS 0x0000000727400000, 0x0000000727200000| Untracked 
| 314|0x0000000727400000, 0x0000000727600000, 0x0000000727600000|100%| O|  |TAMS 0x0000000727600000, 0x0000000727400000| Untracked 
| 315|0x0000000727600000, 0x0000000727800000, 0x0000000727800000|100%| O|  |TAMS 0x0000000727800000, 0x0000000727600000| Untracked 
| 316|0x0000000727800000, 0x0000000727a00000, 0x0000000727a00000|100%| O|  |TAMS 0x0000000727a00000, 0x0000000727800000| Untracked 
| 317|0x0000000727a00000, 0x0000000727c00000, 0x0000000727c00000|100%| O|  |TAMS 0x0000000727c00000, 0x0000000727a00000| Untracked 
| 318|0x0000000727c00000, 0x0000000727e00000, 0x0000000727e00000|100%| O|  |TAMS 0x0000000727e00000, 0x0000000727c00000| Complete 
| 319|0x0000000727e00000, 0x0000000728000000, 0x0000000728000000|100%| O|  |TAMS 0x0000000728000000, 0x0000000727e00000| Complete 
| 320|0x0000000728000000, 0x0000000728200000, 0x0000000728200000|100%| O|  |TAMS 0x0000000728200000, 0x0000000728000000| Untracked 
| 321|0x0000000728200000, 0x0000000728400000, 0x0000000728400000|100%| O|  |TAMS 0x0000000728400000, 0x0000000728200000| Untracked 
| 322|0x0000000728400000, 0x0000000728600000, 0x0000000728600000|100%| O|  |TAMS 0x0000000728600000, 0x0000000728400000| Untracked 
| 323|0x0000000728600000, 0x0000000728800000, 0x0000000728800000|100%| O|  |TAMS 0x0000000728800000, 0x0000000728600000| Untracked 
| 324|0x0000000728800000, 0x0000000728a00000, 0x0000000728a00000|100%| O|  |TAMS 0x0000000728a00000, 0x0000000728800000| Untracked 
| 325|0x0000000728a00000, 0x0000000728c00000, 0x0000000728c00000|100%| O|  |TAMS 0x0000000728c00000, 0x0000000728a00000| Untracked 
| 326|0x0000000728c00000, 0x0000000728e00000, 0x0000000728e00000|100%| O|  |TAMS 0x0000000728e00000, 0x0000000728c00000| Untracked 
| 327|0x0000000728e00000, 0x0000000729000000, 0x0000000729000000|100%| O|  |TAMS 0x0000000729000000, 0x0000000728e00000| Untracked 
| 328|0x0000000729000000, 0x0000000729200000, 0x0000000729200000|100%| O|  |TAMS 0x0000000729200000, 0x0000000729000000| Untracked 
| 329|0x0000000729200000, 0x0000000729400000, 0x0000000729400000|100%| O|  |TAMS 0x0000000729400000, 0x0000000729200000| Untracked 
| 330|0x0000000729400000, 0x0000000729600000, 0x0000000729600000|100%| O|  |TAMS 0x0000000729600000, 0x0000000729400000| Untracked 
| 331|0x0000000729600000, 0x0000000729800000, 0x0000000729800000|100%| O|  |TAMS 0x0000000729800000, 0x0000000729600000| Untracked 
| 332|0x0000000729800000, 0x0000000729a00000, 0x0000000729a00000|100%| O|  |TAMS 0x0000000729a00000, 0x0000000729800000| Untracked 
| 333|0x0000000729a00000, 0x0000000729c00000, 0x0000000729c00000|100%| O|  |TAMS 0x0000000729c00000, 0x0000000729a00000| Untracked 
| 334|0x0000000729c00000, 0x0000000729e00000, 0x0000000729e00000|100%| O|  |TAMS 0x0000000729e00000, 0x0000000729c00000| Untracked 
| 335|0x0000000729e00000, 0x000000072a000000, 0x000000072a000000|100%| O|  |TAMS 0x000000072a000000, 0x0000000729e00000| Untracked 
| 336|0x000000072a000000, 0x000000072a200000, 0x000000072a200000|100%|HS|  |TAMS 0x000000072a000000, 0x000000072a000000| Complete 
| 337|0x000000072a200000, 0x000000072a400000, 0x000000072a400000|100%|HC|  |TAMS 0x000000072a200000, 0x000000072a200000| Complete 
| 338|0x000000072a400000, 0x000000072a600000, 0x000000072a600000|100%|HC|  |TAMS 0x000000072a400000, 0x000000072a400000| Complete 
| 339|0x000000072a600000, 0x000000072a800000, 0x000000072a800000|100%|HC|  |TAMS 0x000000072a600000, 0x000000072a600000| Complete 
| 340|0x000000072a800000, 0x000000072aa00000, 0x000000072aa00000|100%|HC|  |TAMS 0x000000072a800000, 0x000000072a800000| Complete 
| 341|0x000000072aa00000, 0x000000072ac00000, 0x000000072ac00000|100%|HC|  |TAMS 0x000000072aa00000, 0x000000072aa00000| Complete 
| 342|0x000000072ac00000, 0x000000072ae00000, 0x000000072ae00000|100%|HC|  |TAMS 0x000000072ac00000, 0x000000072ac00000| Complete 
| 343|0x000000072ae00000, 0x000000072b000000, 0x000000072b000000|100%|HC|  |TAMS 0x000000072ae00000, 0x000000072ae00000| Complete 
| 344|0x000000072b000000, 0x000000072b200000, 0x000000072b200000|100%|HC|  |TAMS 0x000000072b000000, 0x000000072b000000| Complete 
| 345|0x000000072b200000, 0x000000072b400000, 0x000000072b400000|100%|HS|  |TAMS 0x000000072b200000, 0x000000072b200000| Complete 
| 346|0x000000072b400000, 0x000000072b600000, 0x000000072b600000|100%|HC|  |TAMS 0x000000072b400000, 0x000000072b400000| Complete 
| 347|0x000000072b600000, 0x000000072b800000, 0x000000072b800000|100%|HC|  |TAMS 0x000000072b600000, 0x000000072b600000| Complete 
| 348|0x000000072b800000, 0x000000072ba00000, 0x000000072ba00000|100%|HC|  |TAMS 0x000000072b800000, 0x000000072b800000| Complete 
| 349|0x000000072ba00000, 0x000000072bc00000, 0x000000072bc00000|100%|HC|  |TAMS 0x000000072ba00000, 0x000000072ba00000| Complete 
| 350|0x000000072bc00000, 0x000000072be00000, 0x000000072be00000|100%|HC|  |TAMS 0x000000072bc00000, 0x000000072bc00000| Complete 
| 351|0x000000072be00000, 0x000000072c000000, 0x000000072c000000|100%|HC|  |TAMS 0x000000072be00000, 0x000000072be00000| Complete 
| 352|0x000000072c000000, 0x000000072c200000, 0x000000072c200000|100%|HS|  |TAMS 0x000000072c000000, 0x000000072c000000| Complete 
| 353|0x000000072c200000, 0x000000072c400000, 0x000000072c400000|100%|HC|  |TAMS 0x000000072c200000, 0x000000072c200000| Complete 
| 354|0x000000072c400000, 0x000000072c600000, 0x000000072c600000|100%|HC|  |TAMS 0x000000072c400000, 0x000000072c400000| Complete 
| 355|0x000000072c600000, 0x000000072c800000, 0x000000072c800000|100%|HC|  |TAMS 0x000000072c600000, 0x000000072c600000| Complete 
| 356|0x000000072c800000, 0x000000072ca00000, 0x000000072ca00000|100%|HC|  |TAMS 0x000000072c800000, 0x000000072c800000| Complete 
| 357|0x000000072ca00000, 0x000000072cc00000, 0x000000072cc00000|100%|HC|  |TAMS 0x000000072ca00000, 0x000000072ca00000| Complete 
| 358|0x000000072cc00000, 0x000000072ce00000, 0x000000072ce00000|100%|HC|  |TAMS 0x000000072cc00000, 0x000000072cc00000| Complete 
| 359|0x000000072ce00000, 0x000000072ce00000, 0x000000072d000000|  0%| F|  |TAMS 0x000000072ce00000, 0x000000072ce00000| Untracked 
| 360|0x000000072d000000, 0x000000072d000000, 0x000000072d200000|  0%| F|  |TAMS 0x000000072d000000, 0x000000072d000000| Untracked 
| 361|0x000000072d200000, 0x000000072d200000, 0x000000072d400000|  0%| F|  |TAMS 0x000000072d200000, 0x000000072d200000| Untracked 
| 362|0x000000072d400000, 0x000000072d400000, 0x000000072d600000|  0%| F|  |TAMS 0x000000072d400000, 0x000000072d400000| Untracked 
| 363|0x000000072d600000, 0x000000072d600000, 0x000000072d800000|  0%| F|  |TAMS 0x000000072d600000, 0x000000072d600000| Untracked 
| 364|0x000000072d800000, 0x000000072d800000, 0x000000072da00000|  0%| F|  |TAMS 0x000000072d800000, 0x000000072d800000| Untracked 
| 365|0x000000072da00000, 0x000000072da00000, 0x000000072dc00000|  0%| F|  |TAMS 0x000000072da00000, 0x000000072da00000| Untracked 
| 366|0x000000072dc00000, 0x000000072dc00000, 0x000000072de00000|  0%| F|  |TAMS 0x000000072dc00000, 0x000000072dc00000| Untracked 
| 367|0x000000072de00000, 0x000000072de00000, 0x000000072e000000|  0%| F|  |TAMS 0x000000072de00000, 0x000000072de00000| Untracked 
| 368|0x000000072e000000, 0x000000072e000000, 0x000000072e200000|  0%| F|  |TAMS 0x000000072e000000, 0x000000072e000000| Untracked 
| 369|0x000000072e200000, 0x000000072e200000, 0x000000072e400000|  0%| F|  |TAMS 0x000000072e200000, 0x000000072e200000| Untracked 
| 370|0x000000072e400000, 0x000000072e400000, 0x000000072e600000|  0%| F|  |TAMS 0x000000072e400000, 0x000000072e400000| Untracked 
| 371|0x000000072e600000, 0x000000072e600000, 0x000000072e800000|  0%| F|  |TAMS 0x000000072e600000, 0x000000072e600000| Untracked 
| 372|0x000000072e800000, 0x000000072e800000, 0x000000072ea00000|  0%| F|  |TAMS 0x000000072e800000, 0x000000072e800000| Untracked 
| 373|0x000000072ea00000, 0x000000072ea00000, 0x000000072ec00000|  0%| F|  |TAMS 0x000000072ea00000, 0x000000072ea00000| Untracked 
| 374|0x000000072ec00000, 0x000000072ec00000, 0x000000072ee00000|  0%| F|  |TAMS 0x000000072ec00000, 0x000000072ec00000| Untracked 
| 375|0x000000072ee00000, 0x000000072ee00000, 0x000000072f000000|  0%| F|  |TAMS 0x000000072ee00000, 0x000000072ee00000| Untracked 
| 376|0x000000072f000000, 0x000000072f000000, 0x000000072f200000|  0%| F|  |TAMS 0x000000072f000000, 0x000000072f000000| Untracked 
| 377|0x000000072f200000, 0x000000072f200000, 0x000000072f400000|  0%| F|  |TAMS 0x000000072f200000, 0x000000072f200000| Untracked 
| 378|0x000000072f400000, 0x000000072f400000, 0x000000072f600000|  0%| F|  |TAMS 0x000000072f400000, 0x000000072f400000| Untracked 
| 379|0x000000072f600000, 0x000000072f600000, 0x000000072f800000|  0%| F|  |TAMS 0x000000072f600000, 0x000000072f600000| Untracked 
| 380|0x000000072f800000, 0x000000072f800000, 0x000000072fa00000|  0%| F|  |TAMS 0x000000072f800000, 0x000000072f800000| Untracked 
| 381|0x000000072fa00000, 0x000000072fa00000, 0x000000072fc00000|  0%| F|  |TAMS 0x000000072fa00000, 0x000000072fa00000| Untracked 
| 382|0x000000072fc00000, 0x000000072fc00000, 0x000000072fe00000|  0%| F|  |TAMS 0x000000072fc00000, 0x000000072fc00000| Untracked 
| 383|0x000000072fe00000, 0x000000072fe00000, 0x0000000730000000|  0%| F|  |TAMS 0x000000072fe00000, 0x000000072fe00000| Untracked 
| 384|0x0000000730000000, 0x0000000730000000, 0x0000000730200000|  0%| F|  |TAMS 0x0000000730000000, 0x0000000730000000| Untracked 
| 385|0x0000000730200000, 0x0000000730200000, 0x0000000730400000|  0%| F|  |TAMS 0x0000000730200000, 0x0000000730200000| Untracked 
| 386|0x0000000730400000, 0x0000000730400000, 0x0000000730600000|  0%| F|  |TAMS 0x0000000730400000, 0x0000000730400000| Untracked 
| 387|0x0000000730600000, 0x0000000730600000, 0x0000000730800000|  0%| F|  |TAMS 0x0000000730600000, 0x0000000730600000| Untracked 
| 388|0x0000000730800000, 0x0000000730800000, 0x0000000730a00000|  0%| F|  |TAMS 0x0000000730800000, 0x0000000730800000| Untracked 
| 389|0x0000000730a00000, 0x0000000730a00000, 0x0000000730c00000|  0%| F|  |TAMS 0x0000000730a00000, 0x0000000730a00000| Untracked 
| 390|0x0000000730c00000, 0x0000000730c00000, 0x0000000730e00000|  0%| F|  |TAMS 0x0000000730c00000, 0x0000000730c00000| Untracked 
| 391|0x0000000730e00000, 0x0000000730e00000, 0x0000000731000000|  0%| F|  |TAMS 0x0000000730e00000, 0x0000000730e00000| Untracked 
| 392|0x0000000731000000, 0x0000000731000000, 0x0000000731200000|  0%| F|  |TAMS 0x0000000731000000, 0x0000000731000000| Untracked 
| 393|0x0000000731200000, 0x0000000731200000, 0x0000000731400000|  0%| F|  |TAMS 0x0000000731200000, 0x0000000731200000| Untracked 
| 394|0x0000000731400000, 0x0000000731400000, 0x0000000731600000|  0%| F|  |TAMS 0x0000000731400000, 0x0000000731400000| Untracked 
| 395|0x0000000731600000, 0x0000000731600000, 0x0000000731800000|  0%| F|  |TAMS 0x0000000731600000, 0x0000000731600000| Untracked 
| 396|0x0000000731800000, 0x0000000731800000, 0x0000000731a00000|  0%| F|  |TAMS 0x0000000731800000, 0x0000000731800000| Untracked 
| 397|0x0000000731a00000, 0x0000000731a00000, 0x0000000731c00000|  0%| F|  |TAMS 0x0000000731a00000, 0x0000000731a00000| Untracked 
| 398|0x0000000731c00000, 0x0000000731c00000, 0x0000000731e00000|  0%| F|  |TAMS 0x0000000731c00000, 0x0000000731c00000| Untracked 
| 399|0x0000000731e00000, 0x0000000731e00000, 0x0000000732000000|  0%| F|  |TAMS 0x0000000731e00000, 0x0000000731e00000| Untracked 
| 400|0x0000000732000000, 0x0000000732000000, 0x0000000732200000|  0%| F|  |TAMS 0x0000000732000000, 0x0000000732000000| Untracked 
| 401|0x0000000732200000, 0x0000000732200000, 0x0000000732400000|  0%| F|  |TAMS 0x0000000732200000, 0x0000000732200000| Untracked 
| 402|0x0000000732400000, 0x0000000732400000, 0x0000000732600000|  0%| F|  |TAMS 0x0000000732400000, 0x0000000732400000| Untracked 
| 403|0x0000000732600000, 0x0000000732600000, 0x0000000732800000|  0%| F|  |TAMS 0x0000000732600000, 0x0000000732600000| Untracked 
| 404|0x0000000732800000, 0x0000000732800000, 0x0000000732a00000|  0%| F|  |TAMS 0x0000000732800000, 0x0000000732800000| Untracked 
| 405|0x0000000732a00000, 0x0000000732a00000, 0x0000000732c00000|  0%| F|  |TAMS 0x0000000732a00000, 0x0000000732a00000| Untracked 
| 406|0x0000000732c00000, 0x0000000732c00000, 0x0000000732e00000|  0%| F|  |TAMS 0x0000000732c00000, 0x0000000732c00000| Untracked 
| 407|0x0000000732e00000, 0x0000000732e00000, 0x0000000733000000|  0%| F|  |TAMS 0x0000000732e00000, 0x0000000732e00000| Untracked 
| 408|0x0000000733000000, 0x0000000733000000, 0x0000000733200000|  0%| F|  |TAMS 0x0000000733000000, 0x0000000733000000| Untracked 
| 409|0x0000000733200000, 0x0000000733200000, 0x0000000733400000|  0%| F|  |TAMS 0x0000000733200000, 0x0000000733200000| Untracked 
| 410|0x0000000733400000, 0x0000000733400000, 0x0000000733600000|  0%| F|  |TAMS 0x0000000733400000, 0x0000000733400000| Untracked 
| 411|0x0000000733600000, 0x0000000733600000, 0x0000000733800000|  0%| F|  |TAMS 0x0000000733600000, 0x0000000733600000| Untracked 
| 412|0x0000000733800000, 0x0000000733800000, 0x0000000733a00000|  0%| F|  |TAMS 0x0000000733800000, 0x0000000733800000| Untracked 
| 413|0x0000000733a00000, 0x0000000733a00000, 0x0000000733c00000|  0%| F|  |TAMS 0x0000000733a00000, 0x0000000733a00000| Untracked 
| 414|0x0000000733c00000, 0x0000000733c00000, 0x0000000733e00000|  0%| F|  |TAMS 0x0000000733c00000, 0x0000000733c00000| Untracked 
| 415|0x0000000733e00000, 0x0000000733e00000, 0x0000000734000000|  0%| F|  |TAMS 0x0000000733e00000, 0x0000000733e00000| Untracked 
| 416|0x0000000734000000, 0x0000000734000000, 0x0000000734200000|  0%| F|  |TAMS 0x0000000734000000, 0x0000000734000000| Untracked 
| 417|0x0000000734200000, 0x0000000734200000, 0x0000000734400000|  0%| F|  |TAMS 0x0000000734200000, 0x0000000734200000| Untracked 
| 418|0x0000000734400000, 0x0000000734400000, 0x0000000734600000|  0%| F|  |TAMS 0x0000000734400000, 0x0000000734400000| Untracked 
| 419|0x0000000734600000, 0x0000000734600000, 0x0000000734800000|  0%| F|  |TAMS 0x0000000734600000, 0x0000000734600000| Untracked 
| 420|0x0000000734800000, 0x0000000734800000, 0x0000000734a00000|  0%| F|  |TAMS 0x0000000734800000, 0x0000000734800000| Untracked 
| 421|0x0000000734a00000, 0x0000000734a00000, 0x0000000734c00000|  0%| F|  |TAMS 0x0000000734a00000, 0x0000000734a00000| Untracked 
| 422|0x0000000734c00000, 0x0000000734c00000, 0x0000000734e00000|  0%| F|  |TAMS 0x0000000734c00000, 0x0000000734c00000| Untracked 
| 423|0x0000000734e00000, 0x0000000734e00000, 0x0000000735000000|  0%| F|  |TAMS 0x0000000734e00000, 0x0000000734e00000| Untracked 
| 424|0x0000000735000000, 0x0000000735000000, 0x0000000735200000|  0%| F|  |TAMS 0x0000000735000000, 0x0000000735000000| Untracked 
| 425|0x0000000735200000, 0x0000000735200000, 0x0000000735400000|  0%| F|  |TAMS 0x0000000735200000, 0x0000000735200000| Untracked 
| 426|0x0000000735400000, 0x0000000735400000, 0x0000000735600000|  0%| F|  |TAMS 0x0000000735400000, 0x0000000735400000| Untracked 
| 427|0x0000000735600000, 0x0000000735600000, 0x0000000735800000|  0%| F|  |TAMS 0x0000000735600000, 0x0000000735600000| Untracked 
| 428|0x0000000735800000, 0x0000000735800000, 0x0000000735a00000|  0%| F|  |TAMS 0x0000000735800000, 0x0000000735800000| Untracked 
| 429|0x0000000735a00000, 0x0000000735a00000, 0x0000000735c00000|  0%| F|  |TAMS 0x0000000735a00000, 0x0000000735a00000| Untracked 
| 430|0x0000000735c00000, 0x0000000735c00000, 0x0000000735e00000|  0%| F|  |TAMS 0x0000000735c00000, 0x0000000735c00000| Untracked 
| 431|0x0000000735e00000, 0x0000000735e00000, 0x0000000736000000|  0%| F|  |TAMS 0x0000000735e00000, 0x0000000735e00000| Untracked 
| 432|0x0000000736000000, 0x0000000736000000, 0x0000000736200000|  0%| F|  |TAMS 0x0000000736000000, 0x0000000736000000| Untracked 
| 433|0x0000000736200000, 0x0000000736200000, 0x0000000736400000|  0%| F|  |TAMS 0x0000000736200000, 0x0000000736200000| Untracked 
| 434|0x0000000736400000, 0x0000000736400000, 0x0000000736600000|  0%| F|  |TAMS 0x0000000736400000, 0x0000000736400000| Untracked 
| 435|0x0000000736600000, 0x0000000736600000, 0x0000000736800000|  0%| F|  |TAMS 0x0000000736600000, 0x0000000736600000| Untracked 
| 436|0x0000000736800000, 0x0000000736800000, 0x0000000736a00000|  0%| F|  |TAMS 0x0000000736800000, 0x0000000736800000| Untracked 
| 437|0x0000000736a00000, 0x0000000736a00000, 0x0000000736c00000|  0%| F|  |TAMS 0x0000000736a00000, 0x0000000736a00000| Untracked 
| 438|0x0000000736c00000, 0x0000000736c00000, 0x0000000736e00000|  0%| F|  |TAMS 0x0000000736c00000, 0x0000000736c00000| Untracked 
| 439|0x0000000736e00000, 0x0000000736e00000, 0x0000000737000000|  0%| F|  |TAMS 0x0000000736e00000, 0x0000000736e00000| Untracked 
| 440|0x0000000737000000, 0x0000000737000000, 0x0000000737200000|  0%| F|  |TAMS 0x0000000737000000, 0x0000000737000000| Untracked 
| 441|0x0000000737200000, 0x0000000737200000, 0x0000000737400000|  0%| F|  |TAMS 0x0000000737200000, 0x0000000737200000| Untracked 
| 442|0x0000000737400000, 0x0000000737400000, 0x0000000737600000|  0%| F|  |TAMS 0x0000000737400000, 0x0000000737400000| Untracked 
| 443|0x0000000737600000, 0x0000000737600000, 0x0000000737800000|  0%| F|  |TAMS 0x0000000737600000, 0x0000000737600000| Untracked 
| 444|0x0000000737800000, 0x0000000737800000, 0x0000000737a00000|  0%| F|  |TAMS 0x0000000737800000, 0x0000000737800000| Untracked 
| 445|0x0000000737a00000, 0x0000000737a00000, 0x0000000737c00000|  0%| F|  |TAMS 0x0000000737a00000, 0x0000000737a00000| Untracked 
| 446|0x0000000737c00000, 0x0000000737c00000, 0x0000000737e00000|  0%| F|  |TAMS 0x0000000737c00000, 0x0000000737c00000| Untracked 
| 447|0x0000000737e00000, 0x0000000737e00000, 0x0000000738000000|  0%| F|  |TAMS 0x0000000737e00000, 0x0000000737e00000| Untracked 
| 448|0x0000000738000000, 0x0000000738000000, 0x0000000738200000|  0%| F|  |TAMS 0x0000000738000000, 0x0000000738000000| Untracked 
| 449|0x0000000738200000, 0x0000000738200000, 0x0000000738400000|  0%| F|  |TAMS 0x0000000738200000, 0x0000000738200000| Untracked 
| 450|0x0000000738400000, 0x0000000738400000, 0x0000000738600000|  0%| F|  |TAMS 0x0000000738400000, 0x0000000738400000| Untracked 
| 451|0x0000000738600000, 0x0000000738600000, 0x0000000738800000|  0%| F|  |TAMS 0x0000000738600000, 0x0000000738600000| Untracked 
| 452|0x0000000738800000, 0x0000000738800000, 0x0000000738a00000|  0%| F|  |TAMS 0x0000000738800000, 0x0000000738800000| Untracked 
| 453|0x0000000738a00000, 0x0000000738a00000, 0x0000000738c00000|  0%| F|  |TAMS 0x0000000738a00000, 0x0000000738a00000| Untracked 
| 454|0x0000000738c00000, 0x0000000738c00000, 0x0000000738e00000|  0%| F|  |TAMS 0x0000000738c00000, 0x0000000738c00000| Untracked 
| 455|0x0000000738e00000, 0x0000000738e00000, 0x0000000739000000|  0%| F|  |TAMS 0x0000000738e00000, 0x0000000738e00000| Untracked 
| 456|0x0000000739000000, 0x0000000739000000, 0x0000000739200000|  0%| F|  |TAMS 0x0000000739000000, 0x0000000739000000| Untracked 
| 457|0x0000000739200000, 0x0000000739200000, 0x0000000739400000|  0%| F|  |TAMS 0x0000000739200000, 0x0000000739200000| Untracked 
| 458|0x0000000739400000, 0x0000000739400000, 0x0000000739600000|  0%| F|  |TAMS 0x0000000739400000, 0x0000000739400000| Untracked 
| 459|0x0000000739600000, 0x0000000739600000, 0x0000000739800000|  0%| F|  |TAMS 0x0000000739600000, 0x0000000739600000| Untracked 
| 460|0x0000000739800000, 0x0000000739800000, 0x0000000739a00000|  0%| F|  |TAMS 0x0000000739800000, 0x0000000739800000| Untracked 
| 461|0x0000000739a00000, 0x0000000739a00000, 0x0000000739c00000|  0%| F|  |TAMS 0x0000000739a00000, 0x0000000739a00000| Untracked 
| 462|0x0000000739c00000, 0x0000000739c00000, 0x0000000739e00000|  0%| F|  |TAMS 0x0000000739c00000, 0x0000000739c00000| Untracked 
| 463|0x0000000739e00000, 0x0000000739e00000, 0x000000073a000000|  0%| F|  |TAMS 0x0000000739e00000, 0x0000000739e00000| Untracked 
| 464|0x000000073a000000, 0x000000073a000000, 0x000000073a200000|  0%| F|  |TAMS 0x000000073a000000, 0x000000073a000000| Untracked 
| 465|0x000000073a200000, 0x000000073a200000, 0x000000073a400000|  0%| F|  |TAMS 0x000000073a200000, 0x000000073a200000| Untracked 
| 466|0x000000073a400000, 0x000000073a400000, 0x000000073a600000|  0%| F|  |TAMS 0x000000073a400000, 0x000000073a400000| Untracked 
| 467|0x000000073a600000, 0x000000073a600000, 0x000000073a800000|  0%| F|  |TAMS 0x000000073a600000, 0x000000073a600000| Untracked 
| 468|0x000000073a800000, 0x000000073a800000, 0x000000073aa00000|  0%| F|  |TAMS 0x000000073a800000, 0x000000073a800000| Untracked 
| 469|0x000000073aa00000, 0x000000073aa00000, 0x000000073ac00000|  0%| F|  |TAMS 0x000000073aa00000, 0x000000073aa00000| Untracked 
| 470|0x000000073ac00000, 0x000000073ac00000, 0x000000073ae00000|  0%| F|  |TAMS 0x000000073ac00000, 0x000000073ac00000| Untracked 
| 471|0x000000073ae00000, 0x000000073ae00000, 0x000000073b000000|  0%| F|  |TAMS 0x000000073ae00000, 0x000000073ae00000| Untracked 
| 472|0x000000073b000000, 0x000000073b000000, 0x000000073b200000|  0%| F|  |TAMS 0x000000073b000000, 0x000000073b000000| Untracked 
| 473|0x000000073b200000, 0x000000073b200000, 0x000000073b400000|  0%| F|  |TAMS 0x000000073b200000, 0x000000073b200000| Untracked 
| 474|0x000000073b400000, 0x000000073b400000, 0x000000073b600000|  0%| F|  |TAMS 0x000000073b400000, 0x000000073b400000| Untracked 
| 475|0x000000073b600000, 0x000000073b600000, 0x000000073b800000|  0%| F|  |TAMS 0x000000073b600000, 0x000000073b600000| Untracked 
| 476|0x000000073b800000, 0x000000073b800000, 0x000000073ba00000|  0%| F|  |TAMS 0x000000073b800000, 0x000000073b800000| Untracked 
| 477|0x000000073ba00000, 0x000000073ba00000, 0x000000073bc00000|  0%| F|  |TAMS 0x000000073ba00000, 0x000000073ba00000| Untracked 
| 478|0x000000073bc00000, 0x000000073bc00000, 0x000000073be00000|  0%| F|  |TAMS 0x000000073bc00000, 0x000000073bc00000| Untracked 
| 479|0x000000073be00000, 0x000000073be00000, 0x000000073c000000|  0%| F|  |TAMS 0x000000073be00000, 0x000000073be00000| Untracked 
| 480|0x000000073c000000, 0x000000073c000000, 0x000000073c200000|  0%| F|  |TAMS 0x000000073c000000, 0x000000073c000000| Untracked 
| 481|0x000000073c200000, 0x000000073c200000, 0x000000073c400000|  0%| F|  |TAMS 0x000000073c200000, 0x000000073c200000| Untracked 
| 482|0x000000073c400000, 0x000000073c400000, 0x000000073c600000|  0%| F|  |TAMS 0x000000073c400000, 0x000000073c400000| Untracked 
| 483|0x000000073c600000, 0x000000073c600000, 0x000000073c800000|  0%| F|  |TAMS 0x000000073c600000, 0x000000073c600000| Untracked 
| 484|0x000000073c800000, 0x000000073c800000, 0x000000073ca00000|  0%| F|  |TAMS 0x000000073c800000, 0x000000073c800000| Untracked 
| 485|0x000000073ca00000, 0x000000073ca00000, 0x000000073cc00000|  0%| F|  |TAMS 0x000000073ca00000, 0x000000073ca00000| Untracked 
| 486|0x000000073cc00000, 0x000000073cc00000, 0x000000073ce00000|  0%| F|  |TAMS 0x000000073cc00000, 0x000000073cc00000| Untracked 
| 487|0x000000073ce00000, 0x000000073ce00000, 0x000000073d000000|  0%| F|  |TAMS 0x000000073ce00000, 0x000000073ce00000| Untracked 
| 488|0x000000073d000000, 0x000000073d000000, 0x000000073d200000|  0%| F|  |TAMS 0x000000073d000000, 0x000000073d000000| Untracked 
| 489|0x000000073d200000, 0x000000073d200000, 0x000000073d400000|  0%| F|  |TAMS 0x000000073d200000, 0x000000073d200000| Untracked 
| 490|0x000000073d400000, 0x000000073d400000, 0x000000073d600000|  0%| F|  |TAMS 0x000000073d400000, 0x000000073d400000| Untracked 
| 491|0x000000073d600000, 0x000000073d600000, 0x000000073d800000|  0%| F|  |TAMS 0x000000073d600000, 0x000000073d600000| Untracked 
| 492|0x000000073d800000, 0x000000073d800000, 0x000000073da00000|  0%| F|  |TAMS 0x000000073d800000, 0x000000073d800000| Untracked 
| 493|0x000000073da00000, 0x000000073da00000, 0x000000073dc00000|  0%| F|  |TAMS 0x000000073da00000, 0x000000073da00000| Untracked 
| 494|0x000000073dc00000, 0x000000073dc00000, 0x000000073de00000|  0%| F|  |TAMS 0x000000073dc00000, 0x000000073dc00000| Untracked 
| 495|0x000000073de00000, 0x000000073de00000, 0x000000073e000000|  0%| F|  |TAMS 0x000000073de00000, 0x000000073de00000| Untracked 
| 496|0x000000073e000000, 0x000000073e000000, 0x000000073e200000|  0%| F|  |TAMS 0x000000073e000000, 0x000000073e000000| Untracked 
| 497|0x000000073e200000, 0x000000073e200000, 0x000000073e400000|  0%| F|  |TAMS 0x000000073e200000, 0x000000073e200000| Untracked 
| 498|0x000000073e400000, 0x000000073e400000, 0x000000073e600000|  0%| F|  |TAMS 0x000000073e400000, 0x000000073e400000| Untracked 
| 499|0x000000073e600000, 0x000000073e600000, 0x000000073e800000|  0%| F|  |TAMS 0x000000073e600000, 0x000000073e600000| Untracked 
| 500|0x000000073e800000, 0x000000073e800000, 0x000000073ea00000|  0%| F|  |TAMS 0x000000073e800000, 0x000000073e800000| Untracked 
| 501|0x000000073ea00000, 0x000000073ea00000, 0x000000073ec00000|  0%| F|  |TAMS 0x000000073ea00000, 0x000000073ea00000| Untracked 
| 502|0x000000073ec00000, 0x000000073ec00000, 0x000000073ee00000|  0%| F|  |TAMS 0x000000073ec00000, 0x000000073ec00000| Untracked 
| 503|0x000000073ee00000, 0x000000073ee00000, 0x000000073f000000|  0%| F|  |TAMS 0x000000073ee00000, 0x000000073ee00000| Untracked 
| 504|0x000000073f000000, 0x000000073f000000, 0x000000073f200000|  0%| F|  |TAMS 0x000000073f000000, 0x000000073f000000| Untracked 
| 505|0x000000073f200000, 0x000000073f200000, 0x000000073f400000|  0%| F|  |TAMS 0x000000073f200000, 0x000000073f200000| Untracked 
| 506|0x000000073f400000, 0x000000073f400000, 0x000000073f600000|  0%| F|  |TAMS 0x000000073f400000, 0x000000073f400000| Untracked 
| 507|0x000000073f600000, 0x000000073f600000, 0x000000073f800000|  0%| F|  |TAMS 0x000000073f600000, 0x000000073f600000| Untracked 
| 508|0x000000073f800000, 0x000000073f800000, 0x000000073fa00000|  0%| F|  |TAMS 0x000000073f800000, 0x000000073f800000| Untracked 
| 509|0x000000073fa00000, 0x000000073fa00000, 0x000000073fc00000|  0%| F|  |TAMS 0x000000073fa00000, 0x000000073fa00000| Untracked 
| 510|0x000000073fc00000, 0x000000073fc00000, 0x000000073fe00000|  0%| F|  |TAMS 0x000000073fc00000, 0x000000073fc00000| Untracked 
| 511|0x000000073fe00000, 0x000000073fe00000, 0x0000000740000000|  0%| F|  |TAMS 0x000000073fe00000, 0x000000073fe00000| Untracked 
| 512|0x0000000740000000, 0x0000000740000000, 0x0000000740200000|  0%| F|  |TAMS 0x0000000740000000, 0x0000000740000000| Untracked 
| 513|0x0000000740200000, 0x0000000740200000, 0x0000000740400000|  0%| F|  |TAMS 0x0000000740200000, 0x0000000740200000| Untracked 
| 514|0x0000000740400000, 0x0000000740400000, 0x0000000740600000|  0%| F|  |TAMS 0x0000000740400000, 0x0000000740400000| Untracked 
| 515|0x0000000740600000, 0x0000000740600000, 0x0000000740800000|  0%| F|  |TAMS 0x0000000740600000, 0x0000000740600000| Untracked 
| 516|0x0000000740800000, 0x0000000740800000, 0x0000000740a00000|  0%| F|  |TAMS 0x0000000740800000, 0x0000000740800000| Untracked 
| 517|0x0000000740a00000, 0x0000000740a00000, 0x0000000740c00000|  0%| F|  |TAMS 0x0000000740a00000, 0x0000000740a00000| Untracked 
| 518|0x0000000740c00000, 0x0000000740c00000, 0x0000000740e00000|  0%| F|  |TAMS 0x0000000740c00000, 0x0000000740c00000| Untracked 
| 519|0x0000000740e00000, 0x0000000740e00000, 0x0000000741000000|  0%| F|  |TAMS 0x0000000740e00000, 0x0000000740e00000| Untracked 
| 520|0x0000000741000000, 0x0000000741000000, 0x0000000741200000|  0%| F|  |TAMS 0x0000000741000000, 0x0000000741000000| Untracked 
| 521|0x0000000741200000, 0x0000000741200000, 0x0000000741400000|  0%| F|  |TAMS 0x0000000741200000, 0x0000000741200000| Untracked 
| 522|0x0000000741400000, 0x0000000741400000, 0x0000000741600000|  0%| F|  |TAMS 0x0000000741400000, 0x0000000741400000| Untracked 
| 523|0x0000000741600000, 0x0000000741600000, 0x0000000741800000|  0%| F|  |TAMS 0x0000000741600000, 0x0000000741600000| Untracked 
| 524|0x0000000741800000, 0x0000000741800000, 0x0000000741a00000|  0%| F|  |TAMS 0x0000000741800000, 0x0000000741800000| Untracked 
| 525|0x0000000741a00000, 0x0000000741a00000, 0x0000000741c00000|  0%| F|  |TAMS 0x0000000741a00000, 0x0000000741a00000| Untracked 
| 526|0x0000000741c00000, 0x0000000741c00000, 0x0000000741e00000|  0%| F|  |TAMS 0x0000000741c00000, 0x0000000741c00000| Untracked 
| 527|0x0000000741e00000, 0x0000000741e00000, 0x0000000742000000|  0%| F|  |TAMS 0x0000000741e00000, 0x0000000741e00000| Untracked 
| 528|0x0000000742000000, 0x0000000742000000, 0x0000000742200000|  0%| F|  |TAMS 0x0000000742000000, 0x0000000742000000| Untracked 
| 529|0x0000000742200000, 0x0000000742200000, 0x0000000742400000|  0%| F|  |TAMS 0x0000000742200000, 0x0000000742200000| Untracked 
| 530|0x0000000742400000, 0x0000000742400000, 0x0000000742600000|  0%| F|  |TAMS 0x0000000742400000, 0x0000000742400000| Untracked 
| 531|0x0000000742600000, 0x0000000742600000, 0x0000000742800000|  0%| F|  |TAMS 0x0000000742600000, 0x0000000742600000| Untracked 
| 532|0x0000000742800000, 0x0000000742800000, 0x0000000742a00000|  0%| F|  |TAMS 0x0000000742800000, 0x0000000742800000| Untracked 
| 533|0x0000000742a00000, 0x0000000742a00000, 0x0000000742c00000|  0%| F|  |TAMS 0x0000000742a00000, 0x0000000742a00000| Untracked 
| 534|0x0000000742c00000, 0x0000000742c00000, 0x0000000742e00000|  0%| F|  |TAMS 0x0000000742c00000, 0x0000000742c00000| Untracked 
| 535|0x0000000742e00000, 0x0000000742e00000, 0x0000000743000000|  0%| F|  |TAMS 0x0000000742e00000, 0x0000000742e00000| Untracked 
| 536|0x0000000743000000, 0x0000000743000000, 0x0000000743200000|  0%| F|  |TAMS 0x0000000743000000, 0x0000000743000000| Untracked 
| 537|0x0000000743200000, 0x0000000743200000, 0x0000000743400000|  0%| F|  |TAMS 0x0000000743200000, 0x0000000743200000| Untracked 
| 538|0x0000000743400000, 0x0000000743400000, 0x0000000743600000|  0%| F|  |TAMS 0x0000000743400000, 0x0000000743400000| Untracked 
| 539|0x0000000743600000, 0x0000000743600000, 0x0000000743800000|  0%| F|  |TAMS 0x0000000743600000, 0x0000000743600000| Untracked 
| 540|0x0000000743800000, 0x0000000743800000, 0x0000000743a00000|  0%| F|  |TAMS 0x0000000743800000, 0x0000000743800000| Untracked 
| 541|0x0000000743a00000, 0x0000000743a00000, 0x0000000743c00000|  0%| F|  |TAMS 0x0000000743a00000, 0x0000000743a00000| Untracked 
| 542|0x0000000743c00000, 0x0000000743c00000, 0x0000000743e00000|  0%| F|  |TAMS 0x0000000743c00000, 0x0000000743c00000| Untracked 
| 543|0x0000000743e00000, 0x0000000743e00000, 0x0000000744000000|  0%| F|  |TAMS 0x0000000743e00000, 0x0000000743e00000| Untracked 
| 544|0x0000000744000000, 0x0000000744000000, 0x0000000744200000|  0%| F|  |TAMS 0x0000000744000000, 0x0000000744000000| Untracked 
| 545|0x0000000744200000, 0x0000000744200000, 0x0000000744400000|  0%| F|  |TAMS 0x0000000744200000, 0x0000000744200000| Untracked 
| 546|0x0000000744400000, 0x0000000744400000, 0x0000000744600000|  0%| F|  |TAMS 0x0000000744400000, 0x0000000744400000| Untracked 
| 547|0x0000000744600000, 0x0000000744600000, 0x0000000744800000|  0%| F|  |TAMS 0x0000000744600000, 0x0000000744600000| Untracked 
| 548|0x0000000744800000, 0x0000000744800000, 0x0000000744a00000|  0%| F|  |TAMS 0x0000000744800000, 0x0000000744800000| Untracked 
| 549|0x0000000744a00000, 0x0000000744a00000, 0x0000000744c00000|  0%| F|  |TAMS 0x0000000744a00000, 0x0000000744a00000| Untracked 
| 550|0x0000000744c00000, 0x0000000744c00000, 0x0000000744e00000|  0%| F|  |TAMS 0x0000000744c00000, 0x0000000744c00000| Untracked 
| 551|0x0000000744e00000, 0x0000000744e00000, 0x0000000745000000|  0%| F|  |TAMS 0x0000000744e00000, 0x0000000744e00000| Untracked 
| 552|0x0000000745000000, 0x0000000745000000, 0x0000000745200000|  0%| F|  |TAMS 0x0000000745000000, 0x0000000745000000| Untracked 
| 553|0x0000000745200000, 0x0000000745200000, 0x0000000745400000|  0%| F|  |TAMS 0x0000000745200000, 0x0000000745200000| Untracked 
| 554|0x0000000745400000, 0x0000000745400000, 0x0000000745600000|  0%| F|  |TAMS 0x0000000745400000, 0x0000000745400000| Untracked 
| 555|0x0000000745600000, 0x0000000745600000, 0x0000000745800000|  0%| F|  |TAMS 0x0000000745600000, 0x0000000745600000| Untracked 
| 556|0x0000000745800000, 0x0000000745800000, 0x0000000745a00000|  0%| F|  |TAMS 0x0000000745800000, 0x0000000745800000| Untracked 
| 557|0x0000000745a00000, 0x0000000745a00000, 0x0000000745c00000|  0%| F|  |TAMS 0x0000000745a00000, 0x0000000745a00000| Untracked 
| 558|0x0000000745c00000, 0x0000000745c00000, 0x0000000745e00000|  0%| F|  |TAMS 0x0000000745c00000, 0x0000000745c00000| Untracked 
| 559|0x0000000745e00000, 0x0000000745e00000, 0x0000000746000000|  0%| F|  |TAMS 0x0000000745e00000, 0x0000000745e00000| Untracked 
| 560|0x0000000746000000, 0x0000000746000000, 0x0000000746200000|  0%| F|  |TAMS 0x0000000746000000, 0x0000000746000000| Untracked 
| 561|0x0000000746200000, 0x0000000746200000, 0x0000000746400000|  0%| F|  |TAMS 0x0000000746200000, 0x0000000746200000| Untracked 
| 562|0x0000000746400000, 0x0000000746400000, 0x0000000746600000|  0%| F|  |TAMS 0x0000000746400000, 0x0000000746400000| Untracked 
| 563|0x0000000746600000, 0x0000000746600000, 0x0000000746800000|  0%| F|  |TAMS 0x0000000746600000, 0x0000000746600000| Untracked 
| 564|0x0000000746800000, 0x0000000746800000, 0x0000000746a00000|  0%| F|  |TAMS 0x0000000746800000, 0x0000000746800000| Untracked 
| 565|0x0000000746a00000, 0x0000000746a00000, 0x0000000746c00000|  0%| F|  |TAMS 0x0000000746a00000, 0x0000000746a00000| Untracked 
| 566|0x0000000746c00000, 0x0000000746c00000, 0x0000000746e00000|  0%| F|  |TAMS 0x0000000746c00000, 0x0000000746c00000| Untracked 
| 567|0x0000000746e00000, 0x0000000746e00000, 0x0000000747000000|  0%| F|  |TAMS 0x0000000746e00000, 0x0000000746e00000| Untracked 
| 568|0x0000000747000000, 0x0000000747000000, 0x0000000747200000|  0%| F|  |TAMS 0x0000000747000000, 0x0000000747000000| Untracked 
| 569|0x0000000747200000, 0x0000000747200000, 0x0000000747400000|  0%| F|  |TAMS 0x0000000747200000, 0x0000000747200000| Untracked 
| 570|0x0000000747400000, 0x0000000747400000, 0x0000000747600000|  0%| F|  |TAMS 0x0000000747400000, 0x0000000747400000| Untracked 
| 571|0x0000000747600000, 0x0000000747600000, 0x0000000747800000|  0%| F|  |TAMS 0x0000000747600000, 0x0000000747600000| Untracked 
| 572|0x0000000747800000, 0x0000000747800000, 0x0000000747a00000|  0%| F|  |TAMS 0x0000000747800000, 0x0000000747800000| Untracked 
| 573|0x0000000747a00000, 0x0000000747a00000, 0x0000000747c00000|  0%| F|  |TAMS 0x0000000747a00000, 0x0000000747a00000| Untracked 
| 574|0x0000000747c00000, 0x0000000747c00000, 0x0000000747e00000|  0%| F|  |TAMS 0x0000000747c00000, 0x0000000747c00000| Untracked 
| 575|0x0000000747e00000, 0x0000000747e00000, 0x0000000748000000|  0%| F|  |TAMS 0x0000000747e00000, 0x0000000747e00000| Untracked 
| 576|0x0000000748000000, 0x0000000748000000, 0x0000000748200000|  0%| F|  |TAMS 0x0000000748000000, 0x0000000748000000| Untracked 
| 577|0x0000000748200000, 0x0000000748200000, 0x0000000748400000|  0%| F|  |TAMS 0x0000000748200000, 0x0000000748200000| Untracked 
| 578|0x0000000748400000, 0x0000000748400000, 0x0000000748600000|  0%| F|  |TAMS 0x0000000748400000, 0x0000000748400000| Untracked 
| 579|0x0000000748600000, 0x0000000748600000, 0x0000000748800000|  0%| F|  |TAMS 0x0000000748600000, 0x0000000748600000| Untracked 
| 580|0x0000000748800000, 0x0000000748800000, 0x0000000748a00000|  0%| F|  |TAMS 0x0000000748800000, 0x0000000748800000| Untracked 
| 581|0x0000000748a00000, 0x0000000748a00000, 0x0000000748c00000|  0%| F|  |TAMS 0x0000000748a00000, 0x0000000748a00000| Untracked 
| 582|0x0000000748c00000, 0x0000000748c00000, 0x0000000748e00000|  0%| F|  |TAMS 0x0000000748c00000, 0x0000000748c00000| Untracked 
| 583|0x0000000748e00000, 0x0000000748e00000, 0x0000000749000000|  0%| F|  |TAMS 0x0000000748e00000, 0x0000000748e00000| Untracked 
| 584|0x0000000749000000, 0x0000000749000000, 0x0000000749200000|  0%| F|  |TAMS 0x0000000749000000, 0x0000000749000000| Untracked 
| 585|0x0000000749200000, 0x0000000749200000, 0x0000000749400000|  0%| F|  |TAMS 0x0000000749200000, 0x0000000749200000| Untracked 
| 586|0x0000000749400000, 0x0000000749400000, 0x0000000749600000|  0%| F|  |TAMS 0x0000000749400000, 0x0000000749400000| Untracked 
| 587|0x0000000749600000, 0x0000000749600000, 0x0000000749800000|  0%| F|  |TAMS 0x0000000749600000, 0x0000000749600000| Untracked 
| 588|0x0000000749800000, 0x0000000749800000, 0x0000000749a00000|  0%| F|  |TAMS 0x0000000749800000, 0x0000000749800000| Untracked 
| 589|0x0000000749a00000, 0x0000000749a00000, 0x0000000749c00000|  0%| F|  |TAMS 0x0000000749a00000, 0x0000000749a00000| Untracked 
| 590|0x0000000749c00000, 0x0000000749c00000, 0x0000000749e00000|  0%| F|  |TAMS 0x0000000749c00000, 0x0000000749c00000| Untracked 
| 591|0x0000000749e00000, 0x0000000749e00000, 0x000000074a000000|  0%| F|  |TAMS 0x0000000749e00000, 0x0000000749e00000| Untracked 
| 592|0x000000074a000000, 0x000000074a000000, 0x000000074a200000|  0%| F|  |TAMS 0x000000074a000000, 0x000000074a000000| Untracked 
| 593|0x000000074a200000, 0x000000074a200000, 0x000000074a400000|  0%| F|  |TAMS 0x000000074a200000, 0x000000074a200000| Untracked 
| 594|0x000000074a400000, 0x000000074a400000, 0x000000074a600000|  0%| F|  |TAMS 0x000000074a400000, 0x000000074a400000| Untracked 
| 595|0x000000074a600000, 0x000000074a600000, 0x000000074a800000|  0%| F|  |TAMS 0x000000074a600000, 0x000000074a600000| Untracked 
| 596|0x000000074a800000, 0x000000074a800000, 0x000000074aa00000|  0%| F|  |TAMS 0x000000074a800000, 0x000000074a800000| Untracked 
| 597|0x000000074aa00000, 0x000000074aa00000, 0x000000074ac00000|  0%| F|  |TAMS 0x000000074aa00000, 0x000000074aa00000| Untracked 
| 598|0x000000074ac00000, 0x000000074ac00000, 0x000000074ae00000|  0%| F|  |TAMS 0x000000074ac00000, 0x000000074ac00000| Untracked 
| 599|0x000000074ae00000, 0x000000074ae00000, 0x000000074b000000|  0%| F|  |TAMS 0x000000074ae00000, 0x000000074ae00000| Untracked 
| 600|0x000000074b000000, 0x000000074b000000, 0x000000074b200000|  0%| F|  |TAMS 0x000000074b000000, 0x000000074b000000| Untracked 
| 601|0x000000074b200000, 0x000000074b200000, 0x000000074b400000|  0%| F|  |TAMS 0x000000074b200000, 0x000000074b200000| Untracked 
| 602|0x000000074b400000, 0x000000074b400000, 0x000000074b600000|  0%| F|  |TAMS 0x000000074b400000, 0x000000074b400000| Untracked 
| 603|0x000000074b600000, 0x000000074b600000, 0x000000074b800000|  0%| F|  |TAMS 0x000000074b600000, 0x000000074b600000| Untracked 
| 604|0x000000074b800000, 0x000000074b800000, 0x000000074ba00000|  0%| F|  |TAMS 0x000000074b800000, 0x000000074b800000| Untracked 
| 605|0x000000074ba00000, 0x000000074ba00000, 0x000000074bc00000|  0%| F|  |TAMS 0x000000074ba00000, 0x000000074ba00000| Untracked 
| 606|0x000000074bc00000, 0x000000074bc00000, 0x000000074be00000|  0%| F|  |TAMS 0x000000074bc00000, 0x000000074bc00000| Untracked 
| 607|0x000000074be00000, 0x000000074be00000, 0x000000074c000000|  0%| F|  |TAMS 0x000000074be00000, 0x000000074be00000| Untracked 
| 608|0x000000074c000000, 0x000000074c000000, 0x000000074c200000|  0%| F|  |TAMS 0x000000074c000000, 0x000000074c000000| Untracked 
| 609|0x000000074c200000, 0x000000074c200000, 0x000000074c400000|  0%| F|  |TAMS 0x000000074c200000, 0x000000074c200000| Untracked 
| 610|0x000000074c400000, 0x000000074c400000, 0x000000074c600000|  0%| F|  |TAMS 0x000000074c400000, 0x000000074c400000| Untracked 
| 611|0x000000074c600000, 0x000000074c600000, 0x000000074c800000|  0%| F|  |TAMS 0x000000074c600000, 0x000000074c600000| Untracked 
| 612|0x000000074c800000, 0x000000074c800000, 0x000000074ca00000|  0%| F|  |TAMS 0x000000074c800000, 0x000000074c800000| Untracked 
| 613|0x000000074ca00000, 0x000000074ca00000, 0x000000074cc00000|  0%| F|  |TAMS 0x000000074ca00000, 0x000000074ca00000| Untracked 
| 614|0x000000074cc00000, 0x000000074cc00000, 0x000000074ce00000|  0%| F|  |TAMS 0x000000074cc00000, 0x000000074cc00000| Untracked 
| 615|0x000000074ce00000, 0x000000074ce00000, 0x000000074d000000|  0%| F|  |TAMS 0x000000074ce00000, 0x000000074ce00000| Untracked 
| 616|0x000000074d000000, 0x000000074d000000, 0x000000074d200000|  0%| F|  |TAMS 0x000000074d000000, 0x000000074d000000| Untracked 
| 617|0x000000074d200000, 0x000000074d200000, 0x000000074d400000|  0%| F|  |TAMS 0x000000074d200000, 0x000000074d200000| Untracked 
| 618|0x000000074d400000, 0x000000074d400000, 0x000000074d600000|  0%| F|  |TAMS 0x000000074d400000, 0x000000074d400000| Untracked 
| 619|0x000000074d600000, 0x000000074d600000, 0x000000074d800000|  0%| F|  |TAMS 0x000000074d600000, 0x000000074d600000| Untracked 
| 620|0x000000074d800000, 0x000000074d800000, 0x000000074da00000|  0%| F|  |TAMS 0x000000074d800000, 0x000000074d800000| Untracked 
| 621|0x000000074da00000, 0x000000074da00000, 0x000000074dc00000|  0%| F|  |TAMS 0x000000074da00000, 0x000000074da00000| Untracked 
| 622|0x000000074dc00000, 0x000000074dc00000, 0x000000074de00000|  0%| F|  |TAMS 0x000000074dc00000, 0x000000074dc00000| Untracked 
| 623|0x000000074de00000, 0x000000074de00000, 0x000000074e000000|  0%| F|  |TAMS 0x000000074de00000, 0x000000074de00000| Untracked 
| 624|0x000000074e000000, 0x000000074e000000, 0x000000074e200000|  0%| F|  |TAMS 0x000000074e000000, 0x000000074e000000| Untracked 
| 625|0x000000074e200000, 0x000000074e200000, 0x000000074e400000|  0%| F|  |TAMS 0x000000074e200000, 0x000000074e200000| Untracked 
| 626|0x000000074e400000, 0x000000074e400000, 0x000000074e600000|  0%| F|  |TAMS 0x000000074e400000, 0x000000074e400000| Untracked 
| 627|0x000000074e600000, 0x000000074e600000, 0x000000074e800000|  0%| F|  |TAMS 0x000000074e600000, 0x000000074e600000| Untracked 
| 628|0x000000074e800000, 0x000000074e800000, 0x000000074ea00000|  0%| F|  |TAMS 0x000000074e800000, 0x000000074e800000| Untracked 
| 629|0x000000074ea00000, 0x000000074ea00000, 0x000000074ec00000|  0%| F|  |TAMS 0x000000074ea00000, 0x000000074ea00000| Untracked 
| 630|0x000000074ec00000, 0x000000074ec00000, 0x000000074ee00000|  0%| F|  |TAMS 0x000000074ec00000, 0x000000074ec00000| Untracked 
| 631|0x000000074ee00000, 0x000000074ee00000, 0x000000074f000000|  0%| F|  |TAMS 0x000000074ee00000, 0x000000074ee00000| Untracked 
| 632|0x000000074f000000, 0x000000074f000000, 0x000000074f200000|  0%| F|  |TAMS 0x000000074f000000, 0x000000074f000000| Untracked 
| 633|0x000000074f200000, 0x000000074f200000, 0x000000074f400000|  0%| F|  |TAMS 0x000000074f200000, 0x000000074f200000| Untracked 
| 634|0x000000074f400000, 0x000000074f400000, 0x000000074f600000|  0%| F|  |TAMS 0x000000074f400000, 0x000000074f400000| Untracked 
| 635|0x000000074f600000, 0x000000074f600000, 0x000000074f800000|  0%| F|  |TAMS 0x000000074f600000, 0x000000074f600000| Untracked 
| 636|0x000000074f800000, 0x000000074f800000, 0x000000074fa00000|  0%| F|  |TAMS 0x000000074f800000, 0x000000074f800000| Untracked 
| 637|0x000000074fa00000, 0x000000074fa00000, 0x000000074fc00000|  0%| F|  |TAMS 0x000000074fa00000, 0x000000074fa00000| Untracked 
| 638|0x000000074fc00000, 0x000000074fc00000, 0x000000074fe00000|  0%| F|  |TAMS 0x000000074fc00000, 0x000000074fc00000| Untracked 
| 639|0x000000074fe00000, 0x000000074fe00000, 0x0000000750000000|  0%| F|  |TAMS 0x000000074fe00000, 0x000000074fe00000| Untracked 
| 640|0x0000000750000000, 0x0000000750000000, 0x0000000750200000|  0%| F|  |TAMS 0x0000000750000000, 0x0000000750000000| Untracked 
| 641|0x0000000750200000, 0x0000000750200000, 0x0000000750400000|  0%| F|  |TAMS 0x0000000750200000, 0x0000000750200000| Untracked 
| 642|0x0000000750400000, 0x0000000750400000, 0x0000000750600000|  0%| F|  |TAMS 0x0000000750400000, 0x0000000750400000| Untracked 
| 643|0x0000000750600000, 0x0000000750600000, 0x0000000750800000|  0%| F|  |TAMS 0x0000000750600000, 0x0000000750600000| Untracked 
| 644|0x0000000750800000, 0x0000000750800000, 0x0000000750a00000|  0%| F|  |TAMS 0x0000000750800000, 0x0000000750800000| Untracked 
| 645|0x0000000750a00000, 0x0000000750a00000, 0x0000000750c00000|  0%| F|  |TAMS 0x0000000750a00000, 0x0000000750a00000| Untracked 
| 646|0x0000000750c00000, 0x0000000750c00000, 0x0000000750e00000|  0%| F|  |TAMS 0x0000000750c00000, 0x0000000750c00000| Untracked 
| 647|0x0000000750e00000, 0x0000000750e00000, 0x0000000751000000|  0%| F|  |TAMS 0x0000000750e00000, 0x0000000750e00000| Untracked 
| 648|0x0000000751000000, 0x0000000751000000, 0x0000000751200000|  0%| F|  |TAMS 0x0000000751000000, 0x0000000751000000| Untracked 
| 649|0x0000000751200000, 0x0000000751200000, 0x0000000751400000|  0%| F|  |TAMS 0x0000000751200000, 0x0000000751200000| Untracked 
| 650|0x0000000751400000, 0x0000000751400000, 0x0000000751600000|  0%| F|  |TAMS 0x0000000751400000, 0x0000000751400000| Untracked 
| 651|0x0000000751600000, 0x0000000751600000, 0x0000000751800000|  0%| F|  |TAMS 0x0000000751600000, 0x0000000751600000| Untracked 
| 652|0x0000000751800000, 0x0000000751800000, 0x0000000751a00000|  0%| F|  |TAMS 0x0000000751800000, 0x0000000751800000| Untracked 
| 653|0x0000000751a00000, 0x0000000751a00000, 0x0000000751c00000|  0%| F|  |TAMS 0x0000000751a00000, 0x0000000751a00000| Untracked 
| 654|0x0000000751c00000, 0x0000000751c00000, 0x0000000751e00000|  0%| F|  |TAMS 0x0000000751c00000, 0x0000000751c00000| Untracked 
| 655|0x0000000751e00000, 0x0000000751e00000, 0x0000000752000000|  0%| F|  |TAMS 0x0000000751e00000, 0x0000000751e00000| Untracked 
| 656|0x0000000752000000, 0x0000000752000000, 0x0000000752200000|  0%| F|  |TAMS 0x0000000752000000, 0x0000000752000000| Untracked 
| 657|0x0000000752200000, 0x0000000752200000, 0x0000000752400000|  0%| F|  |TAMS 0x0000000752200000, 0x0000000752200000| Untracked 
| 658|0x0000000752400000, 0x0000000752400000, 0x0000000752600000|  0%| F|  |TAMS 0x0000000752400000, 0x0000000752400000| Untracked 
| 659|0x0000000752600000, 0x0000000752600000, 0x0000000752800000|  0%| F|  |TAMS 0x0000000752600000, 0x0000000752600000| Untracked 
| 660|0x0000000752800000, 0x0000000752800000, 0x0000000752a00000|  0%| F|  |TAMS 0x0000000752800000, 0x0000000752800000| Untracked 
| 661|0x0000000752a00000, 0x0000000752a00000, 0x0000000752c00000|  0%| F|  |TAMS 0x0000000752a00000, 0x0000000752a00000| Untracked 
| 662|0x0000000752c00000, 0x0000000752c00000, 0x0000000752e00000|  0%| F|  |TAMS 0x0000000752c00000, 0x0000000752c00000| Untracked 
| 663|0x0000000752e00000, 0x0000000752e00000, 0x0000000753000000|  0%| F|  |TAMS 0x0000000752e00000, 0x0000000752e00000| Untracked 
| 664|0x0000000753000000, 0x0000000753000000, 0x0000000753200000|  0%| F|  |TAMS 0x0000000753000000, 0x0000000753000000| Untracked 
| 665|0x0000000753200000, 0x0000000753200000, 0x0000000753400000|  0%| F|  |TAMS 0x0000000753200000, 0x0000000753200000| Untracked 
| 666|0x0000000753400000, 0x0000000753400000, 0x0000000753600000|  0%| F|  |TAMS 0x0000000753400000, 0x0000000753400000| Untracked 
| 667|0x0000000753600000, 0x0000000753600000, 0x0000000753800000|  0%| F|  |TAMS 0x0000000753600000, 0x0000000753600000| Untracked 
| 668|0x0000000753800000, 0x0000000753800000, 0x0000000753a00000|  0%| F|  |TAMS 0x0000000753800000, 0x0000000753800000| Untracked 
| 669|0x0000000753a00000, 0x0000000753a00000, 0x0000000753c00000|  0%| F|  |TAMS 0x0000000753a00000, 0x0000000753a00000| Untracked 
| 670|0x0000000753c00000, 0x0000000753d00b20, 0x0000000753e00000| 50%| E|  |TAMS 0x0000000753c00000, 0x0000000753c00000| Complete 
| 671|0x0000000753e00000, 0x0000000754000000, 0x0000000754000000|100%| E|CS|TAMS 0x0000000753e00000, 0x0000000753e00000| Complete 
| 672|0x0000000754000000, 0x0000000754200000, 0x0000000754200000|100%| E|CS|TAMS 0x0000000754000000, 0x0000000754000000| Complete 
| 673|0x0000000754200000, 0x0000000754400000, 0x0000000754400000|100%| E|CS|TAMS 0x0000000754200000, 0x0000000754200000| Complete 
| 674|0x0000000754400000, 0x0000000754600000, 0x0000000754600000|100%| E|CS|TAMS 0x0000000754400000, 0x0000000754400000| Complete 
| 675|0x0000000754600000, 0x0000000754800000, 0x0000000754800000|100%| E|CS|TAMS 0x0000000754600000, 0x0000000754600000| Complete 
| 676|0x0000000754800000, 0x0000000754a00000, 0x0000000754a00000|100%| E|CS|TAMS 0x0000000754800000, 0x0000000754800000| Complete 
| 677|0x0000000754a00000, 0x0000000754c00000, 0x0000000754c00000|100%| E|CS|TAMS 0x0000000754a00000, 0x0000000754a00000| Complete 
| 678|0x0000000754c00000, 0x0000000754e00000, 0x0000000754e00000|100%| E|CS|TAMS 0x0000000754c00000, 0x0000000754c00000| Complete 
| 679|0x0000000754e00000, 0x0000000755000000, 0x0000000755000000|100%| E|CS|TAMS 0x0000000754e00000, 0x0000000754e00000| Complete 
| 680|0x0000000755000000, 0x0000000755200000, 0x0000000755200000|100%| E|CS|TAMS 0x0000000755000000, 0x0000000755000000| Complete 
| 681|0x0000000755200000, 0x0000000755400000, 0x0000000755400000|100%| E|CS|TAMS 0x0000000755200000, 0x0000000755200000| Complete 
| 682|0x0000000755400000, 0x0000000755600000, 0x0000000755600000|100%| E|CS|TAMS 0x0000000755400000, 0x0000000755400000| Complete 
| 683|0x0000000755600000, 0x0000000755800000, 0x0000000755800000|100%| E|CS|TAMS 0x0000000755600000, 0x0000000755600000| Complete 
| 684|0x0000000755800000, 0x0000000755a00000, 0x0000000755a00000|100%| E|CS|TAMS 0x0000000755800000, 0x0000000755800000| Complete 
| 685|0x0000000755a00000, 0x0000000755c00000, 0x0000000755c00000|100%| E|CS|TAMS 0x0000000755a00000, 0x0000000755a00000| Complete 
| 686|0x0000000755c00000, 0x0000000755e00000, 0x0000000755e00000|100%| E|CS|TAMS 0x0000000755c00000, 0x0000000755c00000| Complete 
| 687|0x0000000755e00000, 0x0000000756000000, 0x0000000756000000|100%| E|CS|TAMS 0x0000000755e00000, 0x0000000755e00000| Complete 
| 688|0x0000000756000000, 0x0000000756200000, 0x0000000756200000|100%| E|CS|TAMS 0x0000000756000000, 0x0000000756000000| Complete 
| 689|0x0000000756200000, 0x0000000756400000, 0x0000000756400000|100%| E|CS|TAMS 0x0000000756200000, 0x0000000756200000| Complete 
| 690|0x0000000756400000, 0x0000000756600000, 0x0000000756600000|100%| E|CS|TAMS 0x0000000756400000, 0x0000000756400000| Complete 
| 691|0x0000000756600000, 0x0000000756800000, 0x0000000756800000|100%| E|CS|TAMS 0x0000000756600000, 0x0000000756600000| Complete 
| 692|0x0000000756800000, 0x0000000756a00000, 0x0000000756a00000|100%| E|CS|TAMS 0x0000000756800000, 0x0000000756800000| Complete 
| 693|0x0000000756a00000, 0x0000000756c00000, 0x0000000756c00000|100%| E|CS|TAMS 0x0000000756a00000, 0x0000000756a00000| Complete 
| 694|0x0000000756c00000, 0x0000000756e00000, 0x0000000756e00000|100%| E|CS|TAMS 0x0000000756c00000, 0x0000000756c00000| Complete 
| 695|0x0000000756e00000, 0x0000000757000000, 0x0000000757000000|100%| E|CS|TAMS 0x0000000756e00000, 0x0000000756e00000| Complete 
| 696|0x0000000757000000, 0x0000000757200000, 0x0000000757200000|100%| O|  |TAMS 0x0000000757200000, 0x0000000757000000| Untracked 
| 697|0x0000000757200000, 0x0000000757400000, 0x0000000757400000|100%| O|  |TAMS 0x0000000757400000, 0x0000000757200000| Untracked 
| 698|0x0000000757400000, 0x0000000757600000, 0x0000000757600000|100%| E|CS|TAMS 0x0000000757400000, 0x0000000757400000| Complete 
| 699|0x0000000757600000, 0x0000000757800000, 0x0000000757800000|100%| E|CS|TAMS 0x0000000757600000, 0x0000000757600000| Complete 
| 700|0x0000000757800000, 0x0000000757a00000, 0x0000000757a00000|100%| E|CS|TAMS 0x0000000757800000, 0x0000000757800000| Complete 
| 701|0x0000000757a00000, 0x0000000757c00000, 0x0000000757c00000|100%| E|CS|TAMS 0x0000000757a00000, 0x0000000757a00000| Complete 
| 702|0x0000000757c00000, 0x0000000757e00000, 0x0000000757e00000|100%| E|CS|TAMS 0x0000000757c00000, 0x0000000757c00000| Complete 
| 703|0x0000000757e00000, 0x0000000758000000, 0x0000000758000000|100%| E|CS|TAMS 0x0000000757e00000, 0x0000000757e00000| Complete 
| 704|0x0000000758000000, 0x0000000758200000, 0x0000000758200000|100%| E|CS|TAMS 0x0000000758000000, 0x0000000758000000| Complete 
| 705|0x0000000758200000, 0x0000000758400000, 0x0000000758400000|100%| E|CS|TAMS 0x0000000758200000, 0x0000000758200000| Complete 
| 706|0x0000000758400000, 0x0000000758600000, 0x0000000758600000|100%| E|CS|TAMS 0x0000000758400000, 0x0000000758400000| Complete 
| 707|0x0000000758600000, 0x0000000758800000, 0x0000000758800000|100%| E|CS|TAMS 0x0000000758600000, 0x0000000758600000| Complete 
| 708|0x0000000758800000, 0x0000000758a00000, 0x0000000758a00000|100%| E|CS|TAMS 0x0000000758800000, 0x0000000758800000| Complete 
| 709|0x0000000758a00000, 0x0000000758c00000, 0x0000000758c00000|100%| E|CS|TAMS 0x0000000758a00000, 0x0000000758a00000| Complete 
| 710|0x0000000758c00000, 0x0000000758e00000, 0x0000000758e00000|100%| E|CS|TAMS 0x0000000758c00000, 0x0000000758c00000| Complete 
| 711|0x0000000758e00000, 0x0000000759000000, 0x0000000759000000|100%| E|CS|TAMS 0x0000000758e00000, 0x0000000758e00000| Complete 
| 712|0x0000000759000000, 0x0000000759200000, 0x0000000759200000|100%| E|CS|TAMS 0x0000000759000000, 0x0000000759000000| Complete 
| 713|0x0000000759200000, 0x0000000759400000, 0x0000000759400000|100%| E|CS|TAMS 0x0000000759200000, 0x0000000759200000| Complete 
| 714|0x0000000759400000, 0x0000000759600000, 0x0000000759600000|100%| E|CS|TAMS 0x0000000759400000, 0x0000000759400000| Complete 
| 715|0x0000000759600000, 0x0000000759800000, 0x0000000759800000|100%| E|CS|TAMS 0x0000000759600000, 0x0000000759600000| Complete 
| 716|0x0000000759800000, 0x0000000759a00000, 0x0000000759a00000|100%| E|CS|TAMS 0x0000000759800000, 0x0000000759800000| Complete 
| 717|0x0000000759a00000, 0x0000000759c00000, 0x0000000759c00000|100%| E|CS|TAMS 0x0000000759a00000, 0x0000000759a00000| Complete 
| 718|0x0000000759c00000, 0x0000000759e00000, 0x0000000759e00000|100%| E|CS|TAMS 0x0000000759c00000, 0x0000000759c00000| Complete 
| 719|0x0000000759e00000, 0x000000075a000000, 0x000000075a000000|100%| E|CS|TAMS 0x0000000759e00000, 0x0000000759e00000| Complete 
| 720|0x000000075a000000, 0x000000075a200000, 0x000000075a200000|100%| E|CS|TAMS 0x000000075a000000, 0x000000075a000000| Complete 
| 721|0x000000075a200000, 0x000000075a400000, 0x000000075a400000|100%| E|CS|TAMS 0x000000075a200000, 0x000000075a200000| Complete 
| 722|0x000000075a400000, 0x000000075a600000, 0x000000075a600000|100%| E|CS|TAMS 0x000000075a400000, 0x000000075a400000| Complete 
| 723|0x000000075a600000, 0x000000075a800000, 0x000000075a800000|100%| E|CS|TAMS 0x000000075a600000, 0x000000075a600000| Complete 
| 724|0x000000075a800000, 0x000000075aa00000, 0x000000075aa00000|100%| E|CS|TAMS 0x000000075a800000, 0x000000075a800000| Complete 
| 725|0x000000075aa00000, 0x000000075ac00000, 0x000000075ac00000|100%| E|CS|TAMS 0x000000075aa00000, 0x000000075aa00000| Complete 
| 726|0x000000075ac00000, 0x000000075ae00000, 0x000000075ae00000|100%| E|CS|TAMS 0x000000075ac00000, 0x000000075ac00000| Complete 
| 727|0x000000075ae00000, 0x000000075b000000, 0x000000075b000000|100%| E|CS|TAMS 0x000000075ae00000, 0x000000075ae00000| Complete 
| 728|0x000000075b000000, 0x000000075b200000, 0x000000075b200000|100%| E|CS|TAMS 0x000000075b000000, 0x000000075b000000| Complete 
| 729|0x000000075b200000, 0x000000075b400000, 0x000000075b400000|100%| E|CS|TAMS 0x000000075b200000, 0x000000075b200000| Complete 
| 730|0x000000075b400000, 0x000000075b600000, 0x000000075b600000|100%| E|CS|TAMS 0x000000075b400000, 0x000000075b400000| Complete 
| 731|0x000000075b600000, 0x000000075b800000, 0x000000075b800000|100%| E|CS|TAMS 0x000000075b600000, 0x000000075b600000| Complete 
| 732|0x000000075b800000, 0x000000075ba00000, 0x000000075ba00000|100%| E|CS|TAMS 0x000000075b800000, 0x000000075b800000| Complete 
| 733|0x000000075ba00000, 0x000000075bc00000, 0x000000075bc00000|100%| E|CS|TAMS 0x000000075ba00000, 0x000000075ba00000| Complete 
| 734|0x000000075bc00000, 0x000000075be00000, 0x000000075be00000|100%| E|CS|TAMS 0x000000075bc00000, 0x000000075bc00000| Complete 
| 735|0x000000075be00000, 0x000000075c000000, 0x000000075c000000|100%| E|CS|TAMS 0x000000075be00000, 0x000000075be00000| Complete 
| 736|0x000000075c000000, 0x000000075c200000, 0x000000075c200000|100%| E|CS|TAMS 0x000000075c000000, 0x000000075c000000| Complete 
| 737|0x000000075c200000, 0x000000075c400000, 0x000000075c400000|100%| E|CS|TAMS 0x000000075c200000, 0x000000075c200000| Complete 
| 738|0x000000075c400000, 0x000000075c600000, 0x000000075c600000|100%| E|CS|TAMS 0x000000075c400000, 0x000000075c400000| Complete 
| 739|0x000000075c600000, 0x000000075c800000, 0x000000075c800000|100%| E|CS|TAMS 0x000000075c600000, 0x000000075c600000| Complete 
| 740|0x000000075c800000, 0x000000075ca00000, 0x000000075ca00000|100%| E|CS|TAMS 0x000000075c800000, 0x000000075c800000| Complete 
| 741|0x000000075ca00000, 0x000000075cc00000, 0x000000075cc00000|100%| E|CS|TAMS 0x000000075ca00000, 0x000000075ca00000| Complete 
| 742|0x000000075cc00000, 0x000000075ce00000, 0x000000075ce00000|100%| E|CS|TAMS 0x000000075cc00000, 0x000000075cc00000| Complete 
| 743|0x000000075ce00000, 0x000000075d000000, 0x000000075d000000|100%| E|CS|TAMS 0x000000075ce00000, 0x000000075ce00000| Complete 
| 744|0x000000075d000000, 0x000000075d200000, 0x000000075d200000|100%| E|CS|TAMS 0x000000075d000000, 0x000000075d000000| Complete 
| 745|0x000000075d200000, 0x000000075d400000, 0x000000075d400000|100%| E|CS|TAMS 0x000000075d200000, 0x000000075d200000| Complete 
| 746|0x000000075d400000, 0x000000075d600000, 0x000000075d600000|100%| E|CS|TAMS 0x000000075d400000, 0x000000075d400000| Complete 
| 747|0x000000075d600000, 0x000000075d800000, 0x000000075d800000|100%| E|CS|TAMS 0x000000075d600000, 0x000000075d600000| Complete 
| 748|0x000000075d800000, 0x000000075da00000, 0x000000075da00000|100%| E|CS|TAMS 0x000000075d800000, 0x000000075d800000| Complete 
| 749|0x000000075da00000, 0x000000075dc00000, 0x000000075dc00000|100%| E|CS|TAMS 0x000000075da00000, 0x000000075da00000| Complete 
| 750|0x000000075dc00000, 0x000000075de00000, 0x000000075de00000|100%| E|CS|TAMS 0x000000075dc00000, 0x000000075dc00000| Complete 
| 751|0x000000075de00000, 0x000000075e000000, 0x000000075e000000|100%| E|CS|TAMS 0x000000075de00000, 0x000000075de00000| Complete 
| 752|0x000000075e000000, 0x000000075e200000, 0x000000075e200000|100%| E|CS|TAMS 0x000000075e000000, 0x000000075e000000| Complete 
| 753|0x000000075e200000, 0x000000075e400000, 0x000000075e400000|100%| E|CS|TAMS 0x000000075e200000, 0x000000075e200000| Complete 
| 754|0x000000075e400000, 0x000000075e600000, 0x000000075e600000|100%| E|CS|TAMS 0x000000075e400000, 0x000000075e400000| Complete 
| 755|0x000000075e600000, 0x000000075e800000, 0x000000075e800000|100%| E|CS|TAMS 0x000000075e600000, 0x000000075e600000| Complete 
| 756|0x000000075e800000, 0x000000075ea00000, 0x000000075ea00000|100%| E|CS|TAMS 0x000000075e800000, 0x000000075e800000| Complete 
| 757|0x000000075ea00000, 0x000000075ec00000, 0x000000075ec00000|100%| E|CS|TAMS 0x000000075ea00000, 0x000000075ea00000| Complete 
| 758|0x000000075ec00000, 0x000000075ee00000, 0x000000075ee00000|100%| E|CS|TAMS 0x000000075ec00000, 0x000000075ec00000| Complete 
| 759|0x000000075ee00000, 0x000000075f000000, 0x000000075f000000|100%| E|CS|TAMS 0x000000075ee00000, 0x000000075ee00000| Complete 
| 760|0x000000075f000000, 0x000000075f200000, 0x000000075f200000|100%| E|CS|TAMS 0x000000075f000000, 0x000000075f000000| Complete 
| 761|0x000000075f200000, 0x000000075f400000, 0x000000075f400000|100%| E|CS|TAMS 0x000000075f200000, 0x000000075f200000| Complete 
| 762|0x000000075f400000, 0x000000075f600000, 0x000000075f600000|100%| E|CS|TAMS 0x000000075f400000, 0x000000075f400000| Complete 
| 763|0x000000075f600000, 0x000000075f800000, 0x000000075f800000|100%| E|CS|TAMS 0x000000075f600000, 0x000000075f600000| Complete 
| 764|0x000000075f800000, 0x000000075fa00000, 0x000000075fa00000|100%| E|CS|TAMS 0x000000075f800000, 0x000000075f800000| Complete 
| 765|0x000000075fa00000, 0x000000075fc00000, 0x000000075fc00000|100%| E|CS|TAMS 0x000000075fa00000, 0x000000075fa00000| Complete 
| 766|0x000000075fc00000, 0x000000075fe00000, 0x000000075fe00000|100%| E|CS|TAMS 0x000000075fc00000, 0x000000075fc00000| Complete 
| 767|0x000000075fe00000, 0x0000000760000000, 0x0000000760000000|100%| E|CS|TAMS 0x000000075fe00000, 0x000000075fe00000| Complete 
| 768|0x0000000760000000, 0x0000000760200000, 0x0000000760200000|100%| E|CS|TAMS 0x0000000760000000, 0x0000000760000000| Complete 
| 769|0x0000000760200000, 0x0000000760400000, 0x0000000760400000|100%| E|CS|TAMS 0x0000000760200000, 0x0000000760200000| Complete 
| 770|0x0000000760400000, 0x0000000760600000, 0x0000000760600000|100%| E|CS|TAMS 0x0000000760400000, 0x0000000760400000| Complete 
| 771|0x0000000760600000, 0x0000000760800000, 0x0000000760800000|100%| E|CS|TAMS 0x0000000760600000, 0x0000000760600000| Complete 
| 772|0x0000000760800000, 0x0000000760a00000, 0x0000000760a00000|100%| E|CS|TAMS 0x0000000760800000, 0x0000000760800000| Complete 
| 773|0x0000000760a00000, 0x0000000760c00000, 0x0000000760c00000|100%| E|CS|TAMS 0x0000000760a00000, 0x0000000760a00000| Complete 
| 774|0x0000000760c00000, 0x0000000760e00000, 0x0000000760e00000|100%| E|CS|TAMS 0x0000000760c00000, 0x0000000760c00000| Complete 
| 775|0x0000000760e00000, 0x0000000761000000, 0x0000000761000000|100%| E|CS|TAMS 0x0000000760e00000, 0x0000000760e00000| Complete 
| 776|0x0000000761000000, 0x0000000761200000, 0x0000000761200000|100%| E|CS|TAMS 0x0000000761000000, 0x0000000761000000| Complete 
| 777|0x0000000761200000, 0x0000000761400000, 0x0000000761400000|100%| E|CS|TAMS 0x0000000761200000, 0x0000000761200000| Complete 
| 778|0x0000000761400000, 0x0000000761600000, 0x0000000761600000|100%| E|CS|TAMS 0x0000000761400000, 0x0000000761400000| Complete 
| 779|0x0000000761600000, 0x0000000761800000, 0x0000000761800000|100%| E|CS|TAMS 0x0000000761600000, 0x0000000761600000| Complete 
| 780|0x0000000761800000, 0x0000000761a00000, 0x0000000761a00000|100%| E|CS|TAMS 0x0000000761800000, 0x0000000761800000| Complete 
| 781|0x0000000761a00000, 0x0000000761c00000, 0x0000000761c00000|100%| E|CS|TAMS 0x0000000761a00000, 0x0000000761a00000| Complete 
| 782|0x0000000761c00000, 0x0000000761e00000, 0x0000000761e00000|100%| E|CS|TAMS 0x0000000761c00000, 0x0000000761c00000| Complete 
| 783|0x0000000761e00000, 0x0000000762000000, 0x0000000762000000|100%| E|CS|TAMS 0x0000000761e00000, 0x0000000761e00000| Complete 
| 784|0x0000000762000000, 0x0000000762200000, 0x0000000762200000|100%| E|CS|TAMS 0x0000000762000000, 0x0000000762000000| Complete 
| 785|0x0000000762200000, 0x0000000762400000, 0x0000000762400000|100%| E|CS|TAMS 0x0000000762200000, 0x0000000762200000| Complete 
| 786|0x0000000762400000, 0x0000000762600000, 0x0000000762600000|100%| E|CS|TAMS 0x0000000762400000, 0x0000000762400000| Complete 
| 787|0x0000000762600000, 0x0000000762800000, 0x0000000762800000|100%| E|CS|TAMS 0x0000000762600000, 0x0000000762600000| Complete 
| 788|0x0000000762800000, 0x0000000762a00000, 0x0000000762a00000|100%| E|CS|TAMS 0x0000000762800000, 0x0000000762800000| Complete 
| 789|0x0000000762a00000, 0x0000000762c00000, 0x0000000762c00000|100%| E|CS|TAMS 0x0000000762a00000, 0x0000000762a00000| Complete 
| 790|0x0000000762c00000, 0x0000000762e00000, 0x0000000762e00000|100%| E|CS|TAMS 0x0000000762c00000, 0x0000000762c00000| Complete 
| 791|0x0000000762e00000, 0x0000000763000000, 0x0000000763000000|100%| E|CS|TAMS 0x0000000762e00000, 0x0000000762e00000| Complete 
| 792|0x0000000763000000, 0x0000000763200000, 0x0000000763200000|100%| E|CS|TAMS 0x0000000763000000, 0x0000000763000000| Complete 
| 793|0x0000000763200000, 0x0000000763400000, 0x0000000763400000|100%| E|CS|TAMS 0x0000000763200000, 0x0000000763200000| Complete 
| 794|0x0000000763400000, 0x0000000763600000, 0x0000000763600000|100%| E|CS|TAMS 0x0000000763400000, 0x0000000763400000| Complete 
| 795|0x0000000763600000, 0x0000000763800000, 0x0000000763800000|100%| E|CS|TAMS 0x0000000763600000, 0x0000000763600000| Complete 
| 796|0x0000000763800000, 0x0000000763a00000, 0x0000000763a00000|100%| E|CS|TAMS 0x0000000763800000, 0x0000000763800000| Complete 
| 797|0x0000000763a00000, 0x0000000763c00000, 0x0000000763c00000|100%| E|CS|TAMS 0x0000000763a00000, 0x0000000763a00000| Complete 
| 798|0x0000000763c00000, 0x0000000763e00000, 0x0000000763e00000|100%| E|CS|TAMS 0x0000000763c00000, 0x0000000763c00000| Complete 
| 799|0x0000000763e00000, 0x0000000764000000, 0x0000000764000000|100%| E|CS|TAMS 0x0000000763e00000, 0x0000000763e00000| Complete 
| 800|0x0000000764000000, 0x0000000764200000, 0x0000000764200000|100%| E|CS|TAMS 0x0000000764000000, 0x0000000764000000| Complete 
| 801|0x0000000764200000, 0x0000000764400000, 0x0000000764400000|100%| E|CS|TAMS 0x0000000764200000, 0x0000000764200000| Complete 
| 802|0x0000000764400000, 0x0000000764600000, 0x0000000764600000|100%| E|CS|TAMS 0x0000000764400000, 0x0000000764400000| Complete 
| 803|0x0000000764600000, 0x0000000764800000, 0x0000000764800000|100%| O|  |TAMS 0x0000000764800000, 0x0000000764600000| Untracked 
| 804|0x0000000764800000, 0x0000000764a00000, 0x0000000764a00000|100%| E|CS|TAMS 0x0000000764800000, 0x0000000764800000| Complete 
| 805|0x0000000764a00000, 0x0000000764c00000, 0x0000000764c00000|100%| E|CS|TAMS 0x0000000764a00000, 0x0000000764a00000| Complete 
| 806|0x0000000764c00000, 0x0000000764e00000, 0x0000000764e00000|100%| E|CS|TAMS 0x0000000764c00000, 0x0000000764c00000| Complete 
| 807|0x0000000764e00000, 0x0000000765000000, 0x0000000765000000|100%| E|CS|TAMS 0x0000000764e00000, 0x0000000764e00000| Complete 
| 808|0x0000000765000000, 0x0000000765200000, 0x0000000765200000|100%| E|CS|TAMS 0x0000000765000000, 0x0000000765000000| Complete 
| 809|0x0000000765200000, 0x0000000765400000, 0x0000000765400000|100%| E|CS|TAMS 0x0000000765200000, 0x0000000765200000| Complete 
| 810|0x0000000765400000, 0x0000000765600000, 0x0000000765600000|100%| E|CS|TAMS 0x0000000765400000, 0x0000000765400000| Complete 
| 811|0x0000000765600000, 0x0000000765800000, 0x0000000765800000|100%| E|CS|TAMS 0x0000000765600000, 0x0000000765600000| Complete 
| 812|0x0000000765800000, 0x0000000765a00000, 0x0000000765a00000|100%| E|CS|TAMS 0x0000000765800000, 0x0000000765800000| Complete 
| 813|0x0000000765a00000, 0x0000000765c00000, 0x0000000765c00000|100%| E|CS|TAMS 0x0000000765a00000, 0x0000000765a00000| Complete 
| 814|0x0000000765c00000, 0x0000000765e00000, 0x0000000765e00000|100%| E|CS|TAMS 0x0000000765c00000, 0x0000000765c00000| Complete 
| 815|0x0000000765e00000, 0x0000000766000000, 0x0000000766000000|100%| E|CS|TAMS 0x0000000765e00000, 0x0000000765e00000| Complete 
| 816|0x0000000766000000, 0x0000000766200000, 0x0000000766200000|100%| E|CS|TAMS 0x0000000766000000, 0x0000000766000000| Complete 
| 817|0x0000000766200000, 0x0000000766400000, 0x0000000766400000|100%| E|CS|TAMS 0x0000000766200000, 0x0000000766200000| Complete 
| 818|0x0000000766400000, 0x0000000766600000, 0x0000000766600000|100%| E|CS|TAMS 0x0000000766400000, 0x0000000766400000| Complete 
| 819|0x0000000766600000, 0x0000000766800000, 0x0000000766800000|100%| E|CS|TAMS 0x0000000766600000, 0x0000000766600000| Complete 
| 820|0x0000000766800000, 0x0000000766a00000, 0x0000000766a00000|100%| E|CS|TAMS 0x0000000766800000, 0x0000000766800000| Complete 
| 821|0x0000000766a00000, 0x0000000766c00000, 0x0000000766c00000|100%| E|CS|TAMS 0x0000000766a00000, 0x0000000766a00000| Complete 
| 822|0x0000000766c00000, 0x0000000766e00000, 0x0000000766e00000|100%| E|CS|TAMS 0x0000000766c00000, 0x0000000766c00000| Complete 
| 823|0x0000000766e00000, 0x0000000767000000, 0x0000000767000000|100%| E|CS|TAMS 0x0000000766e00000, 0x0000000766e00000| Complete 
| 824|0x0000000767000000, 0x0000000767200000, 0x0000000767200000|100%| E|CS|TAMS 0x0000000767000000, 0x0000000767000000| Complete 
| 825|0x0000000767200000, 0x0000000767400000, 0x0000000767400000|100%| E|CS|TAMS 0x0000000767200000, 0x0000000767200000| Complete 
| 826|0x0000000767400000, 0x0000000767600000, 0x0000000767600000|100%| E|CS|TAMS 0x0000000767400000, 0x0000000767400000| Complete 
| 827|0x0000000767600000, 0x0000000767800000, 0x0000000767800000|100%| E|CS|TAMS 0x0000000767600000, 0x0000000767600000| Complete 
| 828|0x0000000767800000, 0x0000000767a00000, 0x0000000767a00000|100%| E|CS|TAMS 0x0000000767800000, 0x0000000767800000| Complete 
| 829|0x0000000767a00000, 0x0000000767c00000, 0x0000000767c00000|100%| E|CS|TAMS 0x0000000767a00000, 0x0000000767a00000| Complete 
| 830|0x0000000767c00000, 0x0000000767e00000, 0x0000000767e00000|100%| E|CS|TAMS 0x0000000767c00000, 0x0000000767c00000| Complete 
| 831|0x0000000767e00000, 0x0000000768000000, 0x0000000768000000|100%| E|CS|TAMS 0x0000000767e00000, 0x0000000767e00000| Complete 
| 832|0x0000000768000000, 0x0000000768200000, 0x0000000768200000|100%| E|CS|TAMS 0x0000000768000000, 0x0000000768000000| Complete 
| 833|0x0000000768200000, 0x0000000768400000, 0x0000000768400000|100%| E|CS|TAMS 0x0000000768200000, 0x0000000768200000| Complete 
| 834|0x0000000768400000, 0x0000000768600000, 0x0000000768600000|100%| E|CS|TAMS 0x0000000768400000, 0x0000000768400000| Complete 
| 835|0x0000000768600000, 0x0000000768800000, 0x0000000768800000|100%| E|CS|TAMS 0x0000000768600000, 0x0000000768600000| Complete 
| 836|0x0000000768800000, 0x0000000768a00000, 0x0000000768a00000|100%| E|CS|TAMS 0x0000000768800000, 0x0000000768800000| Complete 
| 837|0x0000000768a00000, 0x0000000768c00000, 0x0000000768c00000|100%| E|CS|TAMS 0x0000000768a00000, 0x0000000768a00000| Complete 
| 838|0x0000000768c00000, 0x0000000768e00000, 0x0000000768e00000|100%| E|CS|TAMS 0x0000000768c00000, 0x0000000768c00000| Complete 
| 839|0x0000000768e00000, 0x0000000769000000, 0x0000000769000000|100%| E|CS|TAMS 0x0000000768e00000, 0x0000000768e00000| Complete 
| 840|0x0000000769000000, 0x0000000769200000, 0x0000000769200000|100%| E|CS|TAMS 0x0000000769000000, 0x0000000769000000| Complete 
| 841|0x0000000769200000, 0x0000000769400000, 0x0000000769400000|100%| E|CS|TAMS 0x0000000769200000, 0x0000000769200000| Complete 
| 842|0x0000000769400000, 0x0000000769600000, 0x0000000769600000|100%| E|CS|TAMS 0x0000000769400000, 0x0000000769400000| Complete 
| 843|0x0000000769600000, 0x0000000769800000, 0x0000000769800000|100%| E|CS|TAMS 0x0000000769600000, 0x0000000769600000| Complete 
| 844|0x0000000769800000, 0x0000000769a00000, 0x0000000769a00000|100%| E|CS|TAMS 0x0000000769800000, 0x0000000769800000| Complete 
| 845|0x0000000769a00000, 0x0000000769c00000, 0x0000000769c00000|100%| E|CS|TAMS 0x0000000769a00000, 0x0000000769a00000| Complete 
| 846|0x0000000769c00000, 0x0000000769e00000, 0x0000000769e00000|100%| E|CS|TAMS 0x0000000769c00000, 0x0000000769c00000| Complete 
| 847|0x0000000769e00000, 0x000000076a000000, 0x000000076a000000|100%| E|CS|TAMS 0x0000000769e00000, 0x0000000769e00000| Complete 
| 848|0x000000076a000000, 0x000000076a200000, 0x000000076a200000|100%| E|CS|TAMS 0x000000076a000000, 0x000000076a000000| Complete 
| 849|0x000000076a200000, 0x000000076a400000, 0x000000076a400000|100%| E|CS|TAMS 0x000000076a200000, 0x000000076a200000| Complete 
| 850|0x000000076a400000, 0x000000076a600000, 0x000000076a600000|100%| E|CS|TAMS 0x000000076a400000, 0x000000076a400000| Complete 
| 851|0x000000076a600000, 0x000000076a800000, 0x000000076a800000|100%| E|CS|TAMS 0x000000076a600000, 0x000000076a600000| Complete 
| 852|0x000000076a800000, 0x000000076aa00000, 0x000000076aa00000|100%| E|CS|TAMS 0x000000076a800000, 0x000000076a800000| Complete 
| 853|0x000000076aa00000, 0x000000076ac00000, 0x000000076ac00000|100%| E|CS|TAMS 0x000000076aa00000, 0x000000076aa00000| Complete 
| 854|0x000000076ac00000, 0x000000076ae00000, 0x000000076ae00000|100%| E|CS|TAMS 0x000000076ac00000, 0x000000076ac00000| Complete 
| 855|0x000000076ae00000, 0x000000076b000000, 0x000000076b000000|100%| E|CS|TAMS 0x000000076ae00000, 0x000000076ae00000| Complete 
| 856|0x000000076b000000, 0x000000076b200000, 0x000000076b200000|100%| E|CS|TAMS 0x000000076b000000, 0x000000076b000000| Complete 
| 857|0x000000076b200000, 0x000000076b400000, 0x000000076b400000|100%| E|CS|TAMS 0x000000076b200000, 0x000000076b200000| Complete 
| 858|0x000000076b400000, 0x000000076b600000, 0x000000076b600000|100%| E|CS|TAMS 0x000000076b400000, 0x000000076b400000| Complete 
| 859|0x000000076b600000, 0x000000076b800000, 0x000000076b800000|100%| E|CS|TAMS 0x000000076b600000, 0x000000076b600000| Complete 
| 860|0x000000076b800000, 0x000000076ba00000, 0x000000076ba00000|100%| E|CS|TAMS 0x000000076b800000, 0x000000076b800000| Complete 
| 861|0x000000076ba00000, 0x000000076bc00000, 0x000000076bc00000|100%| E|CS|TAMS 0x000000076ba00000, 0x000000076ba00000| Complete 
| 862|0x000000076bc00000, 0x000000076be00000, 0x000000076be00000|100%| E|CS|TAMS 0x000000076bc00000, 0x000000076bc00000| Complete 
| 863|0x000000076be00000, 0x000000076c000000, 0x000000076c000000|100%| E|CS|TAMS 0x000000076be00000, 0x000000076be00000| Complete 
| 864|0x000000076c000000, 0x000000076c200000, 0x000000076c200000|100%| E|CS|TAMS 0x000000076c000000, 0x000000076c000000| Complete 
| 865|0x000000076c200000, 0x000000076c400000, 0x000000076c400000|100%| E|CS|TAMS 0x000000076c200000, 0x000000076c200000| Complete 
| 866|0x000000076c400000, 0x000000076c600000, 0x000000076c600000|100%| E|CS|TAMS 0x000000076c400000, 0x000000076c400000| Complete 
| 867|0x000000076c600000, 0x000000076c800000, 0x000000076c800000|100%| E|CS|TAMS 0x000000076c600000, 0x000000076c600000| Complete 
| 868|0x000000076c800000, 0x000000076ca00000, 0x000000076ca00000|100%| E|CS|TAMS 0x000000076c800000, 0x000000076c800000| Complete 
| 869|0x000000076ca00000, 0x000000076cc00000, 0x000000076cc00000|100%| E|CS|TAMS 0x000000076ca00000, 0x000000076ca00000| Complete 
| 870|0x000000076cc00000, 0x000000076ce00000, 0x000000076ce00000|100%| E|CS|TAMS 0x000000076cc00000, 0x000000076cc00000| Complete 
| 871|0x000000076ce00000, 0x000000076d000000, 0x000000076d000000|100%| E|CS|TAMS 0x000000076ce00000, 0x000000076ce00000| Complete 
| 872|0x000000076d000000, 0x000000076d200000, 0x000000076d200000|100%| E|CS|TAMS 0x000000076d000000, 0x000000076d000000| Complete 
| 873|0x000000076d200000, 0x000000076d400000, 0x000000076d400000|100%| E|CS|TAMS 0x000000076d200000, 0x000000076d200000| Complete 
| 874|0x000000076d400000, 0x000000076d600000, 0x000000076d600000|100%| E|CS|TAMS 0x000000076d400000, 0x000000076d400000| Complete 
| 875|0x000000076d600000, 0x000000076d800000, 0x000000076d800000|100%| E|CS|TAMS 0x000000076d600000, 0x000000076d600000| Complete 
| 876|0x000000076d800000, 0x000000076da00000, 0x000000076da00000|100%| E|CS|TAMS 0x000000076d800000, 0x000000076d800000| Complete 
| 877|0x000000076da00000, 0x000000076dc00000, 0x000000076dc00000|100%| E|CS|TAMS 0x000000076da00000, 0x000000076da00000| Complete 
| 878|0x000000076dc00000, 0x000000076de00000, 0x000000076de00000|100%| E|CS|TAMS 0x000000076dc00000, 0x000000076dc00000| Complete 
| 879|0x000000076de00000, 0x000000076e000000, 0x000000076e000000|100%| E|CS|TAMS 0x000000076de00000, 0x000000076de00000| Complete 
| 880|0x000000076e000000, 0x000000076e200000, 0x000000076e200000|100%| E|CS|TAMS 0x000000076e000000, 0x000000076e000000| Complete 
| 881|0x000000076e200000, 0x000000076e400000, 0x000000076e400000|100%| E|CS|TAMS 0x000000076e200000, 0x000000076e200000| Complete 
| 882|0x000000076e400000, 0x000000076e600000, 0x000000076e600000|100%| E|CS|TAMS 0x000000076e400000, 0x000000076e400000| Complete 
| 883|0x000000076e600000, 0x000000076e800000, 0x000000076e800000|100%| E|CS|TAMS 0x000000076e600000, 0x000000076e600000| Complete 
| 884|0x000000076e800000, 0x000000076ea00000, 0x000000076ea00000|100%| E|CS|TAMS 0x000000076e800000, 0x000000076e800000| Complete 
| 885|0x000000076ea00000, 0x000000076ec00000, 0x000000076ec00000|100%| E|CS|TAMS 0x000000076ea00000, 0x000000076ea00000| Complete 
| 886|0x000000076ec00000, 0x000000076ee00000, 0x000000076ee00000|100%| E|CS|TAMS 0x000000076ec00000, 0x000000076ec00000| Complete 
| 887|0x000000076ee00000, 0x000000076f000000, 0x000000076f000000|100%| E|CS|TAMS 0x000000076ee00000, 0x000000076ee00000| Complete 
| 888|0x000000076f000000, 0x000000076f200000, 0x000000076f200000|100%| E|CS|TAMS 0x000000076f000000, 0x000000076f000000| Complete 
| 889|0x000000076f200000, 0x000000076f400000, 0x000000076f400000|100%| E|CS|TAMS 0x000000076f200000, 0x000000076f200000| Complete 
| 890|0x000000076f400000, 0x000000076f600000, 0x000000076f600000|100%| E|CS|TAMS 0x000000076f400000, 0x000000076f400000| Complete 
| 891|0x000000076f600000, 0x000000076f800000, 0x000000076f800000|100%| E|CS|TAMS 0x000000076f600000, 0x000000076f600000| Complete 
| 892|0x000000076f800000, 0x000000076fa00000, 0x000000076fa00000|100%| E|CS|TAMS 0x000000076f800000, 0x000000076f800000| Complete 
| 893|0x000000076fa00000, 0x000000076fc00000, 0x000000076fc00000|100%| E|CS|TAMS 0x000000076fa00000, 0x000000076fa00000| Complete 
| 894|0x000000076fc00000, 0x000000076fe00000, 0x000000076fe00000|100%| E|CS|TAMS 0x000000076fc00000, 0x000000076fc00000| Complete 
| 895|0x000000076fe00000, 0x0000000770000000, 0x0000000770000000|100%| E|CS|TAMS 0x000000076fe00000, 0x000000076fe00000| Complete 
| 896|0x0000000770000000, 0x0000000770200000, 0x0000000770200000|100%| E|CS|TAMS 0x0000000770000000, 0x0000000770000000| Complete 
| 897|0x0000000770200000, 0x0000000770400000, 0x0000000770400000|100%| E|CS|TAMS 0x0000000770200000, 0x0000000770200000| Complete 
| 898|0x0000000770400000, 0x0000000770600000, 0x0000000770600000|100%| E|CS|TAMS 0x0000000770400000, 0x0000000770400000| Complete 
| 899|0x0000000770600000, 0x0000000770800000, 0x0000000770800000|100%| E|CS|TAMS 0x0000000770600000, 0x0000000770600000| Complete 
| 900|0x0000000770800000, 0x0000000770a00000, 0x0000000770a00000|100%| E|CS|TAMS 0x0000000770800000, 0x0000000770800000| Complete 
| 901|0x0000000770a00000, 0x0000000770c00000, 0x0000000770c00000|100%| E|CS|TAMS 0x0000000770a00000, 0x0000000770a00000| Complete 
| 902|0x0000000770c00000, 0x0000000770e00000, 0x0000000770e00000|100%| E|CS|TAMS 0x0000000770c00000, 0x0000000770c00000| Complete 
| 903|0x0000000770e00000, 0x0000000771000000, 0x0000000771000000|100%| E|CS|TAMS 0x0000000770e00000, 0x0000000770e00000| Complete 
| 904|0x0000000771000000, 0x0000000771200000, 0x0000000771200000|100%| E|CS|TAMS 0x0000000771000000, 0x0000000771000000| Complete 
| 905|0x0000000771200000, 0x0000000771400000, 0x0000000771400000|100%| E|CS|TAMS 0x0000000771200000, 0x0000000771200000| Complete 
| 906|0x0000000771400000, 0x0000000771600000, 0x0000000771600000|100%| E|CS|TAMS 0x0000000771400000, 0x0000000771400000| Complete 
| 907|0x0000000771600000, 0x0000000771800000, 0x0000000771800000|100%| E|CS|TAMS 0x0000000771600000, 0x0000000771600000| Complete 
| 908|0x0000000771800000, 0x0000000771a00000, 0x0000000771a00000|100%| E|CS|TAMS 0x0000000771800000, 0x0000000771800000| Complete 
| 909|0x0000000771a00000, 0x0000000771c00000, 0x0000000771c00000|100%| E|CS|TAMS 0x0000000771a00000, 0x0000000771a00000| Complete 
| 910|0x0000000771c00000, 0x0000000771e00000, 0x0000000771e00000|100%| E|CS|TAMS 0x0000000771c00000, 0x0000000771c00000| Complete 
| 911|0x0000000771e00000, 0x0000000772000000, 0x0000000772000000|100%| E|CS|TAMS 0x0000000771e00000, 0x0000000771e00000| Complete 
| 912|0x0000000772000000, 0x0000000772200000, 0x0000000772200000|100%| E|CS|TAMS 0x0000000772000000, 0x0000000772000000| Complete 
| 913|0x0000000772200000, 0x0000000772400000, 0x0000000772400000|100%| E|CS|TAMS 0x0000000772200000, 0x0000000772200000| Complete 
| 914|0x0000000772400000, 0x0000000772600000, 0x0000000772600000|100%| E|CS|TAMS 0x0000000772400000, 0x0000000772400000| Complete 
| 915|0x0000000772600000, 0x0000000772800000, 0x0000000772800000|100%| E|CS|TAMS 0x0000000772600000, 0x0000000772600000| Complete 
| 916|0x0000000772800000, 0x0000000772a00000, 0x0000000772a00000|100%| E|CS|TAMS 0x0000000772800000, 0x0000000772800000| Complete 
| 917|0x0000000772a00000, 0x0000000772c00000, 0x0000000772c00000|100%| E|CS|TAMS 0x0000000772a00000, 0x0000000772a00000| Complete 
| 918|0x0000000772c00000, 0x0000000772e00000, 0x0000000772e00000|100%| E|CS|TAMS 0x0000000772c00000, 0x0000000772c00000| Complete 
| 919|0x0000000772e00000, 0x0000000773000000, 0x0000000773000000|100%| E|CS|TAMS 0x0000000772e00000, 0x0000000772e00000| Complete 
| 920|0x0000000773000000, 0x0000000773200000, 0x0000000773200000|100%| E|CS|TAMS 0x0000000773000000, 0x0000000773000000| Complete 
| 921|0x0000000773200000, 0x0000000773400000, 0x0000000773400000|100%| E|CS|TAMS 0x0000000773200000, 0x0000000773200000| Complete 
| 922|0x0000000773400000, 0x0000000773600000, 0x0000000773600000|100%| E|CS|TAMS 0x0000000773400000, 0x0000000773400000| Complete 
| 923|0x0000000773600000, 0x0000000773800000, 0x0000000773800000|100%| E|CS|TAMS 0x0000000773600000, 0x0000000773600000| Complete 
| 924|0x0000000773800000, 0x0000000773a00000, 0x0000000773a00000|100%| E|CS|TAMS 0x0000000773800000, 0x0000000773800000| Complete 
| 925|0x0000000773a00000, 0x0000000773c00000, 0x0000000773c00000|100%| E|CS|TAMS 0x0000000773a00000, 0x0000000773a00000| Complete 
| 926|0x0000000773c00000, 0x0000000773e00000, 0x0000000773e00000|100%| E|CS|TAMS 0x0000000773c00000, 0x0000000773c00000| Complete 
| 927|0x0000000773e00000, 0x0000000774000000, 0x0000000774000000|100%| E|CS|TAMS 0x0000000773e00000, 0x0000000773e00000| Complete 
| 928|0x0000000774000000, 0x0000000774200000, 0x0000000774200000|100%| E|CS|TAMS 0x0000000774000000, 0x0000000774000000| Complete 
| 929|0x0000000774200000, 0x0000000774400000, 0x0000000774400000|100%| E|CS|TAMS 0x0000000774200000, 0x0000000774200000| Complete 
| 930|0x0000000774400000, 0x0000000774600000, 0x0000000774600000|100%| E|CS|TAMS 0x0000000774400000, 0x0000000774400000| Complete 
| 931|0x0000000774600000, 0x0000000774800000, 0x0000000774800000|100%| E|CS|TAMS 0x0000000774600000, 0x0000000774600000| Complete 
| 932|0x0000000774800000, 0x0000000774a00000, 0x0000000774a00000|100%| E|CS|TAMS 0x0000000774800000, 0x0000000774800000| Complete 
| 933|0x0000000774a00000, 0x0000000774c00000, 0x0000000774c00000|100%| E|CS|TAMS 0x0000000774a00000, 0x0000000774a00000| Complete 
| 934|0x0000000774c00000, 0x0000000774e00000, 0x0000000774e00000|100%| E|CS|TAMS 0x0000000774c00000, 0x0000000774c00000| Complete 
| 935|0x0000000774e00000, 0x0000000775000000, 0x0000000775000000|100%| E|CS|TAMS 0x0000000774e00000, 0x0000000774e00000| Complete 
| 936|0x0000000775000000, 0x0000000775200000, 0x0000000775200000|100%| E|CS|TAMS 0x0000000775000000, 0x0000000775000000| Complete 
| 937|0x0000000775200000, 0x0000000775400000, 0x0000000775400000|100%| E|CS|TAMS 0x0000000775200000, 0x0000000775200000| Complete 
| 938|0x0000000775400000, 0x0000000775600000, 0x0000000775600000|100%| E|CS|TAMS 0x0000000775400000, 0x0000000775400000| Complete 
| 939|0x0000000775600000, 0x0000000775800000, 0x0000000775800000|100%| E|CS|TAMS 0x0000000775600000, 0x0000000775600000| Complete 
| 940|0x0000000775800000, 0x0000000775a00000, 0x0000000775a00000|100%| E|CS|TAMS 0x0000000775800000, 0x0000000775800000| Complete 
| 941|0x0000000775a00000, 0x0000000775c00000, 0x0000000775c00000|100%| E|CS|TAMS 0x0000000775a00000, 0x0000000775a00000| Complete 
| 942|0x0000000775c00000, 0x0000000775e00000, 0x0000000775e00000|100%| E|CS|TAMS 0x0000000775c00000, 0x0000000775c00000| Complete 
| 943|0x0000000775e00000, 0x0000000776000000, 0x0000000776000000|100%| E|CS|TAMS 0x0000000775e00000, 0x0000000775e00000| Complete 
| 944|0x0000000776000000, 0x0000000776200000, 0x0000000776200000|100%| E|CS|TAMS 0x0000000776000000, 0x0000000776000000| Complete 
| 945|0x0000000776200000, 0x0000000776400000, 0x0000000776400000|100%| E|CS|TAMS 0x0000000776200000, 0x0000000776200000| Complete 
| 946|0x0000000776400000, 0x0000000776600000, 0x0000000776600000|100%| E|CS|TAMS 0x0000000776400000, 0x0000000776400000| Complete 
| 947|0x0000000776600000, 0x0000000776800000, 0x0000000776800000|100%| E|CS|TAMS 0x0000000776600000, 0x0000000776600000| Complete 
| 948|0x0000000776800000, 0x0000000776a00000, 0x0000000776a00000|100%| E|CS|TAMS 0x0000000776800000, 0x0000000776800000| Complete 
| 949|0x0000000776a00000, 0x0000000776c00000, 0x0000000776c00000|100%| E|CS|TAMS 0x0000000776a00000, 0x0000000776a00000| Complete 
| 950|0x0000000776c00000, 0x0000000776e00000, 0x0000000776e00000|100%| E|CS|TAMS 0x0000000776c00000, 0x0000000776c00000| Complete 
| 951|0x0000000776e00000, 0x0000000777000000, 0x0000000777000000|100%| E|CS|TAMS 0x0000000776e00000, 0x0000000776e00000| Complete 
| 952|0x0000000777000000, 0x0000000777200000, 0x0000000777200000|100%| E|CS|TAMS 0x0000000777000000, 0x0000000777000000| Complete 
| 953|0x0000000777200000, 0x0000000777400000, 0x0000000777400000|100%| E|CS|TAMS 0x0000000777200000, 0x0000000777200000| Complete 
| 954|0x0000000777400000, 0x0000000777600000, 0x0000000777600000|100%| E|CS|TAMS 0x0000000777400000, 0x0000000777400000| Complete 
| 955|0x0000000777600000, 0x0000000777800000, 0x0000000777800000|100%| E|CS|TAMS 0x0000000777600000, 0x0000000777600000| Complete 
| 956|0x0000000777800000, 0x0000000777a00000, 0x0000000777a00000|100%| E|CS|TAMS 0x0000000777800000, 0x0000000777800000| Complete 
| 957|0x0000000777a00000, 0x0000000777c00000, 0x0000000777c00000|100%| E|CS|TAMS 0x0000000777a00000, 0x0000000777a00000| Complete 
| 958|0x0000000777c00000, 0x0000000777e00000, 0x0000000777e00000|100%| E|CS|TAMS 0x0000000777c00000, 0x0000000777c00000| Complete 
| 959|0x0000000777e00000, 0x0000000778000000, 0x0000000778000000|100%| E|CS|TAMS 0x0000000777e00000, 0x0000000777e00000| Complete 
| 960|0x0000000778000000, 0x0000000778200000, 0x0000000778200000|100%| E|CS|TAMS 0x0000000778000000, 0x0000000778000000| Complete 
| 961|0x0000000778200000, 0x0000000778400000, 0x0000000778400000|100%| E|CS|TAMS 0x0000000778200000, 0x0000000778200000| Complete 
| 962|0x0000000778400000, 0x0000000778600000, 0x0000000778600000|100%| E|CS|TAMS 0x0000000778400000, 0x0000000778400000| Complete 
| 963|0x0000000778600000, 0x0000000778800000, 0x0000000778800000|100%| E|CS|TAMS 0x0000000778600000, 0x0000000778600000| Complete 
| 964|0x0000000778800000, 0x0000000778a00000, 0x0000000778a00000|100%| E|CS|TAMS 0x0000000778800000, 0x0000000778800000| Complete 
| 965|0x0000000778a00000, 0x0000000778c00000, 0x0000000778c00000|100%| E|CS|TAMS 0x0000000778a00000, 0x0000000778a00000| Complete 
| 966|0x0000000778c00000, 0x0000000778e00000, 0x0000000778e00000|100%| E|CS|TAMS 0x0000000778c00000, 0x0000000778c00000| Complete 
| 967|0x0000000778e00000, 0x0000000779000000, 0x0000000779000000|100%| E|CS|TAMS 0x0000000778e00000, 0x0000000778e00000| Complete 
| 968|0x0000000779000000, 0x0000000779200000, 0x0000000779200000|100%| E|CS|TAMS 0x0000000779000000, 0x0000000779000000| Complete 
| 969|0x0000000779200000, 0x0000000779400000, 0x0000000779400000|100%| E|CS|TAMS 0x0000000779200000, 0x0000000779200000| Complete 
| 970|0x0000000779400000, 0x0000000779600000, 0x0000000779600000|100%| E|CS|TAMS 0x0000000779400000, 0x0000000779400000| Complete 
| 971|0x0000000779600000, 0x0000000779800000, 0x0000000779800000|100%| E|CS|TAMS 0x0000000779600000, 0x0000000779600000| Complete 
| 972|0x0000000779800000, 0x0000000779a00000, 0x0000000779a00000|100%| E|CS|TAMS 0x0000000779800000, 0x0000000779800000| Complete 
| 973|0x0000000779a00000, 0x0000000779c00000, 0x0000000779c00000|100%| E|CS|TAMS 0x0000000779a00000, 0x0000000779a00000| Complete 
| 974|0x0000000779c00000, 0x0000000779e00000, 0x0000000779e00000|100%| E|CS|TAMS 0x0000000779c00000, 0x0000000779c00000| Complete 
| 975|0x0000000779e00000, 0x000000077a000000, 0x000000077a000000|100%| E|CS|TAMS 0x0000000779e00000, 0x0000000779e00000| Complete 
| 976|0x000000077a000000, 0x000000077a200000, 0x000000077a200000|100%| E|CS|TAMS 0x000000077a000000, 0x000000077a000000| Complete 
| 977|0x000000077a200000, 0x000000077a400000, 0x000000077a400000|100%| E|CS|TAMS 0x000000077a200000, 0x000000077a200000| Complete 
| 978|0x000000077a400000, 0x000000077a600000, 0x000000077a600000|100%| E|CS|TAMS 0x000000077a400000, 0x000000077a400000| Complete 
| 979|0x000000077a600000, 0x000000077a800000, 0x000000077a800000|100%| E|CS|TAMS 0x000000077a600000, 0x000000077a600000| Complete 
| 980|0x000000077a800000, 0x000000077aa00000, 0x000000077aa00000|100%| E|CS|TAMS 0x000000077a800000, 0x000000077a800000| Complete 
| 981|0x000000077aa00000, 0x000000077ac00000, 0x000000077ac00000|100%| E|CS|TAMS 0x000000077aa00000, 0x000000077aa00000| Complete 
| 982|0x000000077ac00000, 0x000000077ae00000, 0x000000077ae00000|100%| E|CS|TAMS 0x000000077ac00000, 0x000000077ac00000| Complete 
| 983|0x000000077ae00000, 0x000000077b000000, 0x000000077b000000|100%| E|CS|TAMS 0x000000077ae00000, 0x000000077ae00000| Complete 
| 984|0x000000077b000000, 0x000000077b200000, 0x000000077b200000|100%| E|CS|TAMS 0x000000077b000000, 0x000000077b000000| Complete 
| 985|0x000000077b200000, 0x000000077b400000, 0x000000077b400000|100%| E|CS|TAMS 0x000000077b200000, 0x000000077b200000| Complete 
| 986|0x000000077b400000, 0x000000077b600000, 0x000000077b600000|100%| E|CS|TAMS 0x000000077b400000, 0x000000077b400000| Complete 
| 987|0x000000077b600000, 0x000000077b800000, 0x000000077b800000|100%| E|CS|TAMS 0x000000077b600000, 0x000000077b600000| Complete 
| 988|0x000000077b800000, 0x000000077ba00000, 0x000000077ba00000|100%| E|CS|TAMS 0x000000077b800000, 0x000000077b800000| Complete 
| 989|0x000000077ba00000, 0x000000077bc00000, 0x000000077bc00000|100%| E|CS|TAMS 0x000000077ba00000, 0x000000077ba00000| Complete 
| 990|0x000000077bc00000, 0x000000077be00000, 0x000000077be00000|100%| E|CS|TAMS 0x000000077bc00000, 0x000000077bc00000| Complete 
| 991|0x000000077be00000, 0x000000077c000000, 0x000000077c000000|100%| E|CS|TAMS 0x000000077be00000, 0x000000077be00000| Complete 
| 992|0x000000077c000000, 0x000000077c200000, 0x000000077c200000|100%| E|CS|TAMS 0x000000077c000000, 0x000000077c000000| Complete 
| 993|0x000000077c200000, 0x000000077c400000, 0x000000077c400000|100%| E|CS|TAMS 0x000000077c200000, 0x000000077c200000| Complete 
| 994|0x000000077c400000, 0x000000077c600000, 0x000000077c600000|100%| E|CS|TAMS 0x000000077c400000, 0x000000077c400000| Complete 
| 995|0x000000077c600000, 0x000000077c800000, 0x000000077c800000|100%| E|CS|TAMS 0x000000077c600000, 0x000000077c600000| Complete 
| 996|0x000000077c800000, 0x000000077ca00000, 0x000000077ca00000|100%| E|CS|TAMS 0x000000077c800000, 0x000000077c800000| Complete 
| 997|0x000000077ca00000, 0x000000077cc00000, 0x000000077cc00000|100%| E|CS|TAMS 0x000000077ca00000, 0x000000077ca00000| Complete 
| 998|0x000000077cc00000, 0x000000077ce00000, 0x000000077ce00000|100%| E|CS|TAMS 0x000000077cc00000, 0x000000077cc00000| Complete 
| 999|0x000000077ce00000, 0x000000077d000000, 0x000000077d000000|100%| E|CS|TAMS 0x000000077ce00000, 0x000000077ce00000| Complete 
|1000|0x000000077d000000, 0x000000077d200000, 0x000000077d200000|100%| E|CS|TAMS 0x000000077d000000, 0x000000077d000000| Complete 
|1001|0x000000077d200000, 0x000000077d400000, 0x000000077d400000|100%| E|CS|TAMS 0x000000077d200000, 0x000000077d200000| Complete 
|1002|0x000000077d400000, 0x000000077d600000, 0x000000077d600000|100%| E|CS|TAMS 0x000000077d400000, 0x000000077d400000| Complete 
|1003|0x000000077d600000, 0x000000077d800000, 0x000000077d800000|100%| E|CS|TAMS 0x000000077d600000, 0x000000077d600000| Complete 
|1004|0x000000077d800000, 0x000000077da00000, 0x000000077da00000|100%| E|CS|TAMS 0x000000077d800000, 0x000000077d800000| Complete 
|1005|0x000000077da00000, 0x000000077dc00000, 0x000000077dc00000|100%| E|CS|TAMS 0x000000077da00000, 0x000000077da00000| Complete 
|1006|0x000000077dc00000, 0x000000077de00000, 0x000000077de00000|100%| E|CS|TAMS 0x000000077dc00000, 0x000000077dc00000| Complete 
|1007|0x000000077de00000, 0x000000077e000000, 0x000000077e000000|100%| E|CS|TAMS 0x000000077de00000, 0x000000077de00000| Complete 
|1008|0x000000077e000000, 0x000000077e200000, 0x000000077e200000|100%| E|CS|TAMS 0x000000077e000000, 0x000000077e000000| Complete 
|1009|0x000000077e200000, 0x000000077e400000, 0x000000077e400000|100%| E|CS|TAMS 0x000000077e200000, 0x000000077e200000| Complete 
|1010|0x000000077e400000, 0x000000077e600000, 0x000000077e600000|100%| E|CS|TAMS 0x000000077e400000, 0x000000077e400000| Complete 
|1011|0x000000077e600000, 0x000000077e800000, 0x000000077e800000|100%| E|CS|TAMS 0x000000077e600000, 0x000000077e600000| Complete 
|1012|0x000000077e800000, 0x000000077ea00000, 0x000000077ea00000|100%| E|CS|TAMS 0x000000077e800000, 0x000000077e800000| Complete 
|1013|0x000000077ea00000, 0x000000077ec00000, 0x000000077ec00000|100%| E|CS|TAMS 0x000000077ea00000, 0x000000077ea00000| Complete 
|1014|0x000000077ec00000, 0x000000077ee00000, 0x000000077ee00000|100%| E|CS|TAMS 0x000000077ec00000, 0x000000077ec00000| Complete 
|1015|0x000000077ee00000, 0x000000077f000000, 0x000000077f000000|100%| E|CS|TAMS 0x000000077ee00000, 0x000000077ee00000| Complete 
|1016|0x000000077f000000, 0x000000077f200000, 0x000000077f200000|100%| E|CS|TAMS 0x000000077f000000, 0x000000077f000000| Complete 
|1017|0x000000077f200000, 0x000000077f400000, 0x000000077f400000|100%| E|CS|TAMS 0x000000077f200000, 0x000000077f200000| Complete 
|1018|0x000000077f400000, 0x000000077f600000, 0x000000077f600000|100%| E|CS|TAMS 0x000000077f400000, 0x000000077f400000| Complete 
|1019|0x000000077f600000, 0x000000077f800000, 0x000000077f800000|100%| E|CS|TAMS 0x000000077f600000, 0x000000077f600000| Complete 
|1020|0x000000077f800000, 0x000000077fa00000, 0x000000077fa00000|100%| E|CS|TAMS 0x000000077f800000, 0x000000077f800000| Complete 
|1021|0x000000077fa00000, 0x000000077fc00000, 0x000000077fc00000|100%| E|CS|TAMS 0x000000077fa00000, 0x000000077fa00000| Complete 
|1022|0x000000077fc00000, 0x000000077fe00000, 0x000000077fe00000|100%| E|CS|TAMS 0x000000077fc00000, 0x000000077fc00000| Complete 
|1023|0x000000077fe00000, 0x0000000780000000, 0x0000000780000000|100%| E|CS|TAMS 0x000000077fe00000, 0x000000077fe00000| Complete 
|1024|0x0000000780000000, 0x0000000780200000, 0x0000000780200000|100%| E|CS|TAMS 0x0000000780000000, 0x0000000780000000| Complete 
|1025|0x0000000780200000, 0x0000000780400000, 0x0000000780400000|100%| E|CS|TAMS 0x0000000780200000, 0x0000000780200000| Complete 
|1026|0x0000000780400000, 0x0000000780600000, 0x0000000780600000|100%| E|CS|TAMS 0x0000000780400000, 0x0000000780400000| Complete 
|1027|0x0000000780600000, 0x0000000780800000, 0x0000000780800000|100%| E|CS|TAMS 0x0000000780600000, 0x0000000780600000| Complete 
|1028|0x0000000780800000, 0x0000000780a00000, 0x0000000780a00000|100%| E|CS|TAMS 0x0000000780800000, 0x0000000780800000| Complete 
|1029|0x0000000780a00000, 0x0000000780c00000, 0x0000000780c00000|100%| E|CS|TAMS 0x0000000780a00000, 0x0000000780a00000| Complete 
|1030|0x0000000780c00000, 0x0000000780e00000, 0x0000000780e00000|100%| E|CS|TAMS 0x0000000780c00000, 0x0000000780c00000| Complete 
|1031|0x0000000780e00000, 0x0000000781000000, 0x0000000781000000|100%| E|CS|TAMS 0x0000000780e00000, 0x0000000780e00000| Complete 
|1032|0x0000000781000000, 0x0000000781200000, 0x0000000781200000|100%| E|CS|TAMS 0x0000000781000000, 0x0000000781000000| Complete 
|1033|0x0000000781200000, 0x0000000781400000, 0x0000000781400000|100%| E|CS|TAMS 0x0000000781200000, 0x0000000781200000| Complete 
|1034|0x0000000781400000, 0x0000000781600000, 0x0000000781600000|100%| E|CS|TAMS 0x0000000781400000, 0x0000000781400000| Complete 
|1035|0x0000000781600000, 0x0000000781800000, 0x0000000781800000|100%| E|CS|TAMS 0x0000000781600000, 0x0000000781600000| Complete 
|1036|0x0000000781800000, 0x0000000781a00000, 0x0000000781a00000|100%| E|CS|TAMS 0x0000000781800000, 0x0000000781800000| Complete 
|1037|0x0000000781a00000, 0x0000000781c00000, 0x0000000781c00000|100%| E|CS|TAMS 0x0000000781a00000, 0x0000000781a00000| Complete 
|1038|0x0000000781c00000, 0x0000000781e00000, 0x0000000781e00000|100%| E|CS|TAMS 0x0000000781c00000, 0x0000000781c00000| Complete 
|1039|0x0000000781e00000, 0x0000000782000000, 0x0000000782000000|100%| E|CS|TAMS 0x0000000781e00000, 0x0000000781e00000| Complete 
|1040|0x0000000782000000, 0x0000000782200000, 0x0000000782200000|100%| E|CS|TAMS 0x0000000782000000, 0x0000000782000000| Complete 
|1041|0x0000000782200000, 0x0000000782400000, 0x0000000782400000|100%| E|CS|TAMS 0x0000000782200000, 0x0000000782200000| Complete 
|1042|0x0000000782400000, 0x0000000782600000, 0x0000000782600000|100%| E|CS|TAMS 0x0000000782400000, 0x0000000782400000| Complete 
|1043|0x0000000782600000, 0x0000000782800000, 0x0000000782800000|100%| E|CS|TAMS 0x0000000782600000, 0x0000000782600000| Complete 
|1044|0x0000000782800000, 0x0000000782a00000, 0x0000000782a00000|100%| E|CS|TAMS 0x0000000782800000, 0x0000000782800000| Complete 
|1045|0x0000000782a00000, 0x0000000782c00000, 0x0000000782c00000|100%| E|CS|TAMS 0x0000000782a00000, 0x0000000782a00000| Complete 
|1046|0x0000000782c00000, 0x0000000782e00000, 0x0000000782e00000|100%| E|CS|TAMS 0x0000000782c00000, 0x0000000782c00000| Complete 
|1047|0x0000000782e00000, 0x0000000783000000, 0x0000000783000000|100%| E|CS|TAMS 0x0000000782e00000, 0x0000000782e00000| Complete 
|1048|0x0000000783000000, 0x0000000783200000, 0x0000000783200000|100%| E|CS|TAMS 0x0000000783000000, 0x0000000783000000| Complete 
|1049|0x0000000783200000, 0x0000000783400000, 0x0000000783400000|100%| E|CS|TAMS 0x0000000783200000, 0x0000000783200000| Complete 
|1050|0x0000000783400000, 0x0000000783600000, 0x0000000783600000|100%| E|CS|TAMS 0x0000000783400000, 0x0000000783400000| Complete 
|1051|0x0000000783600000, 0x0000000783800000, 0x0000000783800000|100%| E|CS|TAMS 0x0000000783600000, 0x0000000783600000| Complete 
|1052|0x0000000783800000, 0x0000000783a00000, 0x0000000783a00000|100%| E|CS|TAMS 0x0000000783800000, 0x0000000783800000| Complete 
|1053|0x0000000783a00000, 0x0000000783c00000, 0x0000000783c00000|100%| E|CS|TAMS 0x0000000783a00000, 0x0000000783a00000| Complete 
|1054|0x0000000783c00000, 0x0000000783e00000, 0x0000000783e00000|100%| E|CS|TAMS 0x0000000783c00000, 0x0000000783c00000| Complete 
|1055|0x0000000783e00000, 0x0000000784000000, 0x0000000784000000|100%| E|CS|TAMS 0x0000000783e00000, 0x0000000783e00000| Complete 
|1056|0x0000000784000000, 0x0000000784200000, 0x0000000784200000|100%| E|CS|TAMS 0x0000000784000000, 0x0000000784000000| Complete 
|1057|0x0000000784200000, 0x0000000784400000, 0x0000000784400000|100%| E|CS|TAMS 0x0000000784200000, 0x0000000784200000| Complete 
|1058|0x0000000784400000, 0x0000000784600000, 0x0000000784600000|100%| E|CS|TAMS 0x0000000784400000, 0x0000000784400000| Complete 
|1059|0x0000000784600000, 0x0000000784800000, 0x0000000784800000|100%| E|CS|TAMS 0x0000000784600000, 0x0000000784600000| Complete 
|1060|0x0000000784800000, 0x0000000784a00000, 0x0000000784a00000|100%| E|CS|TAMS 0x0000000784800000, 0x0000000784800000| Complete 
|1061|0x0000000784a00000, 0x0000000784c00000, 0x0000000784c00000|100%| E|CS|TAMS 0x0000000784a00000, 0x0000000784a00000| Complete 
|1062|0x0000000784c00000, 0x0000000784e00000, 0x0000000784e00000|100%| E|CS|TAMS 0x0000000784c00000, 0x0000000784c00000| Complete 
|1063|0x0000000784e00000, 0x0000000785000000, 0x0000000785000000|100%| E|CS|TAMS 0x0000000784e00000, 0x0000000784e00000| Complete 
|1064|0x0000000785000000, 0x0000000785200000, 0x0000000785200000|100%| E|CS|TAMS 0x0000000785000000, 0x0000000785000000| Complete 
|1065|0x0000000785200000, 0x0000000785400000, 0x0000000785400000|100%| E|CS|TAMS 0x0000000785200000, 0x0000000785200000| Complete 
|1066|0x0000000785400000, 0x0000000785600000, 0x0000000785600000|100%| E|CS|TAMS 0x0000000785400000, 0x0000000785400000| Complete 
|1067|0x0000000785600000, 0x0000000785800000, 0x0000000785800000|100%| E|CS|TAMS 0x0000000785600000, 0x0000000785600000| Complete 
|1068|0x0000000785800000, 0x0000000785a00000, 0x0000000785a00000|100%| E|CS|TAMS 0x0000000785800000, 0x0000000785800000| Complete 
|1069|0x0000000785a00000, 0x0000000785c00000, 0x0000000785c00000|100%| E|CS|TAMS 0x0000000785a00000, 0x0000000785a00000| Complete 
|1070|0x0000000785c00000, 0x0000000785e00000, 0x0000000785e00000|100%| E|CS|TAMS 0x0000000785c00000, 0x0000000785c00000| Complete 
|1071|0x0000000785e00000, 0x0000000786000000, 0x0000000786000000|100%| E|CS|TAMS 0x0000000785e00000, 0x0000000785e00000| Complete 
|1072|0x0000000786000000, 0x0000000786200000, 0x0000000786200000|100%| E|CS|TAMS 0x0000000786000000, 0x0000000786000000| Complete 
|1073|0x0000000786200000, 0x0000000786400000, 0x0000000786400000|100%| E|CS|TAMS 0x0000000786200000, 0x0000000786200000| Complete 
|1074|0x0000000786400000, 0x0000000786600000, 0x0000000786600000|100%| E|CS|TAMS 0x0000000786400000, 0x0000000786400000| Complete 
|1075|0x0000000786600000, 0x0000000786800000, 0x0000000786800000|100%| E|CS|TAMS 0x0000000786600000, 0x0000000786600000| Complete 
|1076|0x0000000786800000, 0x0000000786a00000, 0x0000000786a00000|100%| E|CS|TAMS 0x0000000786800000, 0x0000000786800000| Complete 
|1077|0x0000000786a00000, 0x0000000786c00000, 0x0000000786c00000|100%| E|CS|TAMS 0x0000000786a00000, 0x0000000786a00000| Complete 
|1078|0x0000000786c00000, 0x0000000786e00000, 0x0000000786e00000|100%| E|CS|TAMS 0x0000000786c00000, 0x0000000786c00000| Complete 
|1079|0x0000000786e00000, 0x0000000787000000, 0x0000000787000000|100%| E|CS|TAMS 0x0000000786e00000, 0x0000000786e00000| Complete 
|1080|0x0000000787000000, 0x0000000787200000, 0x0000000787200000|100%| E|CS|TAMS 0x0000000787000000, 0x0000000787000000| Complete 
|1081|0x0000000787200000, 0x0000000787400000, 0x0000000787400000|100%| E|CS|TAMS 0x0000000787200000, 0x0000000787200000| Complete 
|1082|0x0000000787400000, 0x0000000787600000, 0x0000000787600000|100%| E|CS|TAMS 0x0000000787400000, 0x0000000787400000| Complete 
|1083|0x0000000787600000, 0x0000000787800000, 0x0000000787800000|100%| E|CS|TAMS 0x0000000787600000, 0x0000000787600000| Complete 
|1084|0x0000000787800000, 0x0000000787a00000, 0x0000000787a00000|100%| E|CS|TAMS 0x0000000787800000, 0x0000000787800000| Complete 
|1085|0x0000000787a00000, 0x0000000787c00000, 0x0000000787c00000|100%| E|CS|TAMS 0x0000000787a00000, 0x0000000787a00000| Complete 
|1086|0x0000000787c00000, 0x0000000787e00000, 0x0000000787e00000|100%| E|CS|TAMS 0x0000000787c00000, 0x0000000787c00000| Complete 
|1087|0x0000000787e00000, 0x0000000788000000, 0x0000000788000000|100%| E|CS|TAMS 0x0000000787e00000, 0x0000000787e00000| Complete 
|1088|0x0000000788000000, 0x0000000788200000, 0x0000000788200000|100%| E|CS|TAMS 0x0000000788000000, 0x0000000788000000| Complete 
|1089|0x0000000788200000, 0x0000000788400000, 0x0000000788400000|100%| E|CS|TAMS 0x0000000788200000, 0x0000000788200000| Complete 
|1090|0x0000000788400000, 0x0000000788600000, 0x0000000788600000|100%| E|CS|TAMS 0x0000000788400000, 0x0000000788400000| Complete 
|1091|0x0000000788600000, 0x0000000788800000, 0x0000000788800000|100%| E|CS|TAMS 0x0000000788600000, 0x0000000788600000| Complete 
|1092|0x0000000788800000, 0x0000000788a00000, 0x0000000788a00000|100%| E|CS|TAMS 0x0000000788800000, 0x0000000788800000| Complete 
|1093|0x0000000788a00000, 0x0000000788c00000, 0x0000000788c00000|100%| E|CS|TAMS 0x0000000788a00000, 0x0000000788a00000| Complete 
|1094|0x0000000788c00000, 0x0000000788e00000, 0x0000000788e00000|100%| E|CS|TAMS 0x0000000788c00000, 0x0000000788c00000| Complete 
|1095|0x0000000788e00000, 0x0000000789000000, 0x0000000789000000|100%| E|CS|TAMS 0x0000000788e00000, 0x0000000788e00000| Complete 
|1096|0x0000000789000000, 0x0000000789200000, 0x0000000789200000|100%| E|CS|TAMS 0x0000000789000000, 0x0000000789000000| Complete 
|1097|0x0000000789200000, 0x0000000789400000, 0x0000000789400000|100%| E|CS|TAMS 0x0000000789200000, 0x0000000789200000| Complete 
|1098|0x0000000789400000, 0x0000000789600000, 0x0000000789600000|100%| E|CS|TAMS 0x0000000789400000, 0x0000000789400000| Complete 
|1099|0x0000000789600000, 0x0000000789800000, 0x0000000789800000|100%| E|CS|TAMS 0x0000000789600000, 0x0000000789600000| Complete 
|1100|0x0000000789800000, 0x0000000789a00000, 0x0000000789a00000|100%| E|CS|TAMS 0x0000000789800000, 0x0000000789800000| Complete 
|1101|0x0000000789a00000, 0x0000000789c00000, 0x0000000789c00000|100%| E|CS|TAMS 0x0000000789a00000, 0x0000000789a00000| Complete 
|1102|0x0000000789c00000, 0x0000000789e00000, 0x0000000789e00000|100%| E|CS|TAMS 0x0000000789c00000, 0x0000000789c00000| Complete 
|1103|0x0000000789e00000, 0x000000078a000000, 0x000000078a000000|100%| E|CS|TAMS 0x0000000789e00000, 0x0000000789e00000| Complete 
|1104|0x000000078a000000, 0x000000078a200000, 0x000000078a200000|100%| E|CS|TAMS 0x000000078a000000, 0x000000078a000000| Complete 
|1105|0x000000078a200000, 0x000000078a400000, 0x000000078a400000|100%| E|CS|TAMS 0x000000078a200000, 0x000000078a200000| Complete 
|1106|0x000000078a400000, 0x000000078a600000, 0x000000078a600000|100%| E|CS|TAMS 0x000000078a400000, 0x000000078a400000| Complete 
|1107|0x000000078a600000, 0x000000078a800000, 0x000000078a800000|100%| E|CS|TAMS 0x000000078a600000, 0x000000078a600000| Complete 
|1108|0x000000078a800000, 0x000000078aa00000, 0x000000078aa00000|100%| E|CS|TAMS 0x000000078a800000, 0x000000078a800000| Complete 
|1109|0x000000078aa00000, 0x000000078ac00000, 0x000000078ac00000|100%| E|CS|TAMS 0x000000078aa00000, 0x000000078aa00000| Complete 
|1110|0x000000078ac00000, 0x000000078ae00000, 0x000000078ae00000|100%| E|CS|TAMS 0x000000078ac00000, 0x000000078ac00000| Complete 
|1111|0x000000078ae00000, 0x000000078b000000, 0x000000078b000000|100%| E|CS|TAMS 0x000000078ae00000, 0x000000078ae00000| Complete 
|1112|0x000000078b000000, 0x000000078b200000, 0x000000078b200000|100%| E|CS|TAMS 0x000000078b000000, 0x000000078b000000| Complete 
|1113|0x000000078b200000, 0x000000078b400000, 0x000000078b400000|100%| E|CS|TAMS 0x000000078b200000, 0x000000078b200000| Complete 
|1114|0x000000078b400000, 0x000000078b600000, 0x000000078b600000|100%| E|CS|TAMS 0x000000078b400000, 0x000000078b400000| Complete 
|1115|0x000000078b600000, 0x000000078b800000, 0x000000078b800000|100%| E|CS|TAMS 0x000000078b600000, 0x000000078b600000| Complete 
|1116|0x000000078b800000, 0x000000078ba00000, 0x000000078ba00000|100%| E|CS|TAMS 0x000000078b800000, 0x000000078b800000| Complete 
|1117|0x000000078ba00000, 0x000000078bc00000, 0x000000078bc00000|100%| E|CS|TAMS 0x000000078ba00000, 0x000000078ba00000| Complete 
|1118|0x000000078bc00000, 0x000000078be00000, 0x000000078be00000|100%| E|CS|TAMS 0x000000078bc00000, 0x000000078bc00000| Complete 
|1119|0x000000078be00000, 0x000000078c000000, 0x000000078c000000|100%| E|CS|TAMS 0x000000078be00000, 0x000000078be00000| Complete 
|1120|0x000000078c000000, 0x000000078c200000, 0x000000078c200000|100%| E|CS|TAMS 0x000000078c000000, 0x000000078c000000| Complete 
|1121|0x000000078c200000, 0x000000078c400000, 0x000000078c400000|100%| E|CS|TAMS 0x000000078c200000, 0x000000078c200000| Complete 
|1122|0x000000078c400000, 0x000000078c600000, 0x000000078c600000|100%| E|CS|TAMS 0x000000078c400000, 0x000000078c400000| Complete 
|1123|0x000000078c600000, 0x000000078c800000, 0x000000078c800000|100%| E|CS|TAMS 0x000000078c600000, 0x000000078c600000| Complete 
|1124|0x000000078c800000, 0x000000078ca00000, 0x000000078ca00000|100%| E|CS|TAMS 0x000000078c800000, 0x000000078c800000| Complete 
|1125|0x000000078ca00000, 0x000000078cc00000, 0x000000078cc00000|100%| E|CS|TAMS 0x000000078ca00000, 0x000000078ca00000| Complete 
|1126|0x000000078cc00000, 0x000000078ce00000, 0x000000078ce00000|100%| E|CS|TAMS 0x000000078cc00000, 0x000000078cc00000| Complete 
|1127|0x000000078ce00000, 0x000000078d000000, 0x000000078d000000|100%| E|CS|TAMS 0x000000078ce00000, 0x000000078ce00000| Complete 
|1128|0x000000078d000000, 0x000000078d200000, 0x000000078d200000|100%| E|CS|TAMS 0x000000078d000000, 0x000000078d000000| Complete 
|1129|0x000000078d200000, 0x000000078d400000, 0x000000078d400000|100%| E|CS|TAMS 0x000000078d200000, 0x000000078d200000| Complete 
|1130|0x000000078d400000, 0x000000078d600000, 0x000000078d600000|100%| E|CS|TAMS 0x000000078d400000, 0x000000078d400000| Complete 
|1131|0x000000078d600000, 0x000000078d800000, 0x000000078d800000|100%| E|CS|TAMS 0x000000078d600000, 0x000000078d600000| Complete 
|1132|0x000000078d800000, 0x000000078da00000, 0x000000078da00000|100%| E|CS|TAMS 0x000000078d800000, 0x000000078d800000| Complete 
|1133|0x000000078da00000, 0x000000078dc00000, 0x000000078dc00000|100%| E|CS|TAMS 0x000000078da00000, 0x000000078da00000| Complete 
|1134|0x000000078dc00000, 0x000000078de00000, 0x000000078de00000|100%| E|CS|TAMS 0x000000078dc00000, 0x000000078dc00000| Complete 
|1135|0x000000078de00000, 0x000000078e000000, 0x000000078e000000|100%| E|CS|TAMS 0x000000078de00000, 0x000000078de00000| Complete 
|1136|0x000000078e000000, 0x000000078e200000, 0x000000078e200000|100%| E|CS|TAMS 0x000000078e000000, 0x000000078e000000| Complete 
|1137|0x000000078e200000, 0x000000078e400000, 0x000000078e400000|100%| E|CS|TAMS 0x000000078e200000, 0x000000078e200000| Complete 
|1138|0x000000078e400000, 0x000000078e600000, 0x000000078e600000|100%| E|CS|TAMS 0x000000078e400000, 0x000000078e400000| Complete 
|1139|0x000000078e600000, 0x000000078e800000, 0x000000078e800000|100%| E|CS|TAMS 0x000000078e600000, 0x000000078e600000| Complete 
|1140|0x000000078e800000, 0x000000078ea00000, 0x000000078ea00000|100%| E|CS|TAMS 0x000000078e800000, 0x000000078e800000| Complete 
|1141|0x000000078ea00000, 0x000000078ec00000, 0x000000078ec00000|100%| E|CS|TAMS 0x000000078ea00000, 0x000000078ea00000| Complete 
|1142|0x000000078ec00000, 0x000000078ee00000, 0x000000078ee00000|100%| E|CS|TAMS 0x000000078ec00000, 0x000000078ec00000| Complete 
|1143|0x000000078ee00000, 0x000000078f000000, 0x000000078f000000|100%| E|CS|TAMS 0x000000078ee00000, 0x000000078ee00000| Complete 
|1144|0x000000078f000000, 0x000000078f200000, 0x000000078f200000|100%| E|CS|TAMS 0x000000078f000000, 0x000000078f000000| Complete 
|1145|0x000000078f200000, 0x000000078f400000, 0x000000078f400000|100%| E|CS|TAMS 0x000000078f200000, 0x000000078f200000| Complete 
|1146|0x000000078f400000, 0x000000078f600000, 0x000000078f600000|100%| E|CS|TAMS 0x000000078f400000, 0x000000078f400000| Complete 
|1147|0x000000078f600000, 0x000000078f800000, 0x000000078f800000|100%| E|CS|TAMS 0x000000078f600000, 0x000000078f600000| Complete 
|1148|0x000000078f800000, 0x000000078fa00000, 0x000000078fa00000|100%| E|CS|TAMS 0x000000078f800000, 0x000000078f800000| Complete 
|1149|0x000000078fa00000, 0x000000078fc00000, 0x000000078fc00000|100%| E|CS|TAMS 0x000000078fa00000, 0x000000078fa00000| Complete 
|1150|0x000000078fc00000, 0x000000078fe00000, 0x000000078fe00000|100%| E|CS|TAMS 0x000000078fc00000, 0x000000078fc00000| Complete 
|1151|0x000000078fe00000, 0x0000000790000000, 0x0000000790000000|100%| E|CS|TAMS 0x000000078fe00000, 0x000000078fe00000| Complete 
|1152|0x0000000790000000, 0x0000000790200000, 0x0000000790200000|100%| E|CS|TAMS 0x0000000790000000, 0x0000000790000000| Complete 
|1153|0x0000000790200000, 0x0000000790400000, 0x0000000790400000|100%| E|CS|TAMS 0x0000000790200000, 0x0000000790200000| Complete 
|1154|0x0000000790400000, 0x0000000790600000, 0x0000000790600000|100%| E|CS|TAMS 0x0000000790400000, 0x0000000790400000| Complete 
|1155|0x0000000790600000, 0x0000000790800000, 0x0000000790800000|100%| E|CS|TAMS 0x0000000790600000, 0x0000000790600000| Complete 
|1156|0x0000000790800000, 0x0000000790a00000, 0x0000000790a00000|100%| E|CS|TAMS 0x0000000790800000, 0x0000000790800000| Complete 
|1157|0x0000000790a00000, 0x0000000790c00000, 0x0000000790c00000|100%| E|CS|TAMS 0x0000000790a00000, 0x0000000790a00000| Complete 
|1158|0x0000000790c00000, 0x0000000790e00000, 0x0000000790e00000|100%| E|CS|TAMS 0x0000000790c00000, 0x0000000790c00000| Complete 
|1159|0x0000000790e00000, 0x0000000791000000, 0x0000000791000000|100%| E|CS|TAMS 0x0000000790e00000, 0x0000000790e00000| Complete 
|1160|0x0000000791000000, 0x0000000791200000, 0x0000000791200000|100%| E|CS|TAMS 0x0000000791000000, 0x0000000791000000| Complete 
|1161|0x0000000791200000, 0x0000000791400000, 0x0000000791400000|100%| E|CS|TAMS 0x0000000791200000, 0x0000000791200000| Complete 
|1162|0x0000000791400000, 0x0000000791600000, 0x0000000791600000|100%| E|CS|TAMS 0x0000000791400000, 0x0000000791400000| Complete 
|1163|0x0000000791600000, 0x0000000791800000, 0x0000000791800000|100%| E|CS|TAMS 0x0000000791600000, 0x0000000791600000| Complete 
|1164|0x0000000791800000, 0x0000000791a00000, 0x0000000791a00000|100%| E|CS|TAMS 0x0000000791800000, 0x0000000791800000| Complete 
|1165|0x0000000791a00000, 0x0000000791c00000, 0x0000000791c00000|100%| E|CS|TAMS 0x0000000791a00000, 0x0000000791a00000| Complete 
|1166|0x0000000791c00000, 0x0000000791e00000, 0x0000000791e00000|100%| E|CS|TAMS 0x0000000791c00000, 0x0000000791c00000| Complete 
|1167|0x0000000791e00000, 0x0000000792000000, 0x0000000792000000|100%| E|CS|TAMS 0x0000000791e00000, 0x0000000791e00000| Complete 
|1168|0x0000000792000000, 0x0000000792200000, 0x0000000792200000|100%| E|CS|TAMS 0x0000000792000000, 0x0000000792000000| Complete 
|1169|0x0000000792200000, 0x0000000792400000, 0x0000000792400000|100%| E|CS|TAMS 0x0000000792200000, 0x0000000792200000| Complete 
|1170|0x0000000792400000, 0x0000000792600000, 0x0000000792600000|100%| E|CS|TAMS 0x0000000792400000, 0x0000000792400000| Complete 
|1171|0x0000000792600000, 0x0000000792800000, 0x0000000792800000|100%| E|CS|TAMS 0x0000000792600000, 0x0000000792600000| Complete 
|1172|0x0000000792800000, 0x0000000792a00000, 0x0000000792a00000|100%| E|CS|TAMS 0x0000000792800000, 0x0000000792800000| Complete 
|1173|0x0000000792a00000, 0x0000000792c00000, 0x0000000792c00000|100%| E|CS|TAMS 0x0000000792a00000, 0x0000000792a00000| Complete 
|1174|0x0000000792c00000, 0x0000000792e00000, 0x0000000792e00000|100%| E|CS|TAMS 0x0000000792c00000, 0x0000000792c00000| Complete 
|1175|0x0000000792e00000, 0x0000000793000000, 0x0000000793000000|100%| E|CS|TAMS 0x0000000792e00000, 0x0000000792e00000| Complete 
|1176|0x0000000793000000, 0x0000000793200000, 0x0000000793200000|100%| E|CS|TAMS 0x0000000793000000, 0x0000000793000000| Complete 
|1177|0x0000000793200000, 0x0000000793400000, 0x0000000793400000|100%| E|CS|TAMS 0x0000000793200000, 0x0000000793200000| Complete 
|1178|0x0000000793400000, 0x0000000793600000, 0x0000000793600000|100%| E|CS|TAMS 0x0000000793400000, 0x0000000793400000| Complete 
|1179|0x0000000793600000, 0x0000000793800000, 0x0000000793800000|100%| E|CS|TAMS 0x0000000793600000, 0x0000000793600000| Complete 
|1180|0x0000000793800000, 0x0000000793a00000, 0x0000000793a00000|100%| E|CS|TAMS 0x0000000793800000, 0x0000000793800000| Complete 
|1181|0x0000000793a00000, 0x0000000793c00000, 0x0000000793c00000|100%| E|CS|TAMS 0x0000000793a00000, 0x0000000793a00000| Complete 
|1182|0x0000000793c00000, 0x0000000793e00000, 0x0000000793e00000|100%| E|CS|TAMS 0x0000000793c00000, 0x0000000793c00000| Complete 
|1183|0x0000000793e00000, 0x0000000794000000, 0x0000000794000000|100%| E|CS|TAMS 0x0000000793e00000, 0x0000000793e00000| Complete 
|1184|0x0000000794000000, 0x0000000794200000, 0x0000000794200000|100%| E|CS|TAMS 0x0000000794000000, 0x0000000794000000| Complete 
|1185|0x0000000794200000, 0x0000000794400000, 0x0000000794400000|100%| E|CS|TAMS 0x0000000794200000, 0x0000000794200000| Complete 
|1186|0x0000000794400000, 0x0000000794600000, 0x0000000794600000|100%| E|CS|TAMS 0x0000000794400000, 0x0000000794400000| Complete 
|1187|0x0000000794600000, 0x0000000794800000, 0x0000000794800000|100%| E|CS|TAMS 0x0000000794600000, 0x0000000794600000| Complete 
|1188|0x0000000794800000, 0x0000000794a00000, 0x0000000794a00000|100%| E|CS|TAMS 0x0000000794800000, 0x0000000794800000| Complete 
|1189|0x0000000794a00000, 0x0000000794c00000, 0x0000000794c00000|100%| E|CS|TAMS 0x0000000794a00000, 0x0000000794a00000| Complete 
|1190|0x0000000794c00000, 0x0000000794e00000, 0x0000000794e00000|100%| E|CS|TAMS 0x0000000794c00000, 0x0000000794c00000| Complete 
|1191|0x0000000794e00000, 0x0000000795000000, 0x0000000795000000|100%| E|CS|TAMS 0x0000000794e00000, 0x0000000794e00000| Complete 
|1192|0x0000000795000000, 0x0000000795200000, 0x0000000795200000|100%| E|CS|TAMS 0x0000000795000000, 0x0000000795000000| Complete 
|1193|0x0000000795200000, 0x0000000795400000, 0x0000000795400000|100%| E|CS|TAMS 0x0000000795200000, 0x0000000795200000| Complete 
|1194|0x0000000795400000, 0x0000000795600000, 0x0000000795600000|100%| E|CS|TAMS 0x0000000795400000, 0x0000000795400000| Complete 
|1195|0x0000000795600000, 0x0000000795800000, 0x0000000795800000|100%| E|CS|TAMS 0x0000000795600000, 0x0000000795600000| Complete 
|1196|0x0000000795800000, 0x0000000795a00000, 0x0000000795a00000|100%| E|CS|TAMS 0x0000000795800000, 0x0000000795800000| Complete 
|1197|0x0000000795a00000, 0x0000000795c00000, 0x0000000795c00000|100%| E|CS|TAMS 0x0000000795a00000, 0x0000000795a00000| Complete 
|1198|0x0000000795c00000, 0x0000000795e00000, 0x0000000795e00000|100%| E|CS|TAMS 0x0000000795c00000, 0x0000000795c00000| Complete 
|1199|0x0000000795e00000, 0x0000000796000000, 0x0000000796000000|100%| E|CS|TAMS 0x0000000795e00000, 0x0000000795e00000| Complete 
|1200|0x0000000796000000, 0x0000000796200000, 0x0000000796200000|100%| E|CS|TAMS 0x0000000796000000, 0x0000000796000000| Complete 
|1201|0x0000000796200000, 0x0000000796400000, 0x0000000796400000|100%| E|CS|TAMS 0x0000000796200000, 0x0000000796200000| Complete 
|1202|0x0000000796400000, 0x0000000796600000, 0x0000000796600000|100%| E|CS|TAMS 0x0000000796400000, 0x0000000796400000| Complete 
|1203|0x0000000796600000, 0x0000000796800000, 0x0000000796800000|100%| E|CS|TAMS 0x0000000796600000, 0x0000000796600000| Complete 
|1204|0x0000000796800000, 0x0000000796a00000, 0x0000000796a00000|100%| E|CS|TAMS 0x0000000796800000, 0x0000000796800000| Complete 
|1205|0x0000000796a00000, 0x0000000796c00000, 0x0000000796c00000|100%| E|CS|TAMS 0x0000000796a00000, 0x0000000796a00000| Complete 
|1206|0x0000000796c00000, 0x0000000796e00000, 0x0000000796e00000|100%| E|CS|TAMS 0x0000000796c00000, 0x0000000796c00000| Complete 
|1207|0x0000000796e00000, 0x0000000797000000, 0x0000000797000000|100%| E|CS|TAMS 0x0000000796e00000, 0x0000000796e00000| Complete 
|1280|0x00000007a0000000, 0x00000007a01d5218, 0x00000007a0200000| 91%| S|CS|TAMS 0x00000007a0000000, 0x00000007a0000000| Complete 
|1281|0x00000007a0200000, 0x00000007a0400000, 0x00000007a0400000|100%| S|CS|TAMS 0x00000007a0200000, 0x00000007a0200000| Complete 
|1282|0x00000007a0400000, 0x00000007a0600000, 0x00000007a0600000|100%| S|CS|TAMS 0x00000007a0400000, 0x00000007a0400000| Complete 
|1283|0x00000007a0600000, 0x00000007a0800000, 0x00000007a0800000|100%| S|CS|TAMS 0x00000007a0600000, 0x00000007a0600000| Complete 
|1284|0x00000007a0800000, 0x00000007a0a00000, 0x00000007a0a00000|100%| S|CS|TAMS 0x00000007a0800000, 0x00000007a0800000| Complete 
|1285|0x00000007a0a00000, 0x00000007a0c00000, 0x00000007a0c00000|100%| S|CS|TAMS 0x00000007a0a00000, 0x00000007a0a00000| Complete 
|1286|0x00000007a0c00000, 0x00000007a0e00000, 0x00000007a0e00000|100%| S|CS|TAMS 0x00000007a0c00000, 0x00000007a0c00000| Complete 
|1287|0x00000007a0e00000, 0x00000007a1000000, 0x00000007a1000000|100%| S|CS|TAMS 0x00000007a0e00000, 0x00000007a0e00000| Complete 
|1288|0x00000007a1000000, 0x00000007a1200000, 0x00000007a1200000|100%| S|CS|TAMS 0x00000007a1000000, 0x00000007a1000000| Complete 
|1314|0x00000007a4400000, 0x00000007a4600000, 0x00000007a4600000|100%| E|CS|TAMS 0x00000007a4400000, 0x00000007a4400000| Complete 
|1315|0x00000007a4600000, 0x00000007a4800000, 0x00000007a4800000|100%| E|CS|TAMS 0x00000007a4600000, 0x00000007a4600000| Complete 
|1316|0x00000007a4800000, 0x00000007a4a00000, 0x00000007a4a00000|100%| E|CS|TAMS 0x00000007a4800000, 0x00000007a4800000| Complete 
|1317|0x00000007a4a00000, 0x00000007a4c00000, 0x00000007a4c00000|100%| E|CS|TAMS 0x00000007a4a00000, 0x00000007a4a00000| Complete 
|1318|0x00000007a4c00000, 0x00000007a4e00000, 0x00000007a4e00000|100%| E|CS|TAMS 0x00000007a4c00000, 0x00000007a4c00000| Complete 
|1319|0x00000007a4e00000, 0x00000007a5000000, 0x00000007a5000000|100%| E|CS|TAMS 0x00000007a4e00000, 0x00000007a4e00000| Complete 
|1320|0x00000007a5000000, 0x00000007a5200000, 0x00000007a5200000|100%| E|CS|TAMS 0x00000007a5000000, 0x00000007a5000000| Complete 
|1321|0x00000007a5200000, 0x00000007a5400000, 0x00000007a5400000|100%| E|CS|TAMS 0x00000007a5200000, 0x00000007a5200000| Complete 
|1322|0x00000007a5400000, 0x00000007a5600000, 0x00000007a5600000|100%| E|CS|TAMS 0x00000007a5400000, 0x00000007a5400000| Complete 
|1323|0x00000007a5600000, 0x00000007a5800000, 0x00000007a5800000|100%| E|CS|TAMS 0x00000007a5600000, 0x00000007a5600000| Complete 
|1324|0x00000007a5800000, 0x00000007a5a00000, 0x00000007a5a00000|100%| E|CS|TAMS 0x00000007a5800000, 0x00000007a5800000| Complete 
|1325|0x00000007a5a00000, 0x00000007a5c00000, 0x00000007a5c00000|100%| E|CS|TAMS 0x00000007a5a00000, 0x00000007a5a00000| Complete 
|1326|0x00000007a5c00000, 0x00000007a5e00000, 0x00000007a5e00000|100%| E|CS|TAMS 0x00000007a5c00000, 0x00000007a5c00000| Complete 
|1340|0x00000007a7800000, 0x00000007a7a00000, 0x00000007a7a00000|100%| E|CS|TAMS 0x00000007a7800000, 0x00000007a7800000| Complete 
|1341|0x00000007a7a00000, 0x00000007a7c00000, 0x00000007a7c00000|100%| E|CS|TAMS 0x00000007a7a00000, 0x00000007a7a00000| Complete 
|1342|0x00000007a7c00000, 0x00000007a7e00000, 0x00000007a7e00000|100%| E|CS|TAMS 0x00000007a7c00000, 0x00000007a7c00000| Complete 
|1343|0x00000007a7e00000, 0x00000007a8000000, 0x00000007a8000000|100%| E|CS|TAMS 0x00000007a7e00000, 0x00000007a7e00000| Complete 
|1344|0x00000007a8000000, 0x00000007a8200000, 0x00000007a8200000|100%| E|CS|TAMS 0x00000007a8000000, 0x00000007a8000000| Complete 
|1345|0x00000007a8200000, 0x00000007a8400000, 0x00000007a8400000|100%| E|CS|TAMS 0x00000007a8200000, 0x00000007a8200000| Complete 
|1346|0x00000007a8400000, 0x00000007a8600000, 0x00000007a8600000|100%| E|CS|TAMS 0x00000007a8400000, 0x00000007a8400000| Complete 
|1347|0x00000007a8600000, 0x00000007a8800000, 0x00000007a8800000|100%| E|CS|TAMS 0x00000007a8600000, 0x00000007a8600000| Complete 
|1348|0x00000007a8800000, 0x00000007a8a00000, 0x00000007a8a00000|100%| E|CS|TAMS 0x00000007a8800000, 0x00000007a8800000| Complete 
|1349|0x00000007a8a00000, 0x00000007a8c00000, 0x00000007a8c00000|100%| E|  |TAMS 0x00000007a8a00000, 0x00000007a8a00000| Complete 

Card table byte_map: [0x000002dc41e70000,0x000002dc42670000] _byte_map_base: 0x000002dc3e670000

Marking Bits (Prev, Next): (CMBitMap*) 0x000002dc2aaf54d0, (CMBitMap*) 0x000002dc2aaf5490
 Prev Bits: [0x000002dc46e70000, 0x000002dc4ae70000)
 Next Bits: [0x000002dc42e70000, 0x000002dc46e70000)

Polling page: 0x000002dc28a40000

Metaspace:

Usage:
  Non-class:    300.01 MB used.
      Class:     43.54 MB used.
       Both:    343.55 MB used.

Virtual space:
  Non-class space:      320.00 MB reserved,     301.88 MB ( 94%) committed,  5 nodes.
      Class space:        1.00 GB reserved,      45.19 MB (  4%) committed,  1 nodes.
             Both:        1.31 GB reserved,     347.06 MB ( 26%) committed. 

Chunk freelists:
   Non-Class:  2.08 MB
       Class:  2.87 MB
        Both:  4.95 MB

MaxMetaspaceSize: unlimited
CompressedClassSpaceSize: 1.00 GB
Initial GC threshold: 21.00 MB
Current GC threshold: 513.88 MB
CDS: on
MetaspaceReclaimPolicy: balanced
 - commit_granule_bytes: 65536.
 - commit_granule_words: 8192.
 - virtual_space_node_default_size: 8388608.
 - enlarge_chunks_in_place: 1.
 - new_chunks_are_fully_committed: 0.
 - uncommit_free_chunks: 1.
 - use_allocation_guard: 0.
 - handle_deallocations: 1.


Internal statistics:

num_allocs_failed_limit: 15.
num_arena_births: 6572.
num_arena_deaths: 958.
num_vsnodes_births: 6.
num_vsnodes_deaths: 0.
num_space_committed: 5699.
num_space_uncommitted: 152.
num_chunks_returned_to_freelist: 2040.
num_chunks_taken_from_freelist: 24493.
num_chunk_merges: 598.
num_chunk_splits: 15080.
num_chunks_enlarged: 8766.
num_inconsistent_stats: 0.

CodeHeap 'non-profiled nmethods': size=120000Kb used=68906Kb max_used=68906Kb free=51093Kb
 bounds [0x000002dc39e10000, 0x000002dc3e160000, 0x000002dc41340000]
CodeHeap 'profiled nmethods': size=120000Kb used=97805Kb max_used=97805Kb free=22194Kb
 bounds [0x000002dc32340000, 0x000002dc382d0000, 0x000002dc39870000]
CodeHeap 'non-nmethods': size=5760Kb used=2852Kb max_used=2905Kb free=2907Kb
 bounds [0x000002dc39870000, 0x000002dc39b60000, 0x000002dc39e10000]
 total_blobs=54688 nmethods=53247 adapters=1348
 compilation: enabled
              stopped_count=0, restarted_count=0
 full_count=0

Compilation events (20 events):
Event: 7492.934 Thread 0x000002dcb4a5f620 nmethod 82284 0x000002dc3e0ecc90 code [0x000002dc3e0ed060, 0x000002dc3e0eff00]
Event: 7492.952 Thread 0x000002dc4d6bfaf0 82308       3       org.codehaus.groovy.control.ResolveVisitor$ConstructedClassWithPackage::<init> (42 bytes)
Event: 7492.953 Thread 0x000002dc4d6bfaf0 nmethod 82308 0x000002dc37f26610 code [0x000002dc37f26840, 0x000002dc37f26eb8]
Event: 7493.260 Thread 0x000002dc4d6bfaf0 82309       1       org.jetbrains.kotlin.metadata.jvm.JvmModuleProtoBuf$Module::getQualifiedNameTable (5 bytes)
Event: 7493.261 Thread 0x000002dc4d6bfaf0 nmethod 82309 0x000002dc3e0f1810 code [0x000002dc3e0f19a0, 0x000002dc3e0f1a78]
Event: 7493.261 Thread 0x000002dc4d6bf040 82310 %     4       org.codehaus.groovy.ast.ClassHelper::make @ 51 (93 bytes)
Event: 7493.297 Thread 0x000002dc4d6bf040 nmethod 82310% 0x000002dc3e0f1b10 code [0x000002dc3e0f1dc0, 0x000002dc3e0f3490]
Event: 7493.297 Thread 0x000002dc4d6bf040 82312       4       org.codehaus.groovy.ast.ASTNode::setSourcePosition (33 bytes)
Event: 7493.297 Thread 0x000002dc4d6bf040 nmethod 82312 0x000002dc3e0f3f90 code [0x000002dc3e0f4100, 0x000002dc3e0f41b8]
Event: 7493.297 Thread 0x000002dc4d6bf040 82311       4       org.codehaus.groovy.ast.ClassNode::isResolved (47 bytes)
Event: 7493.298 Thread 0x000002dc4d6bf040 nmethod 82311 0x000002dc3e0f4290 code [0x000002dc3e0f4400, 0x000002dc3e0f44b8]
Event: 7493.411 Thread 0x000002dc4d6bfaf0 82313       1       com.github.benmanes.caffeine.cache.BoundedLocalCache::expiresVariable (2 bytes)
Event: 7493.412 Thread 0x000002dc4d6bfaf0 nmethod 82313 0x000002dc3e0f4590 code [0x000002dc3e0f4720, 0x000002dc3e0f47f8]
Event: 7493.413 Thread 0x000002dc4d6bf040 82314       4       java.lang.invoke.MethodHandleImpl::countNonNull (42 bytes)
Event: 7493.415 Thread 0x000002dc4d6bf040 nmethod 82314 0x000002dc3e0f4890 code [0x000002dc3e0f4a00, 0x000002dc3e0f4b58]
Event: 7493.507 Thread 0x000002dc4d6bf040 82315       4       java.lang.invoke.MethodHandleImpl::makePairwiseConvertByEditor (627 bytes)
Event: 7493.731 Thread 0x000002dc4d6bfaf0 82317       1       com.github.benmanes.caffeine.cache.BoundedLocalCache::expiresAfterAccess (2 bytes)
Event: 7493.731 Thread 0x000002dc4d6bfaf0 nmethod 82317 0x000002dc3e0f4c10 code [0x000002dc3e0f4da0, 0x000002dc3e0f4e78]
Event: 7493.732 Thread 0x000002dc4d6bfaf0 82318       1       kotlin.sequences.TakeWhileSequence::access$getPredicate$p (5 bytes)
Event: 7493.732 Thread 0x000002dc4d6bfaf0 nmethod 82318 0x000002dc3e0f4f10 code [0x000002dc3e0f50a0, 0x000002dc3e0f5158]

GC Heap History (20 events):
Event: 7417.152 GC heap before
{Heap before GC invocations=250 (full 0):
 garbage-first heap   total 1748992K, used 591445K [0x0000000700000000, 0x0000000800000000)
  region size 2048K, 42 young (86016K), 20 survivors (40960K)
 Metaspace       used 253457K, committed 256640K, reserved 1310720K
  class space    used 32183K, committed 33664K, reserved 1048576K
}
Event: 7417.380 GC heap after
{Heap after GC invocations=251 (full 0):
 garbage-first heap   total 1748992K, used 544918K [0x0000000700000000, 0x0000000800000000)
  region size 2048K, 5 young (10240K), 5 survivors (10240K)
 Metaspace       used 253457K, committed 256640K, reserved 1310720K
  class space    used 32183K, committed 33664K, reserved 1048576K
}
Event: 7417.535 GC heap before
{Heap before GC invocations=251 (full 0):
 garbage-first heap   total 1748992K, used 618646K [0x0000000700000000, 0x0000000800000000)
  region size 2048K, 42 young (86016K), 5 survivors (10240K)
 Metaspace       used 253623K, committed 256832K, reserved 1310720K
  class space    used 32210K, committed 33728K, reserved 1048576K
}
Event: 7417.569 GC heap after
{Heap after GC invocations=252 (full 0):
 garbage-first heap   total 1748992K, used 549715K [0x0000000700000000, 0x0000000800000000)
  region size 2048K, 6 young (12288K), 6 survivors (12288K)
 Metaspace       used 253623K, committed 256832K, reserved 1310720K
  class space    used 32210K, committed 33728K, reserved 1048576K
}
Event: 7422.713 GC heap before
{Heap before GC invocations=252 (full 0):
 garbage-first heap   total 1748992K, used 881491K [0x0000000700000000, 0x0000000800000000)
  region size 2048K, 170 young (348160K), 6 survivors (12288K)
 Metaspace       used 263910K, committed 267200K, reserved 1310720K
  class space    used 33309K, committed 34816K, reserved 1048576K
}
Event: 7422.845 GC heap after
{Heap after GC invocations=253 (full 0):
 garbage-first heap   total 1748992K, used 590116K [0x0000000700000000, 0x0000000800000000)
  region size 2048K, 26 young (53248K), 26 survivors (53248K)
 Metaspace       used 263910K, committed 267200K, reserved 1310720K
  class space    used 33309K, committed 34816K, reserved 1048576K
}
Event: 7447.086 GC heap before
{Heap before GC invocations=254 (full 0):
 garbage-first heap   total 1748992K, used 1421604K [0x0000000700000000, 0x0000000800000000)
  region size 2048K, 432 young (884736K), 26 survivors (53248K)
 Metaspace       used 301993K, committed 305408K, reserved 1376256K
  class space    used 38470K, committed 40064K, reserved 1048576K
}
Event: 7447.564 GC heap after
{Heap after GC invocations=255 (full 0):
 garbage-first heap   total 1748992K, used 649483K [0x0000000700000000, 0x0000000800000000)
  region size 2048K, 54 young (110592K), 54 survivors (110592K)
 Metaspace       used 301993K, committed 305408K, reserved 1376256K
  class space    used 38470K, committed 40064K, reserved 1048576K
}
Event: 7447.624 GC heap before
{Heap before GC invocations=255 (full 0):
 garbage-first heap   total 1748992K, used 651531K [0x0000000700000000, 0x0000000800000000)
  region size 2048K, 55 young (112640K), 54 survivors (110592K)
 Metaspace       used 301997K, committed 305408K, reserved 1376256K
  class space    used 38471K, committed 40064K, reserved 1048576K
}
Event: 7448.486 GC heap after
{Heap after GC invocations=256 (full 0):
 garbage-first heap   total 1748992K, used 644225K [0x0000000700000000, 0x0000000800000000)
  region size 2048K, 4 young (8192K), 4 survivors (8192K)
 Metaspace       used 301997K, committed 305408K, reserved 1376256K
  class space    used 38471K, committed 40064K, reserved 1048576K
}
Event: 7451.686 GC heap before
{Heap before GC invocations=256 (full 0):
 garbage-first heap   total 1748992K, used 953473K [0x0000000700000000, 0x0000000800000000)
  region size 2048K, 155 young (317440K), 4 survivors (8192K)
 Metaspace       used 307135K, committed 310528K, reserved 1376256K
  class space    used 38938K, committed 40512K, reserved 1048576K
}
Event: 7451.753 GC heap after
{Heap after GC invocations=257 (full 0):
 garbage-first heap   total 1748992K, used 658188K [0x0000000700000000, 0x0000000800000000)
  region size 2048K, 11 young (22528K), 11 survivors (22528K)
 Metaspace       used 307135K, committed 310528K, reserved 1376256K
  class space    used 38938K, committed 40512K, reserved 1048576K
}
Event: 7455.715 GC heap before
{Heap before GC invocations=258 (full 0):
 garbage-first heap   total 1765376K, used 1205004K [0x0000000700000000, 0x0000000800000000)
  region size 2048K, 278 young (569344K), 11 survivors (22528K)
 Metaspace       used 309474K, committed 312832K, reserved 1376256K
  class space    used 39205K, committed 40768K, reserved 1048576K
}
Event: 7455.860 GC heap after
{Heap after GC invocations=259 (full 0):
 garbage-first heap   total 1765376K, used 682635K [0x0000000700000000, 0x0000000800000000)
  region size 2048K, 23 young (47104K), 23 survivors (47104K)
 Metaspace       used 309474K, committed 312832K, reserved 1376256K
  class space    used 39205K, committed 40768K, reserved 1048576K
}
Event: 7456.508 GC heap before
{Heap before GC invocations=259 (full 0):
 garbage-first heap   total 1765376K, used 723595K [0x0000000700000000, 0x0000000800000000)
  region size 2048K, 43 young (88064K), 23 survivors (47104K)
 Metaspace       used 309671K, committed 313024K, reserved 1376256K
  class space    used 39219K, committed 40768K, reserved 1048576K
}
Event: 7458.435 GC heap after
{Heap after GC invocations=260 (full 0):
 garbage-first heap   total 2738176K, used 682527K [0x0000000700000000, 0x0000000800000000)
  region size 2048K, 4 young (8192K), 4 survivors (8192K)
 Metaspace       used 309671K, committed 313024K, reserved 1376256K
  class space    used 39219K, committed 40768K, reserved 1048576K
}
Event: 7458.774 GC heap before
{Heap before GC invocations=260 (full 0):
 garbage-first heap   total 2738176K, used 809503K [0x0000000700000000, 0x0000000800000000)
  region size 2048K, 66 young (135168K), 4 survivors (8192K)
 Metaspace       used 310221K, committed 313600K, reserved 1376256K
  class space    used 39289K, committed 40832K, reserved 1048576K
}
Event: 7458.800 GC heap after
{Heap after GC invocations=261 (full 0):
 garbage-first heap   total 2738176K, used 687483K [0x0000000700000000, 0x0000000800000000)
  region size 2048K, 5 young (10240K), 5 survivors (10240K)
 Metaspace       used 310221K, committed 313600K, reserved 1376256K
  class space    used 39289K, committed 40832K, reserved 1048576K
}
Event: 7459.748 GC heap before
{Heap before GC invocations=261 (full 0):
 garbage-first heap   total 2738176K, used 781691K [0x0000000700000000, 0x0000000800000000)
  region size 2048K, 53 young (108544K), 5 survivors (10240K)
 Metaspace       used 311420K, committed 314816K, reserved 1376256K
  class space    used 39405K, committed 40960K, reserved 1048576K
}
Event: 7459.784 GC heap after
{Heap after GC invocations=262 (full 0):
 garbage-first heap   total 2738176K, used 696148K [0x0000000700000000, 0x0000000800000000)
  region size 2048K, 9 young (18432K), 9 survivors (18432K)
 Metaspace       used 311420K, committed 314816K, reserved 1376256K
  class space    used 39405K, committed 40960K, reserved 1048576K
}

Deoptimization events (20 events):
Event: 7492.285 Thread 0x000002dca2009100 DEOPT PACKING pc=0x000002dc3807a568 sp=0x000000fd9aaf3fa0
Event: 7492.285 Thread 0x000002dca2009100 DEOPT UNPACKING pc=0x000002dc398c66e3 sp=0x000000fd9aaf3440 mode 0
Event: 7492.634 Thread 0x000002dca4bae330 DEOPT PACKING pc=0x000002dc32aec1e4 sp=0x000000fd960fc530
Event: 7492.634 Thread 0x000002dca4bae330 DEOPT UNPACKING pc=0x000002dc398c66e3 sp=0x000000fd960fb9c0 mode 0
Event: 7492.645 Thread 0x000002dca4bae330 Uncommon trap: trap_request=0xffffffc6 fr.pc=0x000002dc3e009494 relative=0x00000000000000d4
Event: 7492.645 Thread 0x000002dca4bae330 Uncommon trap: reason=bimorphic_or_optimized_type_check action=maybe_recompile pc=0x000002dc3e009494 method=com.intellij.lang.impl.PsiBuilderAdapter.mark()Lcom/intellij/lang/PsiBuilder$Marker; @ 4 c2
Event: 7492.645 Thread 0x000002dca4bae330 DEOPT PACKING pc=0x000002dc3e009494 sp=0x000000fd960fbeb0
Event: 7492.645 Thread 0x000002dca4bae330 DEOPT UNPACKING pc=0x000002dc398c5ba3 sp=0x000000fd960fbe50 mode 2
Event: 7492.645 Thread 0x000002dca4bae330 Uncommon trap: trap_request=0xffffffc6 fr.pc=0x000002dc3e009494 relative=0x00000000000000d4
Event: 7492.645 Thread 0x000002dca4bae330 Uncommon trap: reason=bimorphic_or_optimized_type_check action=maybe_recompile pc=0x000002dc3e009494 method=com.intellij.lang.impl.PsiBuilderAdapter.mark()Lcom/intellij/lang/PsiBuilder$Marker; @ 4 c2
Event: 7492.645 Thread 0x000002dca4bae330 DEOPT PACKING pc=0x000002dc3e009494 sp=0x000000fd960fbdb0
Event: 7492.645 Thread 0x000002dca4bae330 DEOPT UNPACKING pc=0x000002dc398c5ba3 sp=0x000000fd960fbd50 mode 2
Event: 7492.645 Thread 0x000002dca4bae330 Uncommon trap: trap_request=0xffffffc6 fr.pc=0x000002dc3e009494 relative=0x00000000000000d4
Event: 7492.645 Thread 0x000002dca4bae330 Uncommon trap: reason=bimorphic_or_optimized_type_check action=maybe_recompile pc=0x000002dc3e009494 method=com.intellij.lang.impl.PsiBuilderAdapter.mark()Lcom/intellij/lang/PsiBuilder$Marker; @ 4 c2
Event: 7492.645 Thread 0x000002dca4bae330 DEOPT PACKING pc=0x000002dc3e009494 sp=0x000000fd960fbeb0
Event: 7492.645 Thread 0x000002dca4bae330 DEOPT UNPACKING pc=0x000002dc398c5ba3 sp=0x000000fd960fbe50 mode 2
Event: 7492.645 Thread 0x000002dca4bae330 Uncommon trap: trap_request=0xffffffc6 fr.pc=0x000002dc3e009494 relative=0x00000000000000d4
Event: 7492.645 Thread 0x000002dca4bae330 Uncommon trap: reason=bimorphic_or_optimized_type_check action=maybe_recompile pc=0x000002dc3e009494 method=com.intellij.lang.impl.PsiBuilderAdapter.mark()Lcom/intellij/lang/PsiBuilder$Marker; @ 4 c2
Event: 7492.645 Thread 0x000002dca4bae330 DEOPT PACKING pc=0x000002dc3e009494 sp=0x000000fd960fbc90
Event: 7492.645 Thread 0x000002dca4bae330 DEOPT UNPACKING pc=0x000002dc398c5ba3 sp=0x000000fd960fbc30 mode 2

Classes unloaded (20 events):
Event: 7461.200 Thread 0x000002dc4d6a0ec0 Unloading class 0x000002dc511aa690 'androidx/appcompat/widget/TextViewCompoundDrawablesXmlDetector$Companion'
Event: 7461.200 Thread 0x000002dc4d6a0ec0 Unloading class 0x000002dc511aa200 'androidx/appcompat/widget/TextViewCompoundDrawablesXmlDetector'
Event: 7461.200 Thread 0x000002dc4d6a0ec0 Unloading class 0x000002dc511aa000 'androidx/appcompat/widget/TextViewCompoundDrawablesApiDetector$Companion'
Event: 7461.200 Thread 0x000002dc4d6a0ec0 Unloading class 0x000002dc511a1958 'androidx/appcompat/widget/TextViewCompoundDrawablesApiDetector'
Event: 7461.200 Thread 0x000002dc4d6a0ec0 Unloading class 0x000002dc511a1758 'androidx/appcompat/widget/SwitchUsageXmlDetector$Companion'
Event: 7461.200 Thread 0x000002dc4d6a0ec0 Unloading class 0x000002dc511a12c8 'androidx/appcompat/widget/SwitchUsageXmlDetector'
Event: 7461.200 Thread 0x000002dc4d6a0ec0 Unloading class 0x000002dc511a10c8 'androidx/appcompat/widget/SwitchUsageCodeDetector$Companion'
Event: 7461.200 Thread 0x000002dc4d6a0ec0 Unloading class 0x000002dc511a0ba8 'androidx/appcompat/widget/SwitchUsageCodeDetector'
Event: 7461.200 Thread 0x000002dc4d6a0ec0 Unloading class 0x000002dc511a09a8 'androidx/appcompat/res/ImageViewTintDetector$Companion'
Event: 7461.200 Thread 0x000002dc4d6a0ec0 Unloading class 0x000002dc511a0518 'androidx/appcompat/res/ImageViewTintDetector'
Event: 7461.200 Thread 0x000002dc4d6a0ec0 Unloading class 0x000002dc5119cda8 'androidx/appcompat/res/DrawableLoadingDetector$Companion'
Event: 7461.200 Thread 0x000002dc4d6a0ec0 Unloading class 0x000002dc511a0000 'androidx/appcompat/res/DrawableLoadingDetector'
Event: 7461.200 Thread 0x000002dc4d6a0ec0 Unloading class 0x000002dc5119cba8 'androidx/appcompat/res/ColorStateListLoadingDetector$Companion'
Event: 7461.200 Thread 0x000002dc4d6a0ec0 Unloading class 0x000002dc5119c690 'androidx/appcompat/res/ColorStateListLoadingDetector'
Event: 7461.200 Thread 0x000002dc4d6a0ec0 Unloading class 0x000002dc5119c490 'androidx/appcompat/res/ColorStateListAlphaDetector$Companion'
Event: 7461.200 Thread 0x000002dc4d6a0ec0 Unloading class 0x000002dc5119c000 'androidx/appcompat/res/ColorStateListAlphaDetector'
Event: 7461.200 Thread 0x000002dc4d6a0ec0 Unloading class 0x000002dc5119ad18 'androidx/appcompat/app/SetActionBarDetector$Companion'
Event: 7461.200 Thread 0x000002dc4d6a0ec0 Unloading class 0x000002dc5119a800 'androidx/appcompat/app/SetActionBarDetector'
Event: 7461.201 Thread 0x000002dc4d6a0ec0 Unloading class 0x000002dc51199a60 'androidx/appcompat/BaseMethodDeprecationDetector'
Event: 7461.201 Thread 0x000002dc4d6a0ec0 Unloading class 0x000002dc51199800 'androidx/appcompat/AppCompatIssueRegistry'

Classes redefined (0 events):
No events

Internal exceptions (20 events):
Event: 7483.631 Thread 0x000002dcac641060 Exception <a 'sun/nio/fs/WindowsException'{0x0000000765940588}> (0x0000000765940588) 
thrown [s\open\src\hotspot\share\prims\jni.cpp, line 516]
Event: 7483.751 Thread 0x000002dcac641060 Exception <a 'sun/nio/fs/WindowsException'{0x0000000765944a88}> (0x0000000765944a88) 
thrown [s\open\src\hotspot\share\prims\jni.cpp, line 516]
Event: 7484.098 Thread 0x000002dcac641060 Exception <a 'sun/nio/fs/WindowsException'{0x00000007644a32d0}> (0x00000007644a32d0) 
thrown [s\open\src\hotspot\share\prims\jni.cpp, line 516]
Event: 7484.099 Thread 0x000002dcac641060 Exception <a 'sun/nio/fs/WindowsException'{0x00000007644a3d98}> (0x00000007644a3d98) 
thrown [s\open\src\hotspot\share\prims\jni.cpp, line 516]
Event: 7484.099 Thread 0x000002dcac641060 Exception <a 'sun/nio/fs/WindowsException'{0x00000007644a4040}> (0x00000007644a4040) 
thrown [s\open\src\hotspot\share\prims\jni.cpp, line 516]
Event: 7484.099 Thread 0x000002dcac641060 Exception <a 'sun/nio/fs/WindowsException'{0x00000007644a5318}> (0x00000007644a5318) 
thrown [s\open\src\hotspot\share\prims\jni.cpp, line 516]
Event: 7484.107 Thread 0x000002dcac641060 Exception <a 'sun/nio/fs/WindowsException'{0x00000007644dacb8}> (0x00000007644dacb8) 
thrown [s\open\src\hotspot\share\prims\jni.cpp, line 516]
Event: 7484.115 Thread 0x000002dcac641060 Exception <a 'sun/nio/fs/WindowsException'{0x00000007644e7b08}> (0x00000007644e7b08) 
thrown [s\open\src\hotspot\share\prims\jni.cpp, line 516]
Event: 7485.397 Thread 0x000002dcac641060 Exception <a 'sun/nio/fs/WindowsException'{0x0000000763c3c880}> (0x0000000763c3c880) 
thrown [s\open\src\hotspot\share\prims\jni.cpp, line 516]
Event: 7485.397 Thread 0x000002dcac641060 Exception <a 'sun/nio/fs/WindowsException'{0x0000000763c3d360}> (0x0000000763c3d360) 
thrown [s\open\src\hotspot\share\prims\jni.cpp, line 516]
Event: 7485.397 Thread 0x000002dcac641060 Exception <a 'sun/nio/fs/WindowsException'{0x0000000763c3d630}> (0x0000000763c3d630) 
thrown [s\open\src\hotspot\share\prims\jni.cpp, line 516]
Event: 7485.397 Thread 0x000002dcac641060 Exception <a 'sun/nio/fs/WindowsException'{0x0000000763c3e920}> (0x0000000763c3e920) 
thrown [s\open\src\hotspot\share\prims\jni.cpp, line 516]
Event: 7485.397 Thread 0x000002dcac641060 Exception <a 'sun/nio/fs/WindowsException'{0x0000000763c3ebd8}> (0x0000000763c3ebd8) 
thrown [s\open\src\hotspot\share\prims\jni.cpp, line 516]
Event: 7485.398 Thread 0x000002dcac641060 Exception <a 'sun/nio/fs/WindowsException'{0x0000000763c3fec0}> (0x0000000763c3fec0) 
thrown [s\open\src\hotspot\share\prims\jni.cpp, line 516]
Event: 7485.398 Thread 0x000002dcac641060 Exception <a 'sun/nio/fs/WindowsException'{0x0000000763c40160}> (0x0000000763c40160) 
thrown [s\open\src\hotspot\share\prims\jni.cpp, line 516]
Event: 7485.398 Thread 0x000002dcac641060 Exception <a 'sun/nio/fs/WindowsException'{0x0000000763c41438}> (0x0000000763c41438) 
thrown [s\open\src\hotspot\share\prims\jni.cpp, line 516]
Event: 7489.475 Thread 0x000002dca2009100 Exception <a 'java/lang/NoSuchMethodError'{0x00000007618bb298}: 'java.lang.Object java.lang.invoke.DirectMethodHandle$Holder.invokeStatic(java.lang.Object, java.lang.Object, java.lang.Object, int, java.lang.Object, java.lang.Object)'> (0x00000007618bb298) 
thrown [s\open\src\hotspot\share\interpreter\linkResolver.cpp, line 759]
Event: 7491.363 Thread 0x000002dca2fb9bd0 Implicit null exception at 0x000002dc3e0b7070 to 0x000002dc3e0b7a6c
Event: 7491.799 Thread 0x000002dca2009100 Exception <a 'java/lang/IncompatibleClassChangeError'{0x000000075c6fa918}: Found class java.lang.Object, but interface was expected> (0x000000075c6fa918) 
thrown [s\open\src\hotspot\share\interpreter\linkResolver.cpp, line 826]
Event: 7492.742 Thread 0x000002dca2009100 Exception <a 'java/lang/NoSuchMethodError'{0x00000007580de5b0}: 'int java.lang.invoke.DirectMethodHandle$Holder.invokeStatic(java.lang.Object, java.lang.Object, java.lang.Object, java.lang.Object, java.lang.Object, int, java.lang.Object)'> (0x00000007580de5b0) 
thrown [s\open\src\hotspot\share\interpreter\linkResolver.cpp, line 759]

VM Operations (20 events):
Event: 7488.943 Executing VM operation: HandshakeAllThreads
Event: 7489.348 Executing VM operation: HandshakeAllThreads done
Event: 7489.348 Executing VM operation: Cleanup
Event: 7489.460 Executing VM operation: Cleanup done
Event: 7489.911 Executing VM operation: HandshakeAllThreads
Event: 7489.948 Executing VM operation: HandshakeAllThreads done
Event: 7490.175 Executing VM operation: ICBufferFull
Event: 7490.176 Executing VM operation: ICBufferFull done
Event: 7491.183 Executing VM operation: Cleanup
Event: 7491.279 Executing VM operation: Cleanup done
Event: 7492.164 Executing VM operation: ICBufferFull
Event: 7492.164 Executing VM operation: ICBufferFull done
Event: 7492.817 Executing VM operation: HandshakeAllThreads
Event: 7492.818 Executing VM operation: HandshakeAllThreads done
Event: 7493.408 Executing VM operation: HandshakeAllThreads
Event: 7493.409 Executing VM operation: HandshakeAllThreads done
Event: 7493.409 Executing VM operation: Cleanup
Event: 7493.409 Executing VM operation: Cleanup done
Event: 7493.650 Executing VM operation: HandshakeAllThreads
Event: 7493.650 Executing VM operation: HandshakeAllThreads done

Events (20 events):
Event: 7493.228 loading class java/io/JavaVersion done
Event: 7493.228 loading class java/net/JavaVersion
Event: 7493.228 loading class java/net/JavaVersion done
Event: 7493.260 Thread 0x000002dcb4a5f620 Thread exited: 0x000002dcb4a5f620
Event: 7493.263 loading class java/lang/JavaVersion$VERSION_11
Event: 7493.263 loading class java/lang/JavaVersion$VERSION_11 done
Event: 7493.263 loading class java/util/JavaVersion$VERSION_11
Event: 7493.263 loading class java/util/JavaVersion$VERSION_11 done
Event: 7493.264 loading class java/io/JavaVersion$VERSION_11
Event: 7493.264 loading class java/io/JavaVersion$VERSION_11 done
Event: 7493.264 loading class java/net/JavaVersion$VERSION_11
Event: 7493.264 loading class java/net/JavaVersion$VERSION_11 done
Event: 7493.293 loading class java/lang/ReactNative
Event: 7493.293 loading class java/lang/ReactNative done
Event: 7493.293 loading class java/util/ReactNative
Event: 7493.293 loading class java/util/ReactNative done
Event: 7493.293 loading class java/io/ReactNative
Event: 7493.293 loading class java/io/ReactNative done
Event: 7493.293 loading class java/net/ReactNative
Event: 7493.293 loading class java/net/ReactNative done


Dynamic libraries:
0x00007ff687890000 - 0x00007ff6878a0000 	C:\Program Files\Java\jdk-17\bin\java.exe
0x00007ffaf99e0000 - 0x00007ffaf9c47000 	C:\WINDOWS\SYSTEM32\ntdll.dll
0x00007ffaf90e0000 - 0x00007ffaf91ab000 	C:\WINDOWS\System32\KERNEL32.DLL
0x00007ffaf6f90000 - 0x00007ffaf7391000 	C:\WINDOWS\System32\KERNELBASE.dll
0x00007ffaf6e30000 - 0x00007ffaf6f7c000 	C:\WINDOWS\System32\ucrtbase.dll
0x00007ffa81ab0000 - 0x00007ffa81acb000 	C:\Program Files\Java\jdk-17\bin\VCRUNTIME140.dll
0x00007ffa81ad0000 - 0x00007ffa81ae9000 	C:\Program Files\Java\jdk-17\bin\jli.dll
0x00007ffaf7700000 - 0x00007ffaf77bb000 	C:\WINDOWS\System32\ADVAPI32.dll
0x00007ffaf9550000 - 0x00007ffaf95f9000 	C:\WINDOWS\System32\msvcrt.dll
0x00007ffaf8ad0000 - 0x00007ffaf8b78000 	C:\WINDOWS\System32\sechost.dll
0x00007ffaf89b0000 - 0x00007ffaf8ac8000 	C:\WINDOWS\System32\RPCRT4.dll
0x00007ffaf8030000 - 0x00007ffaf8207000 	C:\WINDOWS\System32\USER32.dll
0x00007ffaf6e00000 - 0x00007ffaf6e27000 	C:\WINDOWS\System32\win32u.dll
0x00007ffadb130000 - 0x00007ffadb3c0000 	C:\WINDOWS\WinSxS\amd64_microsoft.windows.common-controls_6595b64144ccf1df_6.0.26100.9549_none_3e0a0396e3330090\COMCTL32.dll
0x00007ffaf9340000 - 0x00007ffaf936b000 	C:\WINDOWS\System32\GDI32.dll
0x00007ffaf75d0000 - 0x00007ffaf76f8000 	C:\WINDOWS\System32\gdi32full.dll
0x00007ffaf7460000 - 0x00007ffaf7503000 	C:\WINDOWS\System32\msvcp_win.dll
0x00007ffaf4380000 - 0x00007ffaf438b000 	C:\WINDOWS\SYSTEM32\VERSION.dll
0x00007ffaf9200000 - 0x00007ffaf9231000 	C:\WINDOWS\System32\IMM32.DLL
0x00007ffac4f20000 - 0x00007ffac4f2c000 	C:\Program Files\Java\jdk-17\bin\vcruntime140_1.dll
0x00007ffa81a20000 - 0x00007ffa81aae000 	C:\Program Files\Java\jdk-17\bin\msvcp140.dll
0x00007ffa40d50000 - 0x00007ffa41930000 	C:\Program Files\Java\jdk-17\bin\server\jvm.dll
0x00007ffaf97e0000 - 0x00007ffaf97e8000 	C:\WINDOWS\System32\PSAPI.DLL
0x00007ffa81a10000 - 0x00007ffa81a1a000 	C:\WINDOWS\SYSTEM32\WSOCK32.dll
0x00007ffaed380000 - 0x00007ffaed3b7000 	C:\WINDOWS\SYSTEM32\WINMM.dll
0x00007ffaf94c0000 - 0x00007ffaf9541000 	C:\WINDOWS\System32\WS2_32.dll
0x00007ffaf5880000 - 0x00007ffaf589b000 	C:\WINDOWS\SYSTEM32\kernel.appcore.dll
0x00007ffa81a00000 - 0x00007ffa81a0a000 	C:\Program Files\Java\jdk-17\bin\jimage.dll
0x00007ffaf31c0000 - 0x00007ffaf340c000 	C:\WINDOWS\SYSTEM32\DBGHELP.DLL
0x00007ffaf8d50000 - 0x00007ffaf90da000 	C:\WINDOWS\System32\combase.dll
0x00007ffaf9370000 - 0x00007ffaf9449000 	C:\WINDOWS\System32\OLEAUT32.dll
0x00007ffacc0a0000 - 0x00007ffacc0db000 	C:\WINDOWS\SYSTEM32\dbgcore.DLL
0x00007ffaf7510000 - 0x00007ffaf75bc000 	C:\WINDOWS\System32\bcryptPrimitives.dll
0x00007ffa40b30000 - 0x00007ffa40b3e000 	C:\Program Files\Java\jdk-17\bin\instrument.dll
0x00007ffa819d0000 - 0x00007ffa819f5000 	C:\Program Files\Java\jdk-17\bin\java.dll
0x00007ffa40c70000 - 0x00007ffa40d47000 	C:\Program Files\Java\jdk-17\bin\jsvml.dll
0x00007ffaf77c0000 - 0x00007ffaf7f5c000 	C:\WINDOWS\System32\SHELL32.dll
0x00007ffaf4640000 - 0x00007ffaf4eed000 	C:\WINDOWS\SYSTEM32\windows.storage.dll
0x00007ffaf9240000 - 0x00007ffaf9339000 	C:\WINDOWS\System32\SHCORE.dll
0x00007ffaf9450000 - 0x00007ffaf94b6000 	C:\WINDOWS\System32\shlwapi.dll
0x00007ffaf6af0000 - 0x00007ffaf6b19000 	C:\WINDOWS\SYSTEM32\profapi.dll
0x00007ffa47360000 - 0x00007ffa47378000 	C:\Program Files\Java\jdk-17\bin\zip.dll
0x00007ffa47eb0000 - 0x00007ffa47ec9000 	C:\Program Files\Java\jdk-17\bin\net.dll
0x00007ffaefee0000 - 0x00007ffaf000a000 	C:\WINDOWS\SYSTEM32\WINHTTP.dll
0x00007ffaf5e40000 - 0x00007ffaf5eac000 	C:\WINDOWS\system32\mswsock.dll
0x00007ffa47e90000 - 0x00007ffa47ea6000 	C:\Program Files\Java\jdk-17\bin\nio.dll
0x00007ffa47e80000 - 0x00007ffa47e90000 	C:\Program Files\Java\jdk-17\bin\verify.dll
0x00007ffa40c40000 - 0x00007ffa40c67000 	C:\Users\GRIEESH\.gradle\native\c067742578af261105cb4f569cf0c3c89f3d7b1fecec35dd04571415982c5e48\windows-amd64\native-platform.dll
0x00007ffa409e0000 - 0x00007ffa40b24000 	C:\Users\GRIEESH\.gradle\native\100fb08df4bc3b14c8652ba06237920a3bd2aa13389f12d3474272988ae205f9\windows-amd64\native-platform-file-events.dll
0x00007ffa40b50000 - 0x00007ffa40b5a000 	C:\Program Files\Java\jdk-17\bin\management.dll
0x00007ffa40b40000 - 0x00007ffa40b4b000 	C:\Program Files\Java\jdk-17\bin\management_ext.dll
0x00007ffaf6130000 - 0x00007ffaf614b000 	C:\WINDOWS\SYSTEM32\CRYPTSP.dll
0x00007ffaf57e0000 - 0x00007ffaf5819000 	C:\WINDOWS\system32\rsaenh.dll
0x00007ffaf5ef0000 - 0x00007ffaf5f24000 	C:\WINDOWS\SYSTEM32\USERENV.dll
0x00007ffaf6ac0000 - 0x00007ffaf6aea000 	C:\WINDOWS\SYSTEM32\bcrypt.dll
0x00007ffaf6150000 - 0x00007ffaf615c000 	C:\WINDOWS\SYSTEM32\CRYPTBASE.dll
0x00007ffaf53a0000 - 0x00007ffaf53d3000 	C:\WINDOWS\SYSTEM32\IPHLPAPI.DLL
0x00007ffaf7f70000 - 0x00007ffaf7f7a000 	C:\WINDOWS\System32\NSI.dll
0x00007ffaf0f00000 - 0x00007ffaf0f1e000 	C:\WINDOWS\SYSTEM32\dhcpcsvc6.DLL
0x00007ffaf0ed0000 - 0x00007ffaf0ef5000 	C:\WINDOWS\SYSTEM32\dhcpcsvc.DLL
0x00007ffaf53e0000 - 0x00007ffaf5538000 	C:\WINDOWS\SYSTEM32\DNSAPI.dll
0x00007ffaf5c20000 - 0x00007ffaf5c2d000 	C:\WINDOWS\SYSTEM32\DSPARSE.dll
0x00007ffa837b0000 - 0x00007ffa837be000 	C:\Program Files\Java\jdk-17\bin\sunmscapi.dll
0x00007ffaf6be0000 - 0x00007ffaf6d5f000 	C:\WINDOWS\System32\CRYPT32.dll
0x00007ffaf6390000 - 0x00007ffaf63c0000 	C:\WINDOWS\SYSTEM32\ncrypt.dll
0x00007ffaf6340000 - 0x00007ffaf637f000 	C:\WINDOWS\SYSTEM32\NTASN1.dll
0x00007ffadb440000 - 0x00007ffadb448000 	C:\WINDOWS\system32\wshunix.dll
0x00007ffa84ac0000 - 0x00007ffa84ad8000 	C:\WINDOWS\system32\napinsp.dll
0x00007ffa84ae0000 - 0x00007ffa84af3000 	C:\WINDOWS\System32\winrnr.dll
0x00007ffa84b00000 - 0x00007ffa84b27000 	C:\WINDOWS\system32\nlansp_c.dll
0x00007ffabb1d0000 - 0x00007ffabb1e6000 	C:\WINDOWS\system32\wshbth.dll
0x00007ffaecde0000 - 0x00007ffaecdeb000 	C:\Windows\System32\rasadhlp.dll
0x00007ffaf1240000 - 0x00007ffaf12c6000 	C:\WINDOWS\System32\fwpuclnt.dll
0x00007ffaf59b0000 - 0x00007ffaf59e6000 	C:\WINDOWS\SYSTEM32\ntmarta.dll
0x00007ffaf3530000 - 0x00007ffaf35cf000 	C:\WINDOWS\system32\apphelp.dll
0x00007ffaf35e0000 - 0x00007ffaf35e7000 	C:\Program Files\Java\jdk-17\bin\rmi.dll
0x00007ffa0dc40000 - 0x00007ffa0ddd1000 	C:\Program Files\Java\jdk-17\bin\awt.dll
0x00007ffaf3890000 - 0x00007ffaf3937000 	C:\WINDOWS\system32\uxtheme.dll
0x00007ffaf8be0000 - 0x00007ffaf8d3c000 	C:\WINDOWS\System32\MSCTF.dll
0x00007ffaf9800000 - 0x00007ffaf999a000 	C:\WINDOWS\System32\ole32.dll

dbghelp: loaded successfully - version: 4.0.5 - missing functions: none
symbol engine: initialized successfully - sym options: 0x614 - pdb path: .;C:\Program Files\Java\jdk-17\bin;C:\WINDOWS\SYSTEM32;C:\WINDOWS\WinSxS\amd64_microsoft.windows.common-controls_6595b64144ccf1df_6.0.26100.9549_none_3e0a0396e3330090;C:\Program Files\Java\jdk-17\bin\server;C:\Users\GRIEESH\.gradle\native\c067742578af261105cb4f569cf0c3c89f3d7b1fecec35dd04571415982c5e48\windows-amd64;C:\Users\GRIEESH\.gradle\native\100fb08df4bc3b14c8652ba06237920a3bd2aa13389f12d3474272988ae205f9\windows-amd64

VM Arguments:
jvm_args: --add-opens=java.base/java.util=ALL-UNNAMED --add-opens=java.base/java.lang=ALL-UNNAMED --add-opens=java.base/java.lang.invoke=ALL-UNNAMED --add-opens=java.prefs/java.util.prefs=ALL-UNNAMED --add-exports=jdk.compiler/com.sun.tools.javac.api=ALL-UNNAMED --add-exports=jdk.compiler/com.sun.tools.javac.util=ALL-UNNAMED --add-opens=java.base/java.nio.charset=ALL-UNNAMED --add-opens=java.base/java.net=ALL-UNNAMED --add-opens=java.base/java.util.concurrent.atomic=ALL-UNNAMED -Xmx4096m -Dfile.encoding=UTF-8 -Duser.country=IN -Duser.language=en -Duser.variant -javaagent:C:\Users\GRIEESH\.gradle\wrapper\dists\gradle-8.10.2-all\7iv73wktx1xtkvlq19urqw1wm\gradle-8.10.2\lib\agents\gradle-instrumentation-agent-8.10.2.jar 
java_command: org.gradle.launcher.daemon.bootstrap.GradleDaemon 8.10.2
java_class_path (initial): C:\Users\GRIEESH\.gradle\wrapper\dists\gradle-8.10.2-all\7iv73wktx1xtkvlq19urqw1wm\gradle-8.10.2\lib\gradle-daemon-main-8.10.2.jar
Launcher Type: SUN_STANDARD

[Global flags]
     intx CICompilerCount                          = 4                                         {product} {ergonomic}
     uint ConcGCThreads                            = 2                                         {product} {ergonomic}
     uint G1ConcRefinementThreads                  = 8                                         {product} {ergonomic}
   size_t G1HeapRegionSize                         = 2097152                                   {product} {ergonomic}
    uintx GCDrainStackTargetSize                   = 64                                        {product} {ergonomic}
   size_t InitialHeapSize                          = 130023424                                 {product} {ergonomic}
   size_t MarkStackSize                            = 4194304                                   {product} {ergonomic}
   size_t MaxHeapSize                              = 4294967296                                {product} {command line}
   size_t MaxNewSize                               = 2575302656                                {product} {ergonomic}
   size_t MinHeapDeltaBytes                        = 2097152                                   {product} {ergonomic}
   size_t MinHeapSize                              = 8388608                                   {product} {ergonomic}
    uintx NonNMethodCodeHeapSize                   = 5839372                                {pd product} {ergonomic}
    uintx NonProfiledCodeHeapSize                  = 122909434                              {pd product} {ergonomic}
    uintx ProfiledCodeHeapSize                     = 122909434                              {pd product} {ergonomic}
    uintx ReservedCodeCacheSize                    = 251658240                              {pd product} {ergonomic}
     bool SegmentedCodeCache                       = true                                      {product} {ergonomic}
   size_t SoftMaxHeapSize                          = 4294967296                             {manageable} {ergonomic}
     bool UseCompressedClassPointers               = true                           {product lp64_product} {ergonomic}
     bool UseCompressedOops                        = true                           {product lp64_product} {ergonomic}
     bool UseG1GC                                  = true                                      {product} {ergonomic}
     bool UseLargePagesIndividualAllocation        = false                                  {pd product} {ergonomic}

Logging:
Log output configuration:
 #0: stdout all=warning uptime,level,tags
 #1: stderr all=off uptime,level,tags

Environment Variables:
JAVA_HOME=C:\Program Files\Java\jdk-17
CLASSPATH=D:\React_native\mv_food_app\android\\gradle\wrapper\gradle-wrapper.jar
PATH=D:\React_native\mv_food_app\node_modules\.bin;D:\React_native\mv_food_app\node_modules\.bin;D:\React_native\node_modules\.bin;D:\node_modules\.bin;C:\Program Files\nodejs\node_modules\npm\node_modules\@npmcli\run-script\lib\node-gyp-bin;c:\Users\GRIEESH\AppData\Roaming\Code\User\globalStorage\github.copilot-chat\debugCommand;c:\Users\GRIEESH\AppData\Roaming\Code\User\globalStorage\github.copilot-chat\copilotCli;C:\Program Files\Java\jdk-17;C:\Program Files\Common Files\Oracle\Java\javapath;C:\WINDOWS\system32;C:\WINDOWS;C:\WINDOWS\System32\Wbem;C:\WINDOWS\System32\WindowsPowerShell\v1.0\;C:\WINDOWS\System32\OpenSSH\;C:\Program Files\Java\jdk1.8.0_301\bin;C:\Program Files\nodejs\;D:\Android\sdk\platform-tools;C:\Program Files\Git\cmd;C:\Users\GRIEESH\AppData\Local\Programs\Python\Python37-32\Scripts\;C:\Users\GRIEESH\AppData\Local\Programs\Python\Python37-32\;C:\Users\GRIEESH\AppData\Local\Microsoft\WindowsApps;C:\Users\GRIEESH\AppData\Local\Programs\Microsoft VS Code\bin;C:\Users\GRIEESH\AppData\Roaming\npm;D:\Android\sdk\platform-tools;C:\Users\GRIEESH\AppData\Local\GitHubDesktop\bin;D:\Kiro\bin;D:\cursor\resources\app\bin
USERNAME=GRIEESH
LANG=en_US.UTF-8
OS=Windows_NT
PROCESSOR_IDENTIFIER=Intel64 Family 6 Model 140 Stepping 2, GenuineIntel



---------------  S Y S T E M  ---------------

OS:
 Windows 11 , 64 bit Build 26100 (10.0.26100.9549)
OS uptime: 0 days 2:06 hours

CPU: total 8 (initial active 8) (4 cores per cpu, 2 threads per core) family 6 model 140 stepping 2 microcode 0x34, cx8, cmov, fxsr, ht, mmx, 3dnowpref, sse, sse2, sse3, ssse3, sse4.1, sse4.2, popcnt, lzcnt, tsc, tscinvbit, avx, avx2, aes, erms, clmul, bmi1, bmi2, adx, avx512f, avx512dq, avx512cd, avx512bw, avx512vl, sha, fma, vzeroupper, avx512_vpopcntdq, avx512_vpclmulqdq, avx512_vaes, avx512_vnni, clflush, clflushopt, clwb, avx512_vbmi2, avx512_vbmi

Memory: 4k page, system-wide physical 7834M (488M free)
TotalPageFile size 22152M (AvailPageFile size 44M)
current process WorkingSet (physical memory assigned to process): 729M, peak: 1931M
current process commit charge ("private bytes"): 3494M, peak: 3640M

vm_info: Java HotSpot(TM) 64-Bit Server VM (17.0.12+8-LTS-286) for windows-amd64 JRE (17.0.12+8-LTS-286), built on Jun  5 2024 06:46:59 by "mach5one" with MS VC++ 17.6 (VS2022)

END.
